water_year,month,cal_year,cal_month,mean_flow_cfs,volume_kcfs_days
1928,Jul,1928,7,275021.0,8525.651
1928,Aug,1928,8,131011.0,4061.341
1928,Sep,1928,9,80378.0,2411.34
1929,Oct,1928,10,75075.0,2327.325
1929,Nov,1928,11,70854.0,2125.62
1929,Dec,1928,12,58489.0,1813.159
1929,Jan,1929,1,51699.0,1602.669
1929,Feb,1929,2,54100.0,1514.8
1929,Mar,1929,3,85228.0,2642.068
1929,Apr,1929,4,98673.0,2960.19
1929,May,1929,5,272133.0,8436.123
1929,Jun,1929,6,380051.0,11401.53
1929,Jul,1929,7,175207.0,5431.417
1929,Aug,1929,8,112114.0,3475.534
1929,Sep,1929,9,70998.0,2129.94
1930,Oct,1929,10,54882.0,1701.342
1930,Nov,1929,11,50320.0,1509.6
1930,Dec,1929,12,57567.0,1784.577
1930,Jan,1930,1,38914.0,1206.334
1930,Feb,1930,2,87348.0,2445.744
1930,Mar,1930,3,74378.0,2305.718
1930,Apr,1930,4,188787.0,5663.61
1930,May,1930,5,255212.0,7911.572
1930,Jun,1930,6,305697.0,9170.91
1930,Jul,1930,7,197653.0,6127.243
1930,Aug,1930,8,122237.0,3789.347
1930,Sep,1930,9,78792.0,2363.76
1931,Oct,1930,10,62106.0,1925.286
1931,Nov,1930,11,58421.0,1752.63
1931,Dec,1930,12,50814.0,1575.234
1931,Jan,1931,1,51674.0,1601.894
1931,Feb,1931,2,58324.0,1633.072
1931,Mar,1931,3,81113.0,2514.503
1931,Apr,1931,4,135850.0,4075.5
1931,May,1931,5,292376.0,9063.656
1931,Jun,1931,6,269197.0,8075.91
1931,Jul,1931,7,159475.0,4943.725
1931,Aug,1931,8,100456.0,3114.136
1931,Sep,1931,9,78545.0,2356.35
1932,Oct,1931,10,58575.0,1815.825
1932,Nov,1931,11,64194.0,1925.82
1932,Dec,1931,12,55384.0,1716.904
1932,Jan,1932,1,58736.0,1820.816
1932,Feb,1932,2,58839.0,1706.331
1932,Mar,1932,3,171601.0,5319.631
1932,Apr,1932,4,260603.0,7818.09
1932,May,1932,5,487061.0,15098.891
1932,Jun,1932,6,478715.0,14361.45
1932,Jul,1932,7,242490.0,7517.19
1932,Aug,1932,8,136913.0,4244.303
1932,Sep,1932,9,83978.0,2519.34
1933,Oct,1932,10,67909.0,2105.179
1933,Nov,1932,11,97122.0,2913.66
1933,Dec,1932,12,90151.0,2794.681
1933,Jan,1933,1,82402.0,2554.462
1933,Feb,1933,2,62228.0,1742.384
1933,Mar,1933,3,93146.0,2887.526
1933,Apr,1933,4,169529.0,5085.87
1933,May,1933,5,359619.0,11148.189
1933,Jun,1933,6,667105.0,20013.15
1933,Jul,1933,7,345593.0,10713.383
1933,Aug,1933,8,168349.0,5218.819
1933,Sep,1933,9,103528.0,3105.84
1934,Oct,1933,10,98977.0,3068.287
1934,Nov,1933,11,150225.0,4506.75
1934,Dec,1933,12,209983.0,6509.473
1934,Jan,1934,1,197951.0,6136.481
1934,Feb,1934,2,139052.0,3893.456
1934,Mar,1934,3,167415.0,5189.865
1934,Apr,1934,4,366878.0,11006.34
1934,May,1934,5,435121.0,13488.751
1934,Jun,1934,6,330802.0,9924.06
1934,Jul,1934,7,179010.0,5549.31
1934,Aug,1934,8,120110.0,3723.41
1934,Sep,1934,9,77421.0,2322.63
1935,Oct,1934,10,67232.0,2084.192
1935,Nov,1934,11,107081.0,3212.43
1935,Dec,1934,12,84742.0,2627.002
1935,Jan,1935,1,83255.0,2580.905
1935,Feb,1935,2,100678.0,2818.984
1935,Mar,1935,3,95319.0,2954.889
1935,Apr,1935,4,153525.0,4605.75
1935,May,1935,5,345467.0,10709.477
1935,Jun,1935,6,436255.0,13087.65
1935,Jul,1935,7,274294.0,8503.114
1935,Aug,1935,8,142065.0,4404.015
1935,Sep,1935,9,86412.0,2592.36
1936,Oct,1935,10,62478.0,1936.818
1936,Nov,1935,11,58808.0,1764.24
1936,Dec,1935,12,52347.0,1622.757
1936,Jan,1936,1,61295.0,1900.145
1936,Feb,1936,2,50228.0,1456.612
1936,Mar,1936,3,92539.0,2868.709
1936,Apr,1936,4,252219.0,7566.57
1936,May,1936,5,458565.0,14215.515
1936,Jun,1936,6,373214.0,11196.42
1936,Jul,1936,7,173517.0,5379.027
1936,Aug,1936,8,112602.0,3490.662
1936,Sep,1936,9,76378.0,2291.34
1937,Oct,1936,10,57185.0,1772.735
1937,Nov,1936,11,49214.0,1476.42
1937,Dec,1936,12,50967.0,1579.977
1937,Jan,1937,1,37598.0,1165.538
1937,Feb,1937,2,49589.0,1388.492
1937,Mar,1937,3,67317.0,2086.827
1937,Apr,1937,4,122172.0,3665.16
1937,May,1937,5,296331.0,9186.261
1937,Jun,1937,6,355164.0,10654.92
1937,Jul,1937,7,203403.0,6305.493
1937,Aug,1937,8,111497.0,3456.407
1937,Sep,1937,9,80062.0,2401.86
1938,Oct,1937,10,64660.0,2004.46
1938,Nov,1937,11,92091.0,2762.73
1938,Dec,1937,12,91151.0,2825.681
1938,Jan,1938,1,94023.0,2914.713
1938,Feb,1938,2,78948.0,2210.544
1938,Mar,1938,3,136301.0,4225.331
1938,Apr,1938,4,249987.0,7499.61
1938,May,1938,5,442797.0,13726.707
1938,Jun,1938,6,505716.0,15171.48
1938,Jul,1938,7,249520.0,7735.12
1938,Aug,1938,8,108782.0,3372.242
1938,Sep,1938,9,90905.0,2727.15
1939,Oct,1938,10,74791.0,2318.521
1939,Nov,1938,11,68199.0,2045.97
1939,Dec,1938,12,63217.0,1959.727
1939,Jan,1939,1,64210.0,1990.51
1939,Feb,1939,2,55802.0,1562.456
1939,Mar,1939,3,104377.0,3235.687
1939,Apr,1939,4,205248.0,6157.44
1939,May,1939,5,393968.0,12213.008
1939,Jun,1939,6,281684.0,8450.52
1939,Jul,1939,7,208829.0,6473.699
1939,Aug,1939,8,122551.0,3799.081
1939,Sep,1939,9,76756.0,2302.68
1940,Oct,1939,10,72195.0,2238.045
1940,Nov,1939,11,73914.0,2217.42
1940,Dec,1939,12,79070.0,2451.17
1940,Jan,1940,1,64018.0,1984.558
1940,Feb,1940,2,85226.0,2471.554
1940,Mar,1940,3,138389.0,4290.059
1940,Apr,1940,4,218248.0,6547.44
1940,May,1940,5,350646.0,10870.026
1940,Jun,1940,6,298964.0,8968.92
1940,Jul,1940,7,169323.0,5249.013
1940,Aug,1940,8,109225.0,3385.975
1940,Sep,1940,9,92961.0,2788.83
1941,Oct,1940,10,90281.0,2798.711
1941,Nov,1940,11,76700.0,2301.0
1941,Dec,1940,12,77899.0,2414.869
1941,Jan,1941,1,73314.0,2272.734
1941,Feb,1941,2,72674.0,2034.872
1941,Mar,1941,3,102911.0,3190.241
1941,Apr,1941,4,166504.0,4995.12
1941,May,1941,5,271059.0,8402.829
1941,Jun,1941,6,277476.0,8324.28
1941,Jul,1941,7,167681.0,5198.111
1941,Aug,1941,8,110178.0,3415.518
1941,Sep,1941,9,108551.0,3256.53
1942,Oct,1941,10,118845.0,3684.195
1942,Nov,1941,11,113393.0,3401.79
1942,Dec,1941,12,153241.0,4750.471
1942,Jan,1942,1,89063.0,2760.953
1942,Feb,1942,2,96088.0,2690.464
1942,Mar,1942,3,91085.0,2823.635
1942,Apr,1942,4,217107.0,6513.21
1942,May,1942,5,330667.0,10250.677
1942,Jun,1942,6,401155.0,12034.65
1942,Jul,1942,7,268714.0,8330.134
1942,Aug,1942,8,140688.0,4361.328
1942,Sep,1942,9,83443.0,2503.29
1943,Oct,1942,10,67904.0,2105.024
1943,Nov,1942,11,80662.0,2419.86
1943,Dec,1942,12,94220.0,2920.82
1943,Jan,1943,1,91486.0,2836.066
1943,Feb,1943,2,104942.0,2938.376
1943,Mar,1943,3,114874.0,3561.094
1943,Apr,1943,4,390574.0,11717.22
1943,May,1943,5,361584.0,11209.104
1943,Jun,1943,6,485444.0,14563.32
1943,Jul,1943,7,365552.0,11332.112
1943,Aug,1943,8,153610.0,4761.91
1943,Sep,1943,9,83579.0,2507.37
1944,Oct,1943,10,73632.0,2282.592
1944,Nov,1943,11,68971.0,2069.13
1944,Dec,1943,12,62574.0,1939.794
1944,Jan,1944,1,53200.0,1649.2
1944,Feb,1944,2,57141.0,1657.089
1944,Mar,1944,3,63436.0,1966.516
1944,Apr,1944,4,109478.0,3284.34
1944,May,1944,5,243016.0,7533.496
1944,Jun,1944,6,291524.0,8745.72
1944,Jul,1944,7,149440.0,4632.64
1944,Aug,1944,8,107105.0,3320.255
1944,Sep,1944,9,82481.0,2474.43
1945,Oct,1944,10,73845.0,2289.195
1945,Nov,1944,11,72017.0,2160.51
1945,Dec,1944,12,55305.0,1714.455
1945,Jan,1945,1,71161.0,2205.991
1945,Feb,1945,2,81737.0,2288.636
1945,Mar,1945,3,82649.0,2562.119
1945,Apr,1945,4,114509.0,3435.27
1945,May,1945,5,358677.0,11118.987
1945,Jun,1945,6,428438.0,12853.14
1945,Jul,1945,7,212890.0,6599.59
1945,Aug,1945,8,107829.0,3342.699
1945,Sep,1945,9,77502.0,2325.06
1946,Oct,1945,10,65361.0,2026.191
1946,Nov,1945,11,81579.0,2447.37
1946,Dec,1945,12,81320.0,2520.92
1946,Jan,1946,1,95415.0,2957.865
1946,Feb,1946,2,73325.0,2053.1
1946,Mar,1946,3,128848.0,3994.288
1946,Apr,1946,4,256699.0,7700.97
1946,May,1946,5,522208.0,16188.448
1946,Jun,1946,6,471759.0,14152.77
1946,Jul,1946,7,255648.0,7925.088
1946,Aug,1946,8,132535.0,4108.585
1946,Sep,1946,9,97038.0,2911.14
1947,Oct,1946,10,80293.0,2489.083
1947,Nov,1946,11,89311.0,2679.33
1947,Dec,1946,12,140171.0,4345.301
1947,Jan,1947,1,85996.0,2665.876
1947,Feb,1947,2,112689.0,3155.292
1947,Mar,1947,3,127694.0,3958.514
1947,Apr,1947,4,216680.0,6500.4
1947,May,1947,5,512676.0,15892.956
1947,Jun,1947,6,429015.0,12870.45
1947,Jul,1947,7,237178.0,7352.518
1947,Aug,1947,8,124428.0,3857.268
1947,Sep,1947,9,92278.0,2768.34
1948,Oct,1947,10,130158.0,4034.898
1948,Nov,1947,11,119832.0,3594.96
1948,Dec,1947,12,100381.0,3111.811
1948,Jan,1948,1,105833.0,3280.823
1948,Feb,1948,2,93447.0,2709.963
1948,Mar,1948,3,95861.0,2971.691
1948,Apr,1948,4,206291.0,6188.73
1948,May,1948,5,580052.0,17981.612
1948,Jun,1948,6,784118.0,23523.54
1948,Jul,1948,7,258245.0,8005.595
1948,Aug,1948,8,166081.0,5148.511
1948,Sep,1948,9,105054.0,3151.62
1949,Oct,1948,10,88656.0,2748.336
1949,Nov,1948,11,81159.0,2434.77
1949,Dec,1948,12,68357.0,2119.067
1949,Jan,1949,1,55664.0,1725.584
1949,Feb,1949,2,95944.0,2686.432
1949,Mar,1949,3,145065.0,4497.015
1949,Apr,1949,4,251910.0,7557.3
1949,May,1949,5,563703.0,17474.793
1949,Jun,1949,6,364813.0,10944.39
1949,Jul,1949,7,166962.0,5175.822
1949,Aug,1949,8,115773.0,3588.963
1949,Sep,1949,9,80172.0,2405.16
1950,Oct,1949,10,70145.0,2174.495
1950,Nov,1949,11,87694.0,2630.82
1950,Dec,1949,12,93681.0,2904.111
1950,Jan,1950,1,74827.0,2319.637
1950,Feb,1950,2,107022.0,2996.616
1950,Mar,1950,3,165289.0,5123.959
1950,Apr,1950,4,220441.0,6613.23
1950,May,1950,5,380875.0,11807.125
1950,Jun,1950,6,670101.0,20103.03
1950,Jul,1950,7,411684.0,12762.204
1950,Aug,1950,8,165581.0,5133.011
1950,Sep,1950,9,98403.0,2952.09
1951,Oct,1950,10,100811.0,3125.141
1951,Nov,1950,11,128153.0,3844.59
1951,Dec,1950,12,143721.0,4455.351
1951,Jan,1951,1,135682.0,4206.142
1951,Feb,1951,2,182627.0,5113.556
1951,Mar,1951,3,138177.0,4283.487
1951,Apr,1951,4,288456.0,8653.68
1951,May,1951,5,556535.0,17252.585
1951,Jun,1951,6,440082.0,13202.46
1951,Jul,1951,7,320812.0,9945.172
1951,Aug,1951,8,151272.0,4689.432
1951,Sep,1951,9,97343.0,2920.29
1952,Oct,1951,10,119582.0,3707.042
1952,Nov,1951,11,96300.0,2889.0
1952,Dec,1951,12,96156.0,2980.836
1952,Jan,1952,1,82251.0,2549.781
1952,Feb,1952,2,102122.0,2961.538
1952,Mar,1952,3,106151.0,3290.681
1952,Apr,1952,4,331810.0,9954.3
1952,May,1952,5,552550.0,17129.05
1952,Jun,1952,6,416973.0,12509.19
1952,Jul,1952,7,250333.0,7760.323
1952,Aug,1952,8,132438.0,4105.578
1952,Sep,1952,9,78487.0,2354.61
1953,Oct,1952,10,65201.0,2021.231
1953,Nov,1952,11,57564.0,1726.92
1953,Dec,1952,12,57062.0,1768.922
1953,Jan,1953,1,109495.0,3394.345
1953,Feb,1953,2,123651.0,3462.228
1953,Mar,1953,3,97791.0,3031.521
1953,Apr,1953,4,146537.0,4396.11
1953,May,1953,5,378448.0,11731.888
1953,Jun,1953,6,564809.0,16944.27
1953,Jul,1953,7,308868.0,9574.908
1953,Aug,1953,8,147746.0,4580.126
1953,Sep,1953,9,92279.0,2768.37
1954,Oct,1953,10,83169.0,2578.239
1954,Nov,1953,11,88239.0,2647.17
1954,Dec,1953,12,88509.0,2743.779
1954,Jan,1954,1,80423.0,2493.113
1954,Feb,1954,2,107475.0,3009.3
1954,Mar,1954,3,108787.0,3372.397
1954,Apr,1954,4,176005.0,5280.15
1954,May,1954,5,489527.0,15175.337
1954,Jun,1954,6,515207.0,15456.21
1954,Jul,1954,7,440189.0,13645.859
1954,Aug,1954,8,189473.0,5873.663
1954,Sep,1954,9,135837.0,4075.11
1955,Oct,1954,10,92051.0,2853.581
1955,Nov,1954,11,104800.0,3144.0
1955,Dec,1954,12,87156.0,2701.836
1955,Jan,1955,1,71387.0,2212.997
1955,Feb,1955,2,69742.0,1952.776
1955,Mar,1955,3,66317.0,2055.827
1955,Apr,1955,4,128708.0,3861.24
1955,May,1955,5,300013.0,9300.403
1955,Jun,1955,6,572666.0,17179.98
1955,Jul,1955,7,374083.0,11596.573
1955,Aug,1955,8,150823.0,4675.513
1955,Sep,1955,9,91202.0,2736.06
1956,Oct,1955,10,94764.0,2937.684
1956,Nov,1955,11,122293.0,3668.79
1956,Dec,1955,12,151144.0,4685.464
1956,Jan,1956,1,132256.0,4099.936
1956,Feb,1956,2,89420.0,2593.18
1956,Mar,1956,3,146417.0,4538.927
1956,Apr,1956,4,362175.0,10865.25
1956,May,1956,5,640500.0,19855.5
1956,Jun,1956,6,632247.0,18967.41
1956,Jul,1956,7,286548.0,8882.988
1956,Aug,1956,8,141696.0,4392.576
1956,Sep,1956,9,95232.0,2856.96
1957,Oct,1956,10,93320.0,2892.92
1957,Nov,1956,11,83701.0,2511.03
1957,Dec,1956,12,95171.0,2950.301
1957,Jan,1957,1,64966.0,2013.946
1957,Feb,1957,2,87207.0,2441.796
1957,Mar,1957,3,142190.0,4407.89
1957,Apr,1957,4,196330.0,5889.9
1957,May,1957,5,668328.0,20718.168
1957,Jun,1957,6,469108.0,14073.24
1957,Jul,1957,7,188478.0,5842.818
1957,Aug,1957,8,112698.0,3493.638
1957,Sep,1957,9,79456.0,2383.68
1958,Oct,1957,10,77119.0,2390.689
1958,Nov,1957,11,72604.0,2178.12
1958,Dec,1957,12,74935.0,2322.985
1958,Jan,1958,1,78616.0,2437.096
1958,Feb,1958,2,135924.0,3805.872
1958,Mar,1958,3,120098.0,3723.038
1958,Apr,1958,4,217506.0,6525.18
1958,May,1958,5,560605.0,17378.755
1958,Jun,1958,6,447800.0,13434.0
1958,Jul,1958,7,186329.0,5776.199
1958,Aug,1958,8,116452.0,3610.012
1958,Sep,1958,9,84375.0,2531.25
1959,Oct,1958,10,89024.0,2759.744
1959,Nov,1958,11,106885.0,3206.55
1959,Dec,1958,12,123544.0,3829.864
1959,Jan,1959,1,136149.0,4220.619
1959,Feb,1959,2,103703.0,2903.684
1959,Mar,1959,3,110906.0,3438.086
1959,Apr,1959,4,218711.0,6561.33
1959,May,1959,5,421318.0,13060.858
1959,Jun,1959,6,604113.0,18123.39
1959,Jul,1959,7,336995.0,10446.845
1959,Aug,1959,8,142816.0,4427.296
1959,Sep,1959,9,147262.0,4417.86
1960,Oct,1959,10,159502.0,4944.562
1960,Nov,1959,11,149197.0,4475.91
1960,Dec,1959,12,120523.0,3736.213
1960,Jan,1960,1,79901.0,2476.931
1960,Feb,1960,2,98969.0,2870.101
1960,Mar,1960,3,126563.0,3923.453
1960,Apr,1960,4,272738.0,8182.14
1960,May,1960,5,339216.0,10515.696
1960,Jun,1960,6,466016.0,13980.48
1960,Jul,1960,7,273510.0,8478.81
1960,Aug,1960,8,131683.0,4082.173
1960,Sep,1960,9,91422.0,2742.66
1961,Oct,1960,10,79211.0,2455.541
1961,Nov,1960,11,91200.0,2736.0
1961,Dec,1960,12,69875.0,2166.125
1961,Jan,1961,1,72268.0,2240.308
1961,Feb,1961,2,154684.0,4331.152
1961,Mar,1961,3,135926.0,4213.706
1961,Apr,1961,4,178750.0,5362.5
1961,May,1961,5,458387.0,14209.997
1961,Jun,1961,6,634633.0,19038.99
1961,Jul,1961,7,189768.0,5882.808
1961,Aug,1961,8,118809.0,3683.079
1961,Sep,1961,9,76083.0,2282.49
1962,Oct,1961,10,81560.0,2528.36
1962,Nov,1961,11,68356.0,2050.68
1962,Dec,1961,12,65989.0,2045.659
1962,Jan,1962,1,72344.0,2242.664
1962,Feb,1962,2,100103.0,2802.884
1962,Mar,1962,3,86587.0,2684.197
1962,Apr,1962,4,256289.0,7688.67
1962,May,1962,5,364193.0,11289.983
1962,Jun,1962,6,463496.0,13904.88
1962,Jul,1962,7,232487.0,7207.097
1962,Aug,1962,8,140891.0,4367.621
1962,Sep,1962,9,81422.0,2442.66
1963,Oct,1962,10,97477.0,3021.787
1963,Nov,1962,11,108078.0,3242.34
1963,Dec,1962,12,116513.0,3611.903
1963,Jan,1963,1,82112.0,2545.472
1963,Feb,1963,2,151629.0,4245.612
1963,Mar,1963,3,108049.0,3349.519
1963,Apr,1963,4,172805.0,5184.15
1963,May,1963,5,347786.0,10781.366
1963,Jun,1963,6,432764.0,12982.92
1963,Jul,1963,7,237564.0,7364.484
1963,Aug,1963,8,128150.0,3972.65
1963,Sep,1963,9,95569.0,2867.07
1964,Oct,1963,10,73203.0,2269.293
1964,Nov,1963,11,78067.0,2342.01
1964,Dec,1963,12,68525.0,2124.275
1964,Jan,1964,1,64804.0,2008.924
1964,Feb,1964,2,63997.0,1855.913
1964,Mar,1964,3,72170.0,2237.27
1964,Apr,1964,4,151885.0,4556.55
1964,May,1964,5,360320.0,11169.92
1964,Jun,1964,6,675092.0,20252.76
1964,Jul,1964,7,327027.0,10137.837
1964,Aug,1964,8,151279.0,4689.649
1964,Sep,1964,9,101860.0,3055.8
1965,Oct,1964,10,103966.0,3222.946
1965,Nov,1964,11,89992.0,2699.76
1965,Dec,1964,12,163393.0,5065.183
1965,Jan,1965,1,142079.0,4404.449
1965,Feb,1965,2,164905.0,4617.34
1965,Mar,1965,3,136842.0,4242.102
1965,Apr,1965,4,293280.0,8798.4
1965,May,1965,5,461143.0,14295.433
1965,Jun,1965,6,583311.0,17499.33
1965,Jul,1965,7,278169.0,8623.239
1965,Aug,1965,8,171653.0,5321.243
1965,Sep,1965,9,94846.0,2845.38
1966,Oct,1965,10,88773.0,2751.963
1966,Nov,1965,11,93340.0,2800.2
1966,Dec,1965,12,74874.0,2321.094
1966,Jan,1966,1,83403.0,2585.493
1966,Feb,1966,2,72460.0,2028.88
1966,Mar,1966,3,101242.0,3138.502
1966,Apr,1966,4,204018.0,6120.54
1966,May,1966,5,349626.0,10838.406
1966,Jun,1966,6,403490.0,12104.7
1966,Jul,1966,7,250339.0,7760.509
1966,Aug,1966,8,126338.0,3916.478
1966,Sep,1966,9,83558.0,2506.74
1967,Oct,1966,10,71983.0,2231.473
1967,Nov,1966,11,77484.0,2324.52
1967,Dec,1966,12,93227.0,2890.037
1967,Jan,1967,1,97685.0,3028.235
1967,Feb,1967,2,104689.0,2931.292
1967,Mar,1967,3,96183.0,2981.673
1967,Apr,1967,4,122947.0,3688.41
1967,May,1967,5,382989.0,11872.659
1967,Jun,1967,6,711408.0,21342.24
1967,Jul,1967,7,326534.0,10122.554
1967,Aug,1967,8,139158.0,4313.898
1967,Sep,1967,9,90663.0,2719.89
1968,Oct,1967,10,86156.0,2670.836
1968,Nov,1967,11,97544.0,2926.32
1968,Dec,1967,12,77950.0,2416.45
1968,Jan,1968,1,89220.0,2765.82
1968,Feb,1968,2,139135.0,4034.915
1968,Mar,1968,3,143524.0,4449.244
1968,Apr,1968,4,122202.0,3666.06
1968,May,1968,5,316600.0,9814.6
1968,Jun,1968,6,468429.0,14052.87
1968,Jul,1968,7,271062.0,8402.922
1968,Aug,1968,8,144144.0,4468.464
1968,Sep,1968,9,119641.0,3589.23
1969,Oct,1968,10,106388.0,3298.028
1969,Nov,1968,11,116172.0,3485.16
1969,Dec,1968,12,99764.0,3092.684
1969,Jan,1969,1,126488.0,3921.128
1969,Feb,1969,2,90646.0,2538.088
1969,Mar,1969,3,121880.0,3778.28
1969,Apr,1969,4,358917.0,10767.51
1969,May,1969,5,561046.0,17392.426
1969,Jun,1969,6,490738.0,14722.14
1969,Jul,1969,7,233708.0,7244.948
1969,Aug,1969,8,110291.0,3419.021
1969,Sep,1969,9,82738.0,2482.14
1970,Oct,1969,10,87035.0,2698.085
1970,Nov,1969,11,80471.0,2414.13
1970,Dec,1969,12,65801.0,2039.831
1970,Jan,1970,1,114691.0,3555.421
1970,Feb,1970,2,112104.0,3138.912
1970,Mar,1970,3,106617.0,3305.127
1970,Apr,1970,4,122150.0,3664.5
1970,May,1970,5,370579.0,11487.949
1970,Jun,1970,6,524249.0,15727.47
1970,Jul,1970,7,212783.0,6596.273
1970,Aug,1970,8,114694.0,3555.514
1970,Sep,1970,9,78502.0,2355.06
1971,Oct,1970,10,70944.0,2199.264
1971,Nov,1970,11,77262.0,2317.86
1971,Dec,1970,12,78138.0,2422.278
1971,Jan,1971,1,136926.0,4244.706
1971,Feb,1971,2,172043.0,4817.204
1971,Mar,1971,3,139117.0,4312.627
1971,Apr,1971,4,238777.0,7163.31
1971,May,1971,5,635121.0,19688.751
1971,Jun,1971,6,634374.0,19031.22
1971,Jul,1971,7,311873.0,9668.063
1971,Aug,1971,8,162883.0,5049.373
1971,Sep,1971,9,90573.0,2717.19
1972,Oct,1971,10,80133.0,2484.123
1972,Nov,1971,11,80110.0,2403.3
1972,Dec,1971,12,79850.0,2475.35
1972,Jan,1972,1,105922.0,3283.582
1972,Feb,1972,2,123048.0,3568.392
1972,Mar,1972,3,325162.0,10080.022
1972,Apr,1972,4,232702.0,6981.06
1972,May,1972,5,552664.0,17132.584
1972,Jun,1972,6,806713.0,24201.39
1972,Jul,1972,7,353200.0,10949.2
1972,Aug,1972,8,177684.0,5508.204
1972,Sep,1972,9,96123.0,2883.69
1973,Oct,1972,10,84529.0,2620.399
1973,Nov,1972,11,75658.0,2269.74
1973,Dec,1972,12,82685.0,2563.235
1973,Jan,1973,1,99744.0,3092.064
1973,Feb,1973,2,74380.0,2082.64
1973,Mar,1973,3,96572.0,2993.732
1973,Apr,1973,4,110425.0,3312.75
1973,May,1973,5,282898.0,8769.838
1973,Jun,1973,6,299295.0,8978.85
1973,Jul,1973,7,177682.0,5508.142
1973,Aug,1973,8,100601.0,3118.631
1973,Sep,1973,9,70253.0,2107.59
1974,Oct,1973,10,72054.0,2233.674
1974,Nov,1973,11,114971.0,3449.13
1974,Dec,1973,12,141876.0,4398.156
1974,Jan,1974,1,223070.0,6915.17
1974,Feb,1974,2,145811.0,4082.708
1974,Mar,1974,3,173070.0,5365.17
1974,Apr,1974,4,330647.0,9919.41
1974,May,1974,5,467468.0,14491.508
1974,Jun,1974,6,842986.0,25289.58
1974,Jul,1974,7,388219.0,12034.789
1974,Aug,1974,8,169571.0,5256.701
1974,Sep,1974,9,94150.0,2824.5
1975,Oct,1974,10,67250.0,2084.75
1975,Nov,1974,11,72103.0,2163.09
1975,Dec,1974,12,69824.0,2164.544
1975,Jan,1975,1,87530.0,2713.43
1975,Feb,1975,2,85802.0,2402.456
1975,Mar,1975,3,119103.0,3692.193
1975,Apr,1975,4,145775.0,4373.25
1975,May,1975,5,400307.0,12409.517
1975,Jun,1975,6,615442.0,18463.26
1975,Jul,1975,7,355729.0,11027.599
1975,Aug,1975,8,143238.0,4440.378
1975,Sep,1975,9,98985.0,2969.55
1976,Oct,1975,10,94670.0,2934.77
1976,Nov,1975,11,120013.0,3600.39
1976,Dec,1975,12,180522.0,5596.182
1976,Jan,1976,1,136530.0,4232.43
1976,Feb,1976,2,112731.0,3269.199
1976,Mar,1976,3,125842.0,3901.102
1976,Apr,1976,4,265133.0,7953.99
1976,May,1976,5,573484.0,17778.004
1976,Jun,1976,6,447152.0,13414.56
1976,Jul,1976,7,343939.0,10662.109
1976,Aug,1976,8,232042.0,7193.302
1976,Sep,1976,9,143293.0,4298.79
1977,Oct,1976,10,82344.0,2552.664
1977,Nov,1976,11,73289.0,2198.67
1977,Dec,1976,12,63887.0,1980.497
1977,Jan,1977,1,62874.0,1949.094
1977,Feb,1977,2,57271.0,1603.588
1977,Mar,1977,3,59141.0,1833.371
1977,Apr,1977,4,100310.0,3009.3
1977,May,1977,5,221839.0,6877.009
1977,Jun,1977,6,242248.0,7267.44
1977,Jul,1977,7,119400.0,3701.4
1977,Aug,1977,8,103898.0,3220.838
1977,Sep,1977,9,72793.0,2183.79
1978,Oct,1977,10,59243.0,1836.533
1978,Nov,1977,11,71954.0,2158.62
1978,Dec,1977,12,140259.0,4348.029
1978,Jan,1978,1,95168.0,2950.208
1978,Feb,1978,2,94737.0,2652.636
1978,Mar,1978,3,134832.0,4179.792
1978,Apr,1978,4,236684.0,7100.52
1978,May,1978,5,387129.0,12000.999
1978,Jun,1978,6,455000.0,13650.0
1978,Jul,1978,7,287682.0,8918.142
1978,Aug,1978,8,128490.0,3983.19
1978,Sep,1978,9,126708.0,3801.24
1979,Oct,1978,10,84724.0,2626.444
1979,Nov,1978,11,74717.0,2241.51
1979,Dec,1978,12,58857.0,1824.567
1979,Jan,1979,1,55886.0,1732.466
1979,Feb,1979,2,87020.0,2436.56
1979,Mar,1979,3,127047.0,3938.457
1979,Apr,1979,4,149507.0,4485.21
1979,May,1979,5,403591.0,12511.321
1979,Jun,1979,6,330038.0,9901.14
1979,Jul,1979,7,181477.0,5625.787
1979,Aug,1979,8,101275.0,3139.525
1979,Sep,1979,9,76153.0,2284.59
1980,Oct,1979,10,58974.0,1828.194
1980,Nov,1979,11,51733.0,1551.99
1980,Dec,1979,12,72093.0,2234.883
1980,Jan,1980,1,82036.0,2543.116
1980,Feb,1980,2,83438.0,2419.702
1980,Mar,1980,3,111413.0,3453.803
1980,Apr,1980,4,216446.0,6493.38
1980,May,1980,5,510039.0,15811.209
1980,Jun,1980,6,384998.0,11549.94
1980,Jul,1980,7,192631.0,5971.561
1980,Aug,1980,8,101141.0,3135.371
1980,Sep,1980,9,87992.0,2639.76
1981,Oct,1980,10,80010.0,2480.31
1981,Nov,1980,11,90220.0,2706.6
1981,Dec,1980,12,135750.0,4208.25
1981,Jan,1981,1,131597.0,4079.507
1981,Feb,1981,2,141988.0,3975.664
1981,Mar,1981,3,122345.0,3792.695
1981,Apr,1981,4,163902.0,4917.06
1981,May,1981,5,410526.0,12726.306
1981,Jun,1981,6,445850.0,13375.5
1981,Jul,1981,7,292422.0,9065.082
1981,Aug,1981,8,157949.0,4896.419
1981,Sep,1981,9,87087.0,2612.61
1982,Oct,1981,10,80856.0,2506.536
1982,Nov,1981,11,90741.0,2722.23
1982,Dec,1981,12,99552.0,3086.112
1982,Jan,1982,1,89672.0,2779.832
1982,Feb,1982,2,208805.0,5846.54
1982,Mar,1982,3,194210.0,6020.51
1982,Apr,1982,4,217398.0,6521.94
1982,May,1982,5,475875.0,14752.125
1982,Jun,1982,6,654901.0,19647.03
1982,Jul,1982,7,365772.0,11338.932
1982,Aug,1982,8,167774.0,5200.994
1982,Sep,1982,9,115563.0,3466.89
1983,Oct,1982,10,98528.0,3054.368
1983,Nov,1982,11,89212.0,2676.36
1983,Dec,1982,12,103620.0,3212.22
1983,Jan,1983,1,130240.0,4037.44
1983,Feb,1983,2,153554.0,4299.512
1983,Mar,1983,3,256502.0,7951.562
1983,Apr,1983,4,245546.0,7366.38
1983,May,1983,5,431976.0,13391.256
1983,Jun,1983,6,494264.0,14827.92
1983,Jul,1983,7,306183.0,9491.673
1983,Aug,1983,8,159691.0,4950.421
1983,Sep,1983,9,95087.0,2852.61
1984,Oct,1983,10,74381.0,2305.811
1984,Nov,1983,11,131159.0,3934.77
1984,Dec,1983,12,99012.0,3069.372
1984,Jan,1984,1,145344.0,4505.664
1984,Feb,1984,2,128563.0,3728.327
1984,Mar,1984,3,201215.0,6237.665
1984,Apr,1984,4,280112.0,8403.36
1984,May,1984,5,361029.0,11191.899
1984,Jun,1984,6,584057.0,17521.71
1984,Jul,1984,7,315146.0,9769.526
1984,Aug,1984,8,153424.0,4756.144
1984,Sep,1984,9,98871.0,2966.13
1985,Oct,1984,10,83636.0,2592.716
1985,Nov,1984,11,100009.0,3000.27
1985,Dec,1984,12,84233.0,2611.223
1985,Jan,1985,1,81279.0,2519.649
1985,Feb,1985,2,78826.0,2207.128
1985,Mar,1985,3,100406.0,3112.586
1985,Apr,1985,4,244854.0,7345.62
1985,May,1985,5,417780.0,12951.18
1985,Jun,1985,6,373491.0,11204.73
1985,Jul,1985,7,168855.0,5234.505
1985,Aug,1985,8,97715.0,3029.165
1985,Sep,1985,9,96751.0,2902.53
1986,Oct,1985,10,94786.0,2938.366
1986,Nov,1985,11,111715.0,3351.45
1986,Dec,1985,12,67976.0,2107.256
1986,Jan,1986,1,81220.0,2517.82
1986,Feb,1986,2,170034.0,4760.952
1986,Mar,1986,3,278102.0,8621.162
1986,Apr,1986,4,269168.0,8075.04
1986,May,1986,5,362070.0,11224.17
1986,Jun,1986,6,488373.0,14651.19
1986,Jul,1986,7,206626.0,6405.406
1986,Aug,1986,8,115995.0,3595.845
1986,Sep,1986,9,84171.0,2525.13
1987,Oct,1986,10,80515.0,2495.965
1987,Nov,1986,11,95812.0,2874.36
1987,Dec,1986,12,82018.0,2542.558
1987,Jan,1987,1,72115.0,2235.565
1987,Feb,1987,2,82661.0,2314.508
1987,Mar,1987,3,145019.0,4495.589
1987,Apr,1987,4,184188.0,5525.64
1987,May,1987,5,381401.0,11823.431
1987,Jun,1987,6,259684.0,7790.52
1987,Jul,1987,7,152794.0,4736.614
1987,Aug,1987,8,96452.0,2990.012
1987,Sep,1987,9,67856.0,2035.68
1988,Oct,1987,10,49235.0,1526.285
1988,Nov,1987,11,54077.0,1622.31
1988,Dec,1987,12,62055.0,1923.705
1988,Jan,1988,1,57651.0,1787.181
1988,Feb,1988,2,62010.0,1798.29
1988,Mar,1988,3,82544.0,2558.864
1988,Apr,1988,4,208269.0,6248.07
1988,May,1988,5,317897.0,9854.807
1988,Jun,1988,6,324460.0,9733.8
1988,Jul,1988,7,166861.0,5172.691
1988,Aug,1988,8,97001.0,3007.031
1988,Sep,1988,9,61064.0,1831.92
1989,Oct,1988,10,73660.0,2283.46
1989,Nov,1988,11,89001.0,2670.03
1989,Dec,1988,12,68106.0,2111.286
1989,Jan,1989,1,72306.0,2241.486
1989,Feb,1989,2,66706.0,1867.768
1989,Mar,1989,3,139385.0,4320.935
1989,Apr,1989,4,268222.0,8046.66
1989,May,1989,5,389348.0,12069.788
1989,Jun,1989,6,389847.0,11695.41
1989,Jul,1989,7,183748.0,5696.188
1989,Aug,1989,8,125369.0,3886.439
1989,Sep,1989,9,84030.0,2520.9
1990,Oct,1989,10,72722.0,2254.382
1990,Nov,1989,11,118805.0,3564.15
1990,Dec,1989,12,102118.0,3165.658
1990,Jan,1990,1,102106.0,3165.286
1990,Feb,1990,2,87872.0,2460.416
1990,Mar,1990,3,110354.0,3420.974
1990,Apr,1990,4,272617.0,8178.51
1990,May,1990,5,321196.0,9957.076
1990,Jun,1990,6,506128.0,15183.84
1990,Jul,1990,7,283094.0,8775.914
1990,Aug,1990,8,143624.0,4452.344
1990,Sep,1990,9,83165.0,2494.95
1991,Oct,1990,10,79049.0,2450.519
1991,Nov,1990,11,153973.0,4619.19
1991,Dec,1990,12,112057.0,3473.767
1991,Jan,1991,1,105512.0,3270.872
1991,Feb,1991,2,138571.0,3879.988
1991,Mar,1991,3,123766.0,3836.746
1991,Apr,1991,4,204796.0,6143.88
1991,May,1991,5,433934.0,13451.954
1991,Jun,1991,6,482745.0,14482.35
1991,Jul,1991,7,347743.0,10780.033
1991,Aug,1991,8,167987.0,5207.597
1991,Sep,1991,9,87933.0,2637.99
1992,Oct,1991,10,65279.0,2023.649
1992,Nov,1991,11,74754.0,2242.62
1992,Dec,1991,12,79526.0,2465.306
1992,Jan,1992,1,69950.0,2168.45
1992,Feb,1992,2,101044.0,2930.276
1992,Mar,1992,3,122799.0,3806.769
1992,Apr,1992,4,166902.0,5007.06
1992,May,1992,5,306866.0,9512.846
1992,Jun,1992,6,261039.0,7831.17
1992,Jul,1992,7,151799.0,4705.769
1992,Aug,1992,8,90514.0,2805.934
1992,Sep,1992,9,60182.0,1805.46
1993,Oct,1992,10,68196.0,2114.076
1993,Nov,1992,11,71614.0,2148.42
1993,Dec,1992,12,60447.0,1873.857
1993,Jan,1993,1,61999.0,1921.969
1993,Feb,1993,2,62797.0,1758.316
1993,Mar,1993,3,133707.0,4144.917
1993,Apr,1993,4,196870.0,5906.1
1993,May,1993,5,471957.0,14630.667
1993,Jun,1993,6,321455.0,9643.65
1993,Jul,1993,7,200232.0,6207.192
1993,Aug,1993,8,136855.0,4242.505
1993,Sep,1993,9,85425.0,2562.75
1994,Oct,1993,10,67891.0,2104.621
1994,Nov,1993,11,59952.0,1798.56
1994,Dec,1993,12,64231.0,1991.161
1994,Jan,1994,1,71700.0,2222.7
1994,Feb,1994,2,58461.0,1636.908
1994,Mar,1994,3,97926.0,3035.706
1994,Apr,1994,4,218496.0,6554.88
1994,May,1994,5,333078.0,10325.418
1994,Jun,1994,6,275335.0,8260.05
1994,Jul,1994,7,170594.0,5288.414
1994,Aug,1994,8,91538.0,2837.678
1994,Sep,1994,9,57561.0,1726.83
1995,Oct,1994,10,53143.0,1647.433
1995,Nov,1994,11,59826.0,1794.78
1995,Dec,1994,12,70109.0,2173.379
1995,Jan,1995,1,91302.0,2830.362
1995,Feb,1995,2,175384.0,4910.752
1995,Mar,1995,3,178218.0,5524.758
1995,Apr,1995,4,173676.0,5210.28
1995,May,1995,5,381010.0,11811.31
1995,Jun,1995,6,479736.0,14392.08
1995,Jul,1995,7,243192.0,7538.952
1995,Aug,1995,8,131940.0,4090.14
1995,Sep,1995,9,87352.0,2620.56
1996,Oct,1995,10,103039.0,3194.209
1996,Nov,1995,11,160074.0,4802.22
1996,Dec,1995,12,235733.0,7307.723
1996,Jan,1996,1,158848.0,4924.288
1996,Feb,1996,2,275564.0,7991.356
1996,Mar,1996,3,190786.0,5914.366
1996,Apr,1996,4,339005.0,10170.15
1996,May,1996,5,432354.0,13402.974
1996,Jun,1996,6,571934.0,17158.02
1996,Jul,1996,7,333969.0,10353.039
1996,Aug,1996,8,146116.0,4529.596
1996,Sep,1996,9,91433.0,2742.99
1997,Oct,1996,10,82175.0,2547.425
1997,Nov,1996,11,89170.0,2675.1
1997,Dec,1996,12,110301.0,3419.331
1997,Jan,1997,1,191203.0,5927.293
1997,Feb,1997,2,153362.0,4294.136
1997,Mar,1997,3,223823.0,6938.513
1997,Apr,1997,4,328377.0,9851.31
1997,May,1997,5,684563.0,21221.453
1997,Jun,1997,6,704617.0,21138.51
1997,Jul,1997,7,323301.0,10022.331
1997,Aug,1997,8,160002.0,4960.062
1997,Sep,1997,9,120451.0,3613.53
1998,Oct,1997,10,137506.0,4262.686
1998,Nov,1997,11,121753.0,3652.59
1998,Dec,1997,12,94240.0,2921.44
1998,Jan,1998,1,105988.0,3285.628
1998,Feb,1998,2,116337.0,3257.436
1998,Mar,1998,3,148120.0,4591.72
1998,Apr,1998,4,208860.0,6265.8
1998,May,1998,5,537296.0,16656.176
1998,Jun,1998,6,390145.0,11704.35
1998,Jul,1998,7,223771.0,6936.901
1998,Aug,1998,8,121197.0,3757.107
1998,Sep,1998,9,82923.0,2487.69
1999,Oct,1998,10,65070.0,2017.17
1999,Nov,1998,11,80499.0,2414.97
1999,Dec,1998,12,104621.0,3243.251
1999,Jan,1999,1,136263.0,4224.153
1999,Feb,1999,2,121705.0,3407.74
1999,Mar,1999,3,192402.0,5964.462
1999,Apr,1999,4,249329.0,7479.87
1999,May,1999,5,411287.0,12749.897
1999,Jun,1999,6,605066.0,18151.98
1999,Jul,1999,7,359172.0,11134.332
1999,Aug,1999,8,205768.0,6378.808
1999,Sep,1999,9,93958.0,2818.74
2000,Oct,1999,10,77025.0,2387.775
2000,Nov,1999,11,144682.0,4340.46
2000,Dec,1999,12,124436.0,3857.516
2000,Jan,2000,1,103551.0,3210.081
2000,Feb,2000,2,118202.0,3427.858
2000,Mar,2000,3,145327.0,4505.137
2000,Apr,2000,4,283351.0,8500.53
2000,May,2000,5,373111.0,11566.441
2000,Jun,2000,6,382670.0,11480.1
2000,Jul,2000,7,251714.0,7803.134
2000,Aug,2000,8,119629.0,3708.499
2000,Sep,2000,9,82900.0,2487.0
2001,Oct,2000,10,81056.0,2512.736
2001,Nov,2000,11,67824.0,2034.72
2001,Dec,2000,12,59115.0,1832.565
2001,Jan,2001,1,59769.0,1852.839
2001,Feb,2001,2,61207.0,1713.796
2001,Mar,2001,3,76878.0,2383.218
2001,Apr,2001,4,97963.0,2938.89
2001,May,2001,5,282217.0,8748.727
2001,Jun,2001,6,240447.0,7213.41
2001,Jul,2001,7,151545.0,4697.895
2001,Aug,2001,8,94996.0,2944.876
2001,Sep,2001,9,57271.0,1718.13
2002,Oct,2001,10,53632.0,1662.592
2002,Nov,2001,11,82496.0,2474.88
2002,Dec,2001,12,73776.0,2287.056
2002,Jan,2002,1,96752.0,2999.312
2002,Feb,2002,2,83549.0,2339.372
2002,Mar,2002,3,101890.0,3158.59
2002,Apr,2002,4,231370.0,6941.1
2002,May,2002,5,353402.0,10955.462
2002,Jun,2002,6,578959.0,17368.77
2002,Jul,2002,7,297044.0,9208.364
2002,Aug,2002,8,103064.0,3194.984
2002,Sep,2002,9,73189.0,2195.67
2003,Oct,2002,10,56777.0,1760.087
2003,Nov,2002,11,57643.0,1729.29
2003,Dec,2002,12,62403.0,1934.493
2003,Jan,2003,1,80738.0,2502.878
2003,Feb,2003,2,111969.0,3135.132
2003,Mar,2003,3,145879.0,4522.249
2003,Apr,2003,4,212458.0,6373.74
2003,May,2003,5,315793.0,9789.583
2003,Jun,2003,6,436175.0,13085.25
2003,Jul,2003,7,170107.0,5273.317
2003,Aug,2003,8,93588.0,2901.228
2003,Sep,2003,9,63739.0,1912.17
2004,Oct,2003,10,93360.0,2894.16
2004,Nov,2003,11,79206.0,2376.18
2004,Dec,2003,12,74794.0,2318.614
2004,Jan,2004,1,68794.0,2132.614
2004,Feb,2004,2,87140.0,2527.06
2004,Mar,2004,3,124680.0,3865.08
2004,Apr,2004,4,222730.0,6681.9
2004,May,2004,5,338280.0,10486.68
2004,Jun,2004,6,338560.0,10156.8
2004,Jul,2004,7,181695.0,5632.545
2004,Aug,2004,8,117603.0,3645.693
2004,Sep,2004,9,116911.0,3507.33
2005,Oct,2004,10,93957.0,2912.667
2005,Nov,2004,11,96114.0,2883.42
2005,Dec,2004,12,107102.0,3320.162
2005,Jan,2005,1,113569.0,3520.639
2005,Feb,2005,2,105344.0,2949.632
2005,Mar,2005,3,101866.0,3157.846
2005,Apr,2005,4,165823.0,4974.69
2005,May,2005,5,345893.0,10722.683
2005,Jun,2005,6,318486.0,9554.58
2005,Jul,2005,7,188133.0,5832.123
2005,Aug,2005,8,90356.0,2801.036
2005,Sep,2005,9,64069.0,1922.07
2006,Oct,2005,10,102277.0,3170.587
2006,Nov,2005,11,88629.0,2658.87
2006,Dec,2005,12,82341.0,2552.571
2006,Jan,2006,1,151789.0,4705.459
2006,Feb,2006,2,105986.0,2967.608
2006,Mar,2006,3,126227.0,3913.037
2006,Apr,2006,4,293874.0,8816.22
2006,May,2006,5,552547.0,17128.957
2006,Jun,2006,6,472677.0,14180.31
2006,Jul,2006,7,191957.0,5950.667
2006,Aug,2006,8,89810.0,2784.11
2006,Sep,2006,9,63438.0,1903.14
2007,Oct,2006,10,56562.0,1753.422
2007,Nov,2006,11,130978.0,3929.34
2007,Dec,2006,12,93362.0,2894.222
2007,Jan,2007,1,92617.0,2871.127
2007,Feb,2007,2,97273.0,2723.644
2007,Mar,2007,3,200408.0,6212.648
2007,Apr,2007,4,212955.0,6388.65
2007,May,2007,5,379011.0,11749.341
2007,Jun,2007,6,382047.0,11461.41
2007,Jul,2007,7,224721.0,6966.351
2007,Aug,2007,8,89262.0,2767.122
2007,Sep,2007,9,60150.0,1804.5
2008,Oct,2007,10,76197.0,2362.107
2008,Nov,2007,11,79533.0,2385.99
2008,Dec,2007,12,82681.0,2563.111
2008,Jan,2008,1,70041.0,2171.271
2008,Feb,2008,2,74386.0,2157.194
2008,Mar,2008,3,99230.0,3076.13
2008,Apr,2008,4,114431.0,3432.93
2008,May,2008,5,501429.0,15544.299
2008,Jun,2008,6,522940.0,15688.2
2008,Jul,2008,7,263161.0,8157.991
2008,Aug,2008,8,125044.0,3876.364
2008,Sep,2008,9,79078.0,2372.34
2009,Oct,2008,10,74165.0,2299.115
2009,Nov,2008,11,105384.0,3161.52
2009,Dec,2008,12,76254.0,2363.874
2009,Jan,2009,1,114700.0,3555.7
2009,Feb,2009,2,79554.0,2227.512
2009,Mar,2009,3,116704.0,3617.824
2009,Apr,2009,4,212171.0,6365.13
2009,May,2009,5,369904.0,11467.024
2009,Jun,2009,6,434795.0,13043.85
2009,Jul,2009,7,192076.0,5954.356
2009,Aug,2009,8,113296.0,3512.176
2009,Sep,2009,9,75343.0,2260.29
2010,Oct,2009,10,62796.0,1946.676
2010,Nov,2009,11,80887.0,2426.61
2010,Dec,2009,12,66249.0,2053.719
2010,Jan,2010,1,81532.0,2527.492
2010,Feb,2010,2,77689.0,2175.292
2010,Mar,2010,3,87121.0,2700.751
2010,Apr,2010,4,157821.0,4734.63
2010,May,2010,5,276217.0,8562.727
2010,Jun,2010,6,484951.0,14548.53
2010,Jul,2010,7,228341.0,7078.571
2010,Aug,2010,8,113591.0,3521.321
2010,Sep,2010,9,84741.0,2542.23
2011,Oct,2010,10,86696.0,2687.576
2011,Nov,2010,11,95315.0,2859.45
2011,Dec,2010,12,102652.0,3182.212
2011,Jan,2011,1,152844.0,4738.164
2011,Feb,2011,2,115097.0,3222.716
2011,Mar,2011,3,154769.0,4797.839
2011,Apr,2011,4,243213.0,7296.39
2011,May,2011,5,509969.0,15809.039
2011,Jun,2011,6,718086.0,21542.58
2011,Jul,2011,7,440496.0,13655.376
2011,Aug,2011,8,163042.0,5054.302
2011,Sep,2011,9,87565.0,2626.95
2012,Oct,2011,10,91460.0,2835.26
2012,Nov,2011,11,83386.0,2501.58
2012,Dec,2011,12,76606.0,2374.786
2012,Jan,2012,1,96021.0,2976.651
2012,Feb,2012,2,98608.0,2859.632
2012,Mar,2012,3,152615.0,4731.065
2012,Apr,2012,4,342883.0,10286.49
2012,May,2012,5,471268.0,14609.308
2012,Jun,2012,6,590160.0,17704.8
2012,Jul,2012,7,395835.0,12270.885
2012,Aug,2012,8,142544.0,4418.864
2012,Sep,2012,9,71354.0,2140.62
2013,Oct,2012,10,78995.0,2448.845
2013,Nov,2012,11,123844.0,3715.32
2013,Dec,2012,12,130538.0,4046.678
2013,Jan,2013,1,86266.0,2674.246
2013,Feb,2013,2,93557.0,2619.596
2013,Mar,2013,3,129570.0,4016.67
2013,Apr,2013,4,221815.0,6654.45
2013,May,2013,5,441766.0,13694.746
2013,Jun,2013,6,405265.0,12157.95
2013,Jul,2013,7,226211.0,7012.541
2013,Aug,2013,8,111062.0,3442.922
2013,Sep,2013,9,93940.0,2818.2
2014,Oct,2013,10,86401.0,2678.431
2014,Nov,2013,11,74767.0,2243.01
2014,Dec,2013,12,70216.0,2176.696
2014,Jan,2014,1,71969.0,2231.039
2014,Feb,2014,2,84050.0,2353.4
2014,Mar,2014,3,186974.0,5796.194
2014,Apr,2014,4,209940.0,6298.2
2014,May,2014,5,472809.0,14657.079
2014,Jun,2014,6,463186.0,13895.58
2014,Jul,2014,7,258587.0,8016.197
2014,Aug,2014,8,114171.0,3539.301
2014,Sep,2014,9,77322.0,2319.66
2015,Oct,2014,10,78993.0,2448.783
2015,Nov,2014,11,109068.0,3272.04
2015,Dec,2014,12,124269.0,3852.339
2015,Jan,2015,1,120798.0,3744.738
2015,Feb,2015,2,206728.0,5788.384
2015,Mar,2015,3,195620.0,6064.22
2015,Apr,2015,4,192399.0,5771.97
2015,May,2015,5,279114.0,8652.534
2015,Jun,2015,6,271503.0,8145.09
2015,Jul,2015,7,123113.0,3816.503
2015,Aug,2015,8,73639.0,2282.809
2015,Sep,2015,9,83872.0,2516.16
2016,Oct,2015,10,65248.0,2022.688
2016,Nov,2015,11,89427.0,2682.81
2016,Dec,2015,12,102396.0,3174.276
2016,Jan,2016,1,86651.0,2686.181
2016,Feb,2016,2,138794.0,4025.026
2016,Mar,2016,3,191978.0,5951.318
2016,Apr,2016,4,349912.0,10497.36
2016,May,2016,5,406816.0,12611.296
2016,Jun,2016,6,281061.0,8431.83
2016,Jul,2016,7,162337.0,5032.447
2016,Aug,2016,8,91067.0,2823.077
2016,Sep,2016,9,69157.0,2074.71
2017,Oct,2016,10,116682.0,3617.142
2017,Nov,2016,11,159224.0,4776.72
2017,Dec,2016,12,91704.0,2842.824
2017,Jan,2017,1,77096.0,2389.976
2017,Feb,2017,2,158607.0,4440.996
2017,Mar,2017,3,331427.0,10274.237
2017,Apr,2017,4,361243.0,10837.29
2017,May,2017,5,565648.0,17535.088
2017,Jun,2017,6,557555.0,16726.65
2017,Jul,2017,7,214864.0,6660.784
2017,Aug,2017,8,103054.0,3194.674
2017,Sep,2017,9,71659.0,2149.77
2018,Oct,2017,10,69600.0,2157.6
2018,Nov,2017,11,100997.0,3029.91
2018,Dec,2017,12,94791.0,2938.521
2018,Jan,2018,1,122534.0,3798.554
2018,Feb,2018,2,149706.0,4191.768
2018,Mar,2018,3,131719.0,4083.289
2018,Apr,2018,4,258389.0,7751.67
2018,May,2018,5,727652.0,22557.212
2018,Jun,2018,6,397154.0,11914.62
2018,Jul,2018,7,181673.0,5631.863
2018,Aug,2018,8,93053.0,2884.643
2018,Sep,2018,9,74560.0,2236.8
