timestamp,model_label,model_name,endpoint_port,version,prompt_file,parse_ok,parse_error,confidence,raw_response,gt_target_15,gt_target_60,gt_target_240,gt_target_1440,ml_Multi-XGB_+15m,ml_Multi-XGB_+60m,ml_Multi-XGB_+240m,ml_Multi-XGB_+1440m,pred_target_15,err2_target_15,pred_target_60,err2_target_60,pred_target_240,err2_target_240,pred_target_1440,err2_target_1440
2025-02-01 20:01:00,gemma-3-12b-it,gemma-3-12b-it,8002,auto_designed,Prompts/auto_prompt_gemma-3-12b-it.json,True,,0.85,"```json
{""target_15"": 5.61, ""target_60"": 5.62, ""target_240"": 5.65, ""target_1440"": 5.70, ""confidence"": 0.85}
```",5.595543411388888,5.5706076697222215,5.606483828055552,5.576771478055555,5.599962438564536,5.601193678323899,5.617902503573124,5.631977956034962,5.61,0.0002089929542709296,5.62,0.002439602290269161,5.65,0.0018936572206987932,5.7,0.01518526862061259
2025-02-01 23:06:00,gemma-3-12b-it,gemma-3-12b-it,8002,auto_designed,Prompts/auto_prompt_gemma-3-12b-it.json,True,,0.85,"```json
{""target_15"": 5.615, ""target_60"": 5.595, ""target_240"": 5.580, ""target_1440"": 5.570, ""confidence"": 0.85}
```",5.580869544722219,5.601334453055557,5.567546028055553,5.583792961388888,5.596280750101037,5.551267111189269,5.616941961906456,5.631876306123637,5.615,0.0011648879774686105,5.595,4.01252955130599e-05,5.58,0.00015510141719308337,5.57,0.0001902457838753574
2025-02-02 02:11:00,gemma-3-12b-it,gemma-3-12b-it,8002,auto_designed,Prompts/auto_prompt_gemma-3-12b-it.json,True,,0.85,"```json
{""target_15"": 5.61, ""target_60"": 5.62, ""target_240"": 5.65, ""target_1440"": 5.70, ""confidence"": 0.85}
```",5.604448561388885,5.583098811388886,5.593080269722222,5.558116328055554,5.556632621897865,5.5578638616572285,5.574572686906453,5.610524642150399,5.61,3.0818470652979184e-05,5.62,0.0013616977209129867,5.65,0.0032398556948950445,5.7,0.02013097636443913
2025-02-02 05:16:00,gemma-3-12b-it,gemma-3-12b-it,8002,auto_designed,Prompts/auto_prompt_gemma-3-12b-it.json,True,,0.85,"```json
{""target_15"": 5.605, ""target_60"": 5.592, ""target_240"": 5.585, ""target_1440"": 5.578, ""confidence"": 0.85}
```",5.558522428055554,5.565717886388889,5.5862607780555535,5.592677044722223,5.578761413564536,5.579992653323899,5.596701478573124,5.624266989516656,5.605,0.0021601646938512278,5.592,0.0006907494958673398,5.585,1.5895613053654652e-06,5.578,0.00021541564177813657
2025-02-02 08:21:00,gemma-3-12b-it,gemma-3-12b-it,8002,auto_designed,Prompts/auto_prompt_gemma-3-12b-it.json,True,,0.85,"```json
{""target_15"": 5.62, ""target_60"": 5.65, ""target_240"": 5.7, ""target_1440"": 5.75, ""confidence"": 0.85}
```",5.590511419722223,5.597754253055555,5.558002236388887,5.589713028055556,5.583559871897869,5.584791111657232,5.601499936906457,5.629065447849989,5.62,0.0008695763667988796,5.65,0.00272961807378299,5.7,0.02016336487055751,5.75,0.02569191337511904
2025-02-02 11:26:00,gemma-3-12b-it,gemma-3-12b-it,8002,auto_designed,Prompts/auto_prompt_gemma-3-12b-it.json,True,,0.85,"```json
{""target_15"": 5.575, ""target_60"": 5.565, ""target_240"": 5.550, ""target_1440"": 5.530, ""confidence"": 0.85}
```",5.57875369472222,5.556771453055553,5.579930078055554,5.559958086388889,5.579705543905881,5.581262194990565,5.59797102023979,5.578252134818037,5.575,1.40902240676213e-05,5.565,6.770898481696754e-05,5.55,0.0008958095724115703,5.53,0.0008974869400841147
2025-02-02 14:31:00,gemma-3-12b-it,gemma-3-12b-it,8002,auto_designed,Prompts/auto_prompt_gemma-3-12b-it.json,True,,0.85,"```json
{""target_15"": 5.57, ""target_60"": 5.55, ""target_240"": 5.53, ""target_1440"": 5.50, ""confidence"": 0.85}
```",5.552284369722223,5.555642528055554,5.58486674472222,5.593365036388889,5.585930846897867,5.58716208665723,5.603870911906455,5.631436422849987,5.57,0.0003138435561389051,5.55,3.183812285771259e-05,5.53,0.0030103596764132047,5.5,0.008717030019898514
2025-02-02 17:36:00,gemma-3-12b-it,gemma-3-12b-it,8002,auto_designed,Prompts/auto_prompt_gemma-3-12b-it.json,True,,0.85,"```json
{""target_15"": 5.585, ""target_60"": 5.58, ""target_240"": 5.57, ""target_1440"": 5.56, ""confidence"": 0.85}
```",5.560838803055553,5.572071636388888,5.584761344722221,5.633257036388887,5.5921638468978685,5.593395086657232,5.610103911906457,5.625038256123638,5.585,0.0005837634377883478,5.58,6.285894955001265e-05,5.57,0.0002178972980082291,5.56,0.005366593380482767
2025-02-02 20:41:00,gemma-3-12b-it,gemma-3-12b-it,8002,auto_designed,Prompts/auto_prompt_gemma-3-12b-it.json,True,,0.85,"```json
{""target_15"": 5.585, ""target_60"": 5.585, ""target_240"": 5.585, ""target_1440"": 5.585, ""confidence"": 0.85}
```",5.554475894722224,5.563278961388889,5.557619894722222,5.599404144722222,5.569975930231202,5.571207169990565,5.58791599523979,5.614622614427979,5.585,0.0009317210030087285,5.585,0.0004718035183453782,5.585,0.000749670165022183,5.585,0.00020747938517870506
2025-02-02 23:47:00,gemma-3-12b-it,gemma-3-12b-it,8002,auto_designed,Prompts/auto_prompt_gemma-3-12b-it.json,True,,0.85,"```json
{""target_15"": 5.59, ""target_60"": 5.58, ""target_240"": 5.57, ""target_1440"": 5.56, ""confidence"": 0.85}
```",5.575609694722221,5.569228144722217,5.5652509863888895,5.599265419722222,5.583821241767701,5.539822774264586,5.60448245357312,5.632047964516652,5.59,0.00020708088598766656,5.58,0.00011603286612549942,5.57,2.2553130278515615e-05,5.56,0.0015417731859623106
2025-02-03 02:52:00,gemma-3-12b-it,gemma-3-12b-it,8002,auto_designed,Prompts/auto_prompt_gemma-3-12b-it.json,True,,0.85,"```json
{""target_15"": 5.605, ""target_60"": 5.615, ""target_240"": 5.630, ""target_1440"": 5.650, ""confidence"": 0.85}
```",5.569166136388887,5.57510961972222,5.564108894722224,5.565485136388887,5.597483046897864,5.598714286657227,5.615423111906452,5.630357456123633,5.605,0.0012840657812998853,5.615,0.0015912424387059458,5.63,0.004341637754726898,5.65,0.007142762171205153
2025-02-03 05:57:00,gemma-3-12b-it,gemma-3-12b-it,8002,auto_designed,Prompts/auto_prompt_gemma-3-12b-it.json,True,,0.85,"```json
{""target_15"": 5.575, ""target_60"": 5.565, ""target_240"": 5.550, ""target_1440"": 5.535, ""confidence"": 0.85}
```",5.601044103055553,5.594750936388891,5.55736678638889,5.562683778055551,5.6010493218978645,5.602280561657228,5.618989386906453,5.633923731123634,5.575,0.0006782953039682734,5.565,0.0008851182160158276,5.55,5.426954169953809e-05,5.535,0.0007663915674290194
2025-02-03 09:02:00,gemma-3-12b-it,gemma-3-12b-it,8002,auto_designed,Prompts/auto_prompt_gemma-3-12b-it.json,True,,0.85,"```json
{""target_15"": 5.61, ""target_60"": 5.60, ""target_240"": 5.58, ""target_1440"": 5.55, ""confidence"": 0.85}
```",5.582645386388887,5.560537111388889,5.598421003055556,5.61041593638889,5.577468188564531,5.578699428323894,5.595408253573119,5.622114872761308,5.61,0.0007482748858132837,5.6,0.0015573195775329036,5.58,0.00033933335357279716,5.55,0.003650085369746387
2025-02-03 12:07:00,gemma-3-12b-it,gemma-3-12b-it,8002,auto_designed,Prompts/auto_prompt_gemma-3-12b-it.json,True,,0.85,"```json
{""target_15"": 5.588, ""target_60"": 5.565, ""target_240"": 5.560, ""target_1440"": 5.558, ""confidence"": 0.85}
```",5.558467344722221,5.580851053055554,5.60804631972222,5.5924688363888855,5.608588474293306,5.621051690730333,5.642446893689289,5.504120723766341,5.588,0.0008721777277561433,5.565,0.000251255882969967,5.56,0.0023084488388498354,5.558,0.0011881006820037674
2025-02-03 15:12:00,gemma-3-12b-it,gemma-3-12b-it,8002,auto_designed,Prompts/auto_prompt_gemma-3-12b-it.json,True,,0.85,"```json
{""target_15"": 5.615, ""target_60"": 5.610, ""target_240"": 5.605, ""target_1440"": 5.600, ""confidence"": 0.85}
```",5.604080294722223,5.596845003055556,5.606196294722224,5.575959911388889,5.5631200496905535,5.576671374063665,5.586947337524691,5.577429356552386,5.615,0.0001192399633535102,5.61,0.00017305394460834258,5.605,1.431121062420308e-06,5.6,0.000577925860430056
2025-02-03 18:17:00,gemma-3-12b-it,gemma-3-12b-it,8002,auto_designed,Prompts/auto_prompt_gemma-3-12b-it.json,True,,0.85,"```json
{""target_15"": 5.65, ""target_60"": 5.65, ""target_240"": 5.65, ""target_1440"": 5.65, ""confidence"": 0.85}
```",5.608674519722221,5.581320169722218,5.596752794722221,5.590339703055555,5.60144580802389,5.614997132397001,5.625273095858027,5.605254052155395,5.65,0.0017077953201890957,5.65,0.0047169190869849435,5.65,0.0028352648698939877,5.65,0.0035593510314993627
2025-02-03 21:22:00,gemma-3-12b-it,gemma-3-12b-it,8002,auto_designed,Prompts/auto_prompt_gemma-3-12b-it.json,True,,0.85,"```json
{""target_15"": 5.605, ""target_60"": 5.595, ""target_240"": 5.590, ""target_1440"": 5.585, ""confidence"": 0.85}
```",5.603490653055555,5.618786394722221,5.6200488863888864,5.601595444722221,5.592140474690556,5.6060901718292975,5.6159677625246935,5.620240228584468,5.605,2.278128198705928e-06,5.595,0.0005657925738813238,5.59,0.0009029355732122136,5.585,0.0002754087855283064
2025-02-04 00:27:00,gemma-3-12b-it,gemma-3-12b-it,8002,auto_designed,Prompts/auto_prompt_gemma-3-12b-it.json,True,,0.85,"```json
{""target_15"": 5.585, ""target_60"": 5.565, ""target_240"": 5.535, ""target_1440"": 5.505, ""confidence"": 0.85}
```",5.582445444722218,5.608694286388889,5.608524628055555,5.581022928055553,5.577924755416561,5.595039051331796,5.601623062524695,5.605036634966481,5.585,6.525752667243475e-06,5.565,0.001909190663034246,5.535,0.0054058709307077115,5.505,0.005779485590139837
2025-02-04 03:33:00,gemma-3-12b-it,gemma-3-12b-it,8002,auto_designed,Prompts/auto_prompt_gemma-3-12b-it.json,True,,0.85,"```json
{""target_15"": 5.62, ""target_60"": 5.61, ""target_240"": 5.60, ""target_1440"": 5.58, ""confidence"": 0.85}
```",5.599649553055556,5.612976911388888,5.609796003055557,5.6103414947222205,5.583746108023888,5.597297432396999,5.607573395858026,5.610986968299812,5.62,0.00041414069083862065,5.61,8.862001417287138e-06,5.6,9.596167586448754e-05,5.58,0.0009206063019785329
2025-02-04 06:38:00,gemma-3-12b-it,gemma-3-12b-it,8002,auto_designed,Prompts/auto_prompt_gemma-3-12b-it.json,True,,0.85,"```json
{""target_15"": 5.58, ""target_60"": 5.55, ""target_240"": 5.50, ""target_1440"": 5.40, ""confidence"": 0.85}
```",5.587102236388887,5.601103778055553,5.599701378055553,5.587914928055554,5.557938699690553,5.571490024063664,5.58176598752469,5.572248006552385,5.58,5.0441761723628536e-05,5.55,0.0026115961315511973,5.5,0.009940364786176242,5.4,0.035312020186123824
2025-02-04 09:43:00,gemma-3-12b-it,gemma-3-12b-it,8002,auto_designed,Prompts/auto_prompt_gemma-3-12b-it.json,True,,0.85,"```json
{""target_15"": 5.62, ""target_60"": 5.65, ""target_240"": 5.70, ""target_1440"": 5.75, ""confidence"": 0.85}
```",5.583296636388887,5.571581344722219,5.571755769722223,5.6105956530555545,5.5834428830238885,5.596994207397,5.607270170858026,5.582275395670802,5.62,0.0013471369003695685,5.65,0.006149485495575523,5.7,0.01644658259953946,5.75,0.019433571947007327
2025-02-04 12:48:00,gemma-3-12b-it,gemma-3-12b-it,8002,auto_designed,Prompts/auto_prompt_gemma-3-12b-it.json,True,,0.85,"```json
{""target_15"": 5.605, ""target_60"": 5.612, ""target_240"": 5.625, ""target_1440"": 5.638, ""confidence"": 0.85}
```",5.61093476138889,5.601973361388886,5.606169578055553,5.641484953055553,5.59421227979907,5.608089015730332,5.618364979191359,5.593370204004135,5.605,3.522139274305479e-05,5.612,0.0001005334818378837,5.625,0.0003545847906059051,5.638,1.214489779940794e-05
2025-02-04 15:53:00,gemma-3-12b-it,gemma-3-12b-it,8002,auto_designed,Prompts/auto_prompt_gemma-3-12b-it.json,True,,0.85,"```json
{""target_15"": 5.58, ""target_60"": 5.53, ""target_240"": 5.45, ""target_1440"": 5.30, ""confidence"": 0.85}
```",5.576665853055555,5.595762211388887,5.610229169722221,5.609088619722222,5.596077458023892,5.609628782397003,5.61990474585803,5.60074459763603,5.58,1.111653584715048e-05,5.53,0.00432466844675668,5.45,0.02567338682987213,5.3,0.09553577484178837
2025-02-04 18:58:00,gemma-3-12b-it,gemma-3-12b-it,8002,auto_designed,Prompts/auto_prompt_gemma-3-12b-it.json,True,,0.85,"```json
{""target_15"": 5.61, ""target_60"": 5.58, ""target_240"": 5.55, ""target_1440"": 5.50, ""confidence"": 0.85}
```",5.569574928055552,5.604673903055556,5.61208369472222,5.656804403055553,5.585690208023888,5.599241532396999,5.609517495858025,5.583780190220576,5.61,0.0016341864417138416,5.58,0.0006088014919949566,5.55,0.0038543851503618732,5.5,0.02458762081760821
2025-02-04 22:03:00,gemma-3-12b-it,gemma-3-12b-it,8002,auto_designed,Prompts/auto_prompt_gemma-3-12b-it.json,True,,0.85,"```json
{""target_15"": 5.62, ""target_60"": 5.65, ""target_240"": 5.70, ""target_1440"": 5.75, ""confidence"": 0.85}
```",5.570456361388889,5.605911119722222,5.604365236388887,5.644461178055554,5.581321947083225,5.595676595151772,5.605020254191359,5.585001210488727,5.62,0.0024545721268284123,5.65,0.0019438293641482534,5.7,0.00914600801095355,5.75,0.01113844293742147
2025-02-05 01:08:00,gemma-3-12b-it,gemma-3-12b-it,8002,auto_designed,Prompts/auto_prompt_gemma-3-12b-it.json,True,,0.85,"```json
{""target_15"": 5.64, ""target_60"": 5.63, ""target_240"": 5.6, ""target_1440"": 5.55, ""confidence"": 0.85}
```",5.611157261388886,5.584400503055555,5.60304406972222,5.6322535447222215,5.579599141357221,5.59684241799846,5.603426429191359,5.578445355621852,5.64,0.0008319035705890255,5.63,0.002079314121586437,5.6,9.266360473736817e-06,5.55,0.006765645619370523
2025-02-05 04:13:00,gemma-3-12b-it,gemma-3-12b-it,8002,auto_designed,Prompts/auto_prompt_gemma-3-12b-it.json,True,,0.85,"```json
{""target_15"": 5.600, ""target_60"": 5.550, ""target_240"": 5.500, ""target_1440"": 5.450, ""confidence"": 0.85}
```",5.62037535305555,5.583585436388887,5.607424303055552,5.668314919722221,5.615076774690554,5.628628099063665,5.62699272200118,5.613166756887242,5.6,0.00041515501213833537,5.55,0.00112798153743199,5.5,0.011539980886971116,5.45,0.047661404173319585
2025-02-05 07:19:00,gemma-3-12b-it,gemma-3-12b-it,8002,auto_designed,Prompts/auto_prompt_gemma-3-12b-it.json,True,,0.85,"```json
{""target_15"": 5.64, ""target_60"": 5.60, ""target_240"": 5.61, ""target_1440"": 5.62, ""confidence"": 0.85}
```",5.629953469722221,5.59016706138889,5.5942801113888905,5.668437628055553,5.623002731611223,5.636478399063662,5.600806831752152,5.620794828419776,5.64,0.0001009327706223306,5.6,9.668668172985803e-05,5.61,0.000247114897945701,5.62,0.0023462038116481127
2025-02-05 10:24:00,gemma-3-12b-it,gemma-3-12b-it,8002,auto_designed,Prompts/auto_prompt_gemma-3-12b-it.json,True,,0.85,"```json
{""target_15"": 5.615, ""target_60"": 5.600, ""target_240"": 5.590, ""target_1440"": 5.580, ""confidence"": 0.85}
```",5.624883178055555,5.61828159472222,5.646218428055555,5.673565844722223,5.612951575122402,5.61546211165723,5.610974075155077,5.6031510484160165,5.615,9.767720847779618e-05,5.6,0.00033421670558753125,5.59,0.0031605116530376,5.58,0.008754567298583095
2025-02-05 13:29:00,gemma-3-12b-it,gemma-3-12b-it,8002,auto_designed,Prompts/auto_prompt_gemma-3-12b-it.json,True,,0.85,"```json
{""target_15"": 5.647, ""target_60"": 5.652, ""target_240"": 5.658, ""target_1440"": 5.664, ""confidence"": 0.85}
```",5.601356869722217,5.64543216972222,5.614519844722224,5.688085919722219,5.635869208458157,5.648960899063663,5.648767622621076,5.632330951947065,5.647,0.0020832953415547014,5.652,4.31363945577276e-05,5.658,0.0018905239029795256,5.664,0.0005801315288652085
2025-02-05 16:34:00,gemma-3-12b-it,gemma-3-12b-it,8002,auto_designed,Prompts/auto_prompt_gemma-3-12b-it.json,True,,0.85,"```json
{""target_15"": 5.625, ""target_60"": 5.610, ""target_240"": 5.595, ""target_1440"": 5.580, ""confidence"": 0.85}
```",5.64512151972222,5.6151672363888885,5.654972861388888,5.664839715555551,5.642844964834197,5.654552724063663,5.6532256687900855,5.638639113018556,5.625,0.0004048755559317056,5.61,2.6700331898649987e-05,5.595,0.0035967441031708155,5.58,0.007197777335546864
2025-02-05 19:39:00,gemma-3-12b-it,gemma-3-12b-it,8002,auto_designed,Prompts/auto_prompt_gemma-3-12b-it.json,True,,0.85,"```json
{""target_15"": 5.664, ""target_60"": 5.678, ""target_240"": 5.685, ""target_1440"": 5.692, ""confidence"": 0.85}
```",5.607228453055555,5.656440269722218,5.660817323888889,5.653023378055554,5.718736845592147,5.73195364751119,5.741110598959139,5.718312587181217,5.664,0.003223008542465294,5.678,0.0004648219696507155,5.685,0.0005848018238948891,5.692,0.0015191770582002747
2025-02-05 22:44:00,gemma-3-12b-it,gemma-3-12b-it,8002,auto_designed,Prompts/auto_prompt_gemma-3-12b-it.json,True,,0.85,"```json
{""target_15"": 5.65, ""target_60"": 5.65, ""target_240"": 5.65, ""target_1440"": 5.65, ""confidence"": 0.85}
```",5.645539903055557,5.645136336388887,5.666771378055557,5.671625594722222,5.684969060466216,5.689467205077932,5.705214033013732,5.680548636585996,5.65,1.9892464753834178e-05,5.65,2.365522372206486e-05,5.65,0.00028127912188241725,5.65,0.0004676663470897925
2025-02-08 02:48:00,gemma-3-12b-it,gemma-3-12b-it,8002,auto_designed,Prompts/auto_prompt_gemma-3-12b-it.json,True,,0.85,"```json
{""target_15"": 5.720, ""target_60"": 5.710, ""target_240"": 5.700, ""target_1440"": 5.690, ""confidence"": 0.85}
```",5.744399303055552,5.739559478055554,5.740956769722221,5.734952153055552,5.784844172563144,5.780114430844524,5.788401966359206,5.76647337051455,5.72,0.0005953259895966714,5.71,0.000873762742916787,5.7,0.0016774569860790079,5.69,0.002020696064329743
2025-02-08 05:53:00,gemma-3-12b-it,gemma-3-12b-it,8002,auto_designed,Prompts/auto_prompt_gemma-3-12b-it.json,True,,0.85,"```json
{""target_15"": 5.75, ""target_60"": 5.75, ""target_240"": 5.75, ""target_1440"": 5.75, ""confidence"": 0.85}
```",5.711413669722223,5.740072953055552,5.70637926972222,5.775977436388889,5.799814464229812,5.795084722511191,5.803372258025874,5.781443662181218,5.75,0.0014889048843057006,5.75,9.854626103726806e-05,5.75,0.0019027681099668538,5.75,0.0006748272013387598
2025-02-08 08:58:00,gemma-3-12b-it,gemma-3-12b-it,8002,auto_designed,Prompts/auto_prompt_gemma-3-12b-it.json,True,,0.85,"```json
{""target_15"": 5.75, ""target_60"": 5.72, ""target_240"": 5.68, ""target_1440"": 5.65, ""confidence"": 0.85}
```",5.721594194722222,5.709997294722221,5.70837546972222,5.758449378055556,5.772213855896474,5.767484114177854,5.775654217599289,5.748008429676624,5.75,0.0008068897734790421,5.72,0.00010005411287409721,5.68,0.0008051672819566645,5.65,0.011761267600636909
2025-02-08 12:04:00,gemma-3-12b-it,gemma-3-12b-it,8002,auto_designed,Prompts/auto_prompt_gemma-3-12b-it.json,True,,0.85,"```json
{""target_15"": 5.745, ""target_60"": 5.735, ""target_240"": 5.730, ""target_1440"": 5.725, ""confidence"": 0.85}
```",5.707329903055552,5.741996569722222,5.761926211388889,5.796695369722222,5.798543404970388,5.790821497511189,5.798991600932624,5.771345813009958,5.745,0.0014190362038041361,5.735,4.8951987877905265e-05,5.73,0.0010192829736480231,5.725,0.005140226039606205
2025-02-08 15:09:00,gemma-3-12b-it,gemma-3-12b-it,8002,auto_designed,Prompts/auto_prompt_gemma-3-12b-it.json,True,,0.85,"```json
{""target_15"": 5.765, ""target_60"": 5.755, ""target_240"": 5.745, ""target_1440"": 5.735, ""confidence"": 0.85}
```",5.727646369722223,5.75647256138889,5.71746416972222,5.795154361388885,5.789495254055598,5.779767089177856,5.787937192599291,5.766126028847882,5.765,0.0013952936949288624,5.755,2.1684370440488717e-06,5.745,0.0007582219490867153,5.735,0.0036185471941045616
2025-02-08 18:14:00,gemma-3-12b-it,gemma-3-12b-it,8002,auto_designed,Prompts/auto_prompt_gemma-3-12b-it.json,True,,0.85,"```json
{""target_15"": 5.740, ""target_60"": 5.770, ""target_240"": 5.790, ""target_1440"": 5.800, ""confidence"": 0.85}
```",5.761777203055555,5.721458544722218,5.761193436388886,5.800168194722222,5.778378179055601,5.768650014177858,5.776820117599293,5.755008953847884,5.74,0.0004742465729228632,5.77,0.0023562728804848968,5.79,0.0008298181070811381,5.8,2.8289464583284703e-08
2025-02-08 21:19:00,gemma-3-12b-it,gemma-3-12b-it,8002,auto_designed,Prompts/auto_prompt_gemma-3-12b-it.json,True,,0.85,"```json
{""target_15"": 5.765, ""target_60"": 5.725, ""target_240"": 5.698, ""target_1440"": 5.652, ""confidence"": 0.85}
```",5.7133741780555525,5.75789141972222,5.734105461388886,5.807358819722218,5.810128389385465,5.803983711630973,5.810034467599291,5.788223303847882,5.765,0.0026652254914397663,5.725,0.0010818454913432928,5.698,0.0013036043421042925,5.652,0.02413636286548056
2025-02-09 00:24:00,gemma-3-12b-it,gemma-3-12b-it,8002,auto_designed,Prompts/auto_prompt_gemma-3-12b-it.json,True,,0.85,"```json
{""target_15"": 5.76, ""target_60"": 5.78, ""target_240"": 5.82, ""target_1440"": 5.88, ""confidence"": 0.85}
```",5.762681203055553,5.730714461388885,5.773666344722223,5.821121678055555,5.807414497563144,5.805338685249438,5.810854859265959,5.78904369551455,5.76,7.1888498251101654e-06,5.78,0.002429064316187714,5.82,0.0021468076113999235,5.88,0.0034666567949937503
2025-02-09 03:29:00,gemma-3-12b-it,gemma-3-12b-it,8002,auto_designed,Prompts/auto_prompt_gemma-3-12b-it.json,True,,0.85,"```json
{""target_15"": 5.772, ""target_60"": 5.788, ""target_240"": 5.812, ""target_1440"": 5.856, ""confidence"": 0.85}
```",5.747676353055553,5.771119303055556,5.760137569722218,5.818887861388888,5.809623997670812,5.804624030844522,5.812911566359205,5.790982970514548,5.772,0.0005916398006781165,5.788,0.00028495792933015896,5.812,0.0026897116743178143,5.856,0.001377310832290354
2025-02-09 06:34:00,gemma-3-12b-it,gemma-3-12b-it,8002,auto_designed,Prompts/auto_prompt_gemma-3-12b-it.json,True,,0.85,"```json
{""target_15"": 5.765, ""target_60"": 5.715, ""target_240"": 5.650, ""target_1440"": 5.500, ""confidence"": 0.85}
```",5.781194219722217,5.753605536388889,5.757542144722223,5.790278178055555,5.8224930642298105,5.81776332251119,5.826050858025873,5.804122262181217,5.765,0.000262252752411439,5.715,0.0014903874398738562,5.65,0.011565312891455392,5.5,0.0842614206552525
2025-02-09 09:39:00,gemma-3-12b-it,gemma-3-12b-it,8002,auto_designed,Prompts/auto_prompt_gemma-3-12b-it.json,True,,0.85,"```json
{""target_15"": 5.78, ""target_60"": 5.77, ""target_240"": 5.75, ""target_1440"": 5.70, ""confidence"": 0.85}
```",5.762895594722224,5.758204019722221,5.780624694722221,5.779001878055553,5.820578322563144,5.815848580844524,5.824018684265958,5.731741266608061,5.78,0.00029256067990642714,5.77,0.00013914515071373424,5.75,0.0009378719268292077,5.7,0.0062412967363044015
2025-02-09 12:44:00,gemma-3-12b-it,gemma-3-12b-it,8002,auto_designed,Prompts/auto_prompt_gemma-3-12b-it.json,True,,0.85,"```json
{""target_15"": 5.805, ""target_60"": 5.822, ""target_240"": 5.851, ""target_1440"": 5.888, ""confidence"": 0.85}
```",5.772424569722222,5.792576519722221,5.797850236388889,5.812850169722218,5.825443103720993,5.817635564177856,5.82580566759929,5.803994503847882,5.805,0.0010611586577823383,5.822,0.0008657411916568414,5.851,0.002824897371916945,5.888,0.0056474969907794725
2025-02-09 15:50:00,gemma-3-12b-it,gemma-3-12b-it,8002,auto_designed,Prompts/auto_prompt_gemma-3-12b-it.json,True,,0.85,"```json
{""target_15"": 5.820, ""target_60"": 5.800, ""target_240"": 5.770, ""target_1440"": 5.730, ""confidence"": 0.85}
```",5.800191536388887,5.776057844722221,5.794511828055555,5.805842536388891,5.825975145722264,5.816246980844522,5.824417084265956,5.802605920514548,5.82,0.00039237523063280076,5.8,0.0005732267993452802,5.77,0.0006008297146251022,5.73,0.0057520903259001615
2025-02-09 18:55:00,gemma-3-12b-it,gemma-3-12b-it,8002,auto_designed,Prompts/auto_prompt_gemma-3-12b-it.json,True,,0.85,"```json
{""target_15"": 5.82, ""target_60"": 5.79, ""target_240"": 5.75, ""target_1440"": 5.70, ""confidence"": 0.85}
```",5.814454011388889,5.787260303055554,5.812361653055554,5.785628336388889,5.827297037388931,5.817568872511188,5.825738975932623,5.803927812181215,5.82,3.0757989674571655e-05,5.79,7.505939347407853e-06,5.75,0.0038889757718212556,5.7,0.0073322119927287325
2025-02-09 22:00:00,gemma-3-12b-it,gemma-3-12b-it,8002,auto_designed,Prompts/auto_prompt_gemma-3-12b-it.json,True,,0.85,"```json
{""target_15"": 5.820, ""target_60"": 5.795, ""target_240"": 5.770, ""target_1440"": 5.740, ""confidence"": 0.85}
```",5.820838211388889,5.811125253055554,5.823012053055557,5.803226186388887,5.829490318312601,5.823263069964305,5.829313825932623,5.807502662181214,5.82,7.025983324624051e-07,5.795,0.000260023786105654,5.77,0.002810277769165203,5.74,0.003997550645282251
2025-02-10 01:05:00,gemma-3-12b-it,gemma-3-12b-it,8002,auto_designed,Prompts/auto_prompt_gemma-3-12b-it.json,True,,0.85,"```json
{""target_15"": 5.775, ""target_60"": 5.76, ""target_240"": 5.72, ""target_1440"": 5.65, ""confidence"": 0.85}
```",5.815127369722219,5.821185611388884,5.817555228055554,5.79305006138889,5.810570255896479,5.805840514177859,5.814010617599294,5.792199453847886,5.775,0.0016102058008236652,5.76,0.0037436790410315867,5.72,0.009517022520971117,5.65,0.02046332006336497
2025-02-10 04:10:00,gemma-3-12b-it,gemma-3-12b-it,8002,auto_designed,Prompts/auto_prompt_gemma-3-12b-it.json,True,,0.85,"```json
{""target_15"": 5.775, ""target_60"": 5.765, ""target_240"": 5.745, ""target_1440"": 5.715, ""confidence"": 0.85}
```",5.80467473638889,5.811609153055549,5.799433194722219,5.811993086388888,5.814304197563139,5.809574455844519,5.817861991359202,5.795933395514545,5.775,0.0008805899797500767,5.765,0.002172413148555657,5.745,0.0029629726876670313,5.715,0.009407658807242363
2025-02-10 07:15:00,gemma-3-12b-it,gemma-3-12b-it,8002,auto_designed,Prompts/auto_prompt_gemma-3-12b-it.json,True,,0.85,"```json
{""target_15"": 5.785, ""target_60"": 5.805, ""target_240"": 5.825, ""target_1440"": 5.835, ""confidence"": 0.85}
```",5.77940739472222,5.806267578055554,5.808144336388889,5.814301653055551,5.816820172563144,5.812090430844524,5.820377966359207,5.79844937051455,5.785,3.127723379305202e-05,5.805,1.6067541269220526e-06,5.825,0.000284113395770947,5.835,0.00042842156623276506
2025-02-10 10:20:00,gemma-3-12b-it,gemma-3-12b-it,8002,auto_designed,Prompts/auto_prompt_gemma-3-12b-it.json,True,,0.85,"```json
{""target_15"": 5.775, ""target_60"": 5.815, ""target_240"": 5.835, ""target_1440"": 5.845, ""confidence"": 0.85}
```",5.780827844722221,5.806728903055557,5.80393311972222,5.813915153055554,5.821338279970391,5.813616372511191,5.821786475932626,5.729509058274729,5.775,3.396377410632018e-05,5.815,6.841104466437895e-05,5.835,0.0009651510501938908,5.845,0.0009662677095596352
2025-02-10 13:25:00,gemma-3-12b-it,gemma-3-12b-it,8002,auto_designed,Prompts/auto_prompt_gemma-3-12b-it.json,True,,0.85,"```json
{""target_15"": 5.78, ""target_60"": 5.78, ""target_240"": 5.78, ""target_1440"": 5.78, ""confidence"": 0.85}
```",5.811608936388886,5.802662636388888,5.78115381138889,5.818551561388887,5.828222054055601,5.818493889177859,5.826663992599293,5.804852828847885,5.78,0.0009991248596366317,5.78,0.00051359508809494,5.78,1.3312807211318412e-06,5.78,0.0014862228855210837
2025-02-10 16:30:00,gemma-3-12b-it,gemma-3-12b-it,8002,auto_designed,Prompts/auto_prompt_gemma-3-12b-it.json,True,,0.85,"```json
{""target_15"": 5.815, ""target_60"": 5.810, ""target_240"": 5.800, ""target_1440"": 5.785, ""confidence"": 0.85}
```",5.795747594722222,5.790455428055555,5.785690403055554,5.825906819722221,5.835374687388935,5.825646522511192,5.833816625932627,5.812005462181219,5.815,0.0003706551089798247,5.81,0.0003819902924915662,5.8,0.00020476456471249198,5.785,0.0016733678997862425
2025-02-10 19:36:00,gemma-3-12b-it,gemma-3-12b-it,8002,auto_designed,Prompts/auto_prompt_gemma-3-12b-it.json,True,,0.85,"```json
{""target_15"": 5.81, ""target_60"": 5.83, ""target_240"": 5.85, ""target_1440"": 5.87, ""confidence"": 0.85}
```",5.808138511388886,5.78293006972222,5.790290711388888,5.828126915555554,5.851818212388935,5.842090047511192,5.850260150932627,5.828448987181218,5.81,3.465139849304291e-06,5.83,0.0022155783363550447,5.85,0.003565199146445032,5.87,0.0017533552008916996
2025-02-10 22:41:00,gemma-3-12b-it,gemma-3-12b-it,8002,auto_designed,Prompts/auto_prompt_gemma-3-12b-it.json,True,,0.85,"```json
{""target_15"": 5.815, ""target_60"": 5.785, ""target_240"": 5.770, ""target_1440"": 5.765, ""confidence"": 0.85}
```",5.79430544472222,5.79760176138889,5.802980586388891,5.827364611388887,5.858195589145936,5.853703429678745,5.858019096765958,5.836207933014549,5.815,0.00042826461814509076,5.785,0.00015880439010251373,5.77,0.0010877190785551322,5.765,0.0038893447536869695
2025-02-11 01:46:00,gemma-3-12b-it,gemma-3-12b-it,8002,auto_designed,Prompts/auto_prompt_gemma-3-12b-it.json,True,,0.85,"```json
{""target_15"": 5.805, ""target_60"": 5.775, ""target_240"": 5.750, ""target_1440"": 5.730, ""confidence"": 0.85}
```",5.790678753055552,5.802481911388888,5.812175561388887,5.825766803055554,5.852718547563143,5.847988805844523,5.856276341359205,5.834347745514549,5.805,0.00020509811404385565,5.775,0.00075525545358668,5.75,0.0038658004340232865,5.73,0.009171280567481238
2025-02-11 04:51:00,gemma-3-12b-it,gemma-3-12b-it,8002,auto_designed,Prompts/auto_prompt_gemma-3-12b-it.json,True,,0.85,"```json
{""target_15"": 5.816, ""target_60"": 5.812, ""target_240"": 5.808, ""target_1440"": 5.805, ""confidence"": 0.85}
```",5.813896878055555,5.810724369722223,5.812236044722219,5.831125061388889,5.85794380172981,5.85321406001119,5.861501595525873,5.8395729996812165,5.816,4.423121913204983e-06,5.812,1.6272326055819816e-06,5.808,1.794407488864275e-05,5.805,0.0006825188325732208
2025-02-11 07:56:00,gemma-3-12b-it,gemma-3-12b-it,8002,auto_designed,Prompts/auto_prompt_gemma-3-12b-it.json,True,,0.95,"```json
{""target_15"": 5.815, ""target_60"": 5.815, ""target_240"": 5.815, ""target_1440"": 5.815, ""confidence"": 0.95}
```",5.813315661388888,5.812230178055554,5.8154129363888885,5.817718828055554,5.856905330896478,5.8521755891778575,5.860345692599292,5.838534528847884,5.815,2.83699655688439e-06,5.815,7.671913603937538e-06,5.815,1.7051646126791382e-07,5.815,7.3920259956658e-06
2025-02-11 11:01:00,gemma-3-12b-it,gemma-3-12b-it,8002,auto_designed,Prompts/auto_prompt_gemma-3-12b-it.json,True,,0.85,"```json
{""target_15"": 5.815, ""target_60"": 5.813, ""target_240"": 5.811, ""target_1440"": 5.809, ""confidence"": 0.85}
```",5.817058503055556,5.814330528055557,5.827408661388887,5.815758669722221,5.86284432997039,5.85512242251119,5.863292525932625,5.771015108274728,5.815,4.23743482973062e-06,5.813,1.7703049066239984e-06,5.811,0.00026924416857515007,5.809,4.5679616414070646e-05
2025-02-11 14:06:00,gemma-3-12b-it,gemma-3-12b-it,8002,auto_designed,Prompts/auto_prompt_gemma-3-12b-it.json,True,,0.85,"```json
{""target_15"": 5.835, ""target_60"": 5.825, ""target_240"": 5.810, ""target_1440"": 5.795, ""confidence"": 0.85}
```",5.830367428055556,5.828394153055555,5.828901678055559,5.820653994722221,5.857690720722268,5.847962555844525,5.85613265926596,5.834321495514551,5.835,2.146072282044758e-05,5.825,1.152027496453345e-05,5.81,0.00035727343331602924,5.795,0.0006581274452077524
2025-02-11 17:11:00,gemma-3-12b-it,gemma-3-12b-it,8002,auto_designed,Prompts/auto_prompt_gemma-3-12b-it.json,True,,0.85,"```json
{""target_15"": 5.827, ""target_60"": 5.825, ""target_240"": 5.823, ""target_1440"": 5.820, ""confidence"": 0.85}
```",5.8267426947222205,5.827556628055554,5.827158403055556,5.825381194722223,5.861385737388932,5.85165757251119,5.859827675932625,5.838016512181216,5.827,6.620600597316073e-08,5.825,6.536347014443612e-06,5.823,1.7292315972453168e-05,5.82,2.8957256638481666e-05
2025-02-11 20:16:00,gemma-3-12b-it,gemma-3-12b-it,8002,auto_designed,Prompts/auto_prompt_gemma-3-12b-it.json,True,,0.85,"```json
{""target_15"": 5.830, ""target_60"": 5.832, ""target_240"": 5.835, ""target_1440"": 5.838, ""confidence"": 0.85}
```",5.828074311388889,5.8282984863888885,5.831647369722219,5.82896224472222,5.86133712872099,5.853529589177853,5.861699692599288,5.83988852884788,5.83,3.7082766269633753e-06,5.832,1.3701203013242759e-05,5.835,1.124012977949159e-05,5.838,8.168102046104129e-05
2025-02-11 23:22:00,gemma-3-12b-it,gemma-3-12b-it,8002,auto_designed,Prompts/auto_prompt_gemma-3-12b-it.json,True,,0.85,"```json
{""target_15"": 5.830, ""target_60"": 5.830, ""target_240"": 5.832, ""target_1440"": 5.835, ""confidence"": 0.85}
```",5.8279051697222215,5.831430311388889,5.825944511388887,5.836190378055555,5.855218682909541,5.853801258845412,5.858116925932624,5.836305762181215,5.83,4.38831389269784e-06,5.83,2.0457906691854044e-06,5.832,3.666894231932251e-05,5.835,1.4169999151471599e-06
2025-02-12 02:27:00,gemma-3-12b-it,gemma-3-12b-it,8002,auto_designed,Prompts/auto_prompt_gemma-3-12b-it.json,True,,0.85,"```json
{""target_15"": 5.827, ""target_60"": 5.826, ""target_240"": 5.825, ""target_1440"": 5.825, ""confidence"": 0.85}
```",5.828151328055554,5.827530653055554,5.835121119722221,5.8487407030555545,5.859486947563141,5.854757205844521,5.863044741359204,5.841116145514548,5.827,1.3255562915066788e-06,5.826,2.3428987764778124e-06,5.825,0.00010243706443151887,5.825,0.0005636209815720059
2025-02-12 05:32:00,gemma-3-12b-it,gemma-3-12b-it,8002,auto_designed,Prompts/auto_prompt_gemma-3-12b-it.json,True,,0.85,"```json
{""target_15"": 0.001, ""target_60"": 0.002, ""target_240"": 0.003, ""target_1440"": 0.004, ""confidence"": 0.85}
```",5.8314389197222205,5.834863219722219,5.814842411388888,5.857121961388888,5.859136864229811,5.854407122511191,5.862694658025873,5.840766062181217,0.001,33.99401799661161,0.002,34.02229333998826,0.003,33.7775122148186,0.004,34.259036694892906
2025-02-12 08:37:00,gemma-3-12b-it,gemma-3-12b-it,8002,auto_designed,Prompts/auto_prompt_gemma-3-12b-it.json,True,,0.85,"```json
{""target_15"": 5.830, ""target_60"": 5.845, ""target_240"": 5.860, ""target_1440"": 5.870, ""confidence"": 0.85}
```",5.815979711388888,5.815448669722223,5.8178734530555545,5.859219178055554,5.858082397563145,5.853352655844525,5.861522759265959,5.833876971343294,5.83,0.00019656849273888425,5.845,0.000873281121186221,5.86,0.0017746459574625993,5.87,0.0001162261217978548
2025-02-12 11:42:00,gemma-3-12b-it,gemma-3-12b-it,8002,auto_designed,Prompts/auto_prompt_gemma-3-12b-it.json,True,,0.85,"```json
{""target_15"": 5.825, ""target_60"": 5.822, ""target_240"": 5.815, ""target_1440"": 5.808, ""confidence"": 0.85}
```",5.819162278055554,5.819929778055553,5.824678328055555,5.859993844722219,5.850324088303722,5.842602180844523,5.8507722842659575,5.823126496343292,5.825,3.4078997500667496e-05,5.822,4.2858188992720015e-06,5.815,9.36700339509305e-05,5.808,0.0027033598889981995
2025-02-12 14:47:00,gemma-3-12b-it,gemma-3-12b-it,8002,auto_designed,Prompts/auto_prompt_gemma-3-12b-it.json,True,,0.85,"```json
{""target_15"": 5.83, ""target_60"": 5.84, ""target_240"": 5.85, ""target_1440"": 5.86, ""confidence"": 0.85}
```",5.822865644722221,5.824987603055554,5.829762494722221,5.863867878055554,5.845773295722264,5.836045130844521,5.844215234265956,5.822404070514548,5.83,5.089902522957866e-05,5.84,0.00022537206201760508,5.85,0.0004095566198681153,5.86,1.4960480652637028e-05
2025-02-12 17:52:00,gemma-3-12b-it,gemma-3-12b-it,8002,auto_designed,Prompts/auto_prompt_gemma-3-12b-it.json,True,,0.85,"```json
{""target_15"": 5.826, ""target_60"": 5.825, ""target_240"": 5.824, ""target_1440"": 5.823, ""confidence"": 0.85}
```",5.826972219722222,5.827698103055553,5.832870003055554,5.869714161388885,5.870405062388933,5.860676897511191,5.868847000932625,5.847035837181217,5.826,9.452111882786118e-07,5.825,7.27976009838481e-06,5.824,7.867695420553668e-05,5.823,0.0021822128742667174
2025-02-12 20:57:00,gemma-3-12b-it,gemma-3-12b-it,8002,auto_designed,Prompts/auto_prompt_gemma-3-12b-it.json,True,,0.95,"```json
{""target_15"": 5.83, ""target_60"": 5.83, ""target_240"": 5.83, ""target_1440"": 5.83, ""confidence"": 0.95}
```",5.832011561388889,5.829181161388888,5.836826419722222,5.860615436388887,5.872357143312602,5.866129894964306,5.872180650932624,5.850369487181215,5.83,4.046379221267812e-06,5.83,6.704966710476191e-07,5.83,4.660000622393662e-05,5.83,0.0009373049452819779
2025-02-13 00:02:00,gemma-3-12b-it,gemma-3-12b-it,8002,auto_designed,Prompts/auto_prompt_gemma-3-12b-it.json,True,,0.85,"```json
{""target_15"": 0.001, ""target_60"": -0.002, ""target_240"": -0.005, ""target_1440"": -0.010, ""confidence"": 0.85}
```",5.839663644722222,5.837409836388886,5.850676844722223,5.858317494722222,5.872872097563146,5.868142355844526,5.876312459265961,5.854501295514552,0.001,34.089993156200975,-0.002,34.098707237315274,-0.005,34.28895130981601,-0.01,34.43715021886289
2025-02-13 03:08:00,gemma-3-12b-it,gemma-3-12b-it,8002,auto_designed,Prompts/auto_prompt_gemma-3-12b-it.json,True,,0.85,"```json
{""target_15"": 5.86, ""target_60"": 5.86, ""target_240"": 5.86, ""target_1440"": 5.86, ""confidence"": 0.85}
```",5.85079416138889,5.851971619722221,5.858758036388888,5.861094286388891,5.874277264229811,5.869547522511191,5.877835058025873,5.855906462181217,5.86,8.474746453380402e-05,5.86,6.445488988463743e-05,5.86,1.5424736113265142e-06,5.86,1.197462700911078e-06
2025-02-13 06:13:00,gemma-3-12b-it,gemma-3-12b-it,8002,auto_designed,Prompts/auto_prompt_gemma-3-12b-it.json,True,,0.85,"```json
{""target_15"": 5.865, ""target_60"": 5.86, ""target_240"": 5.85, ""target_1440"": 5.84, ""confidence"": 0.85}
```",5.858850869722222,5.858823303055555,5.85772066972222,5.861626528055552,5.878175456004144,5.873175489177854,5.881463024692536,5.85953442884788,5.865,3.78118031730926e-05,5.86,1.3846156990669816e-06,5.85,5.9608740959616094e-05,5.84,0.00046770671573760116
2025-02-13 09:18:00,gemma-3-12b-it,gemma-3-12b-it,8002,auto_designed,Prompts/auto_prompt_gemma-3-12b-it.json,True,,0.85,"```json
{""target_15"": 5.863, ""target_60"": 5.865, ""target_240"": 5.867, ""target_1440"": 5.868, ""confidence"": 0.85}
```",5.85874384472222,5.858970953055554,5.865326328055552,5.85912968638889,5.8849308633037225,5.877208955844523,5.885379059265958,5.793101641608061,5.863,1.8114857748580262e-05,5.865,3.634940705833838e-05,5.867,2.8011777776320028e-06,5.868,7.86824635594495e-05
2025-02-13 12:23:00,gemma-3-12b-it,gemma-3-12b-it,8002,auto_designed,Prompts/auto_prompt_gemma-3-12b-it.json,True,,0.95,"```json
{""target_15"": 5.862, ""target_60"": 5.861, ""target_240"": 5.861, ""target_1440"": 5.861, ""confidence"": 0.95}
```",5.86133726972222,5.864110794722219,5.86363376138889,5.866317369722221,5.890097912380188,5.880099522511191,5.888269625932626,5.8664584621812175,5.862,4.392114210860165e-07,5.861,9.677043803786147e-06,5.861,6.936699053608011e-06,5.861,2.8274420762798177e-05
2025-02-13 15:28:00,gemma-3-12b-it,gemma-3-12b-it,8002,auto_designed,Prompts/auto_prompt_gemma-3-12b-it.json,True,,0.85,"```json
{""target_15"": 5.867, ""target_60"": 5.869, ""target_240"": 5.872, ""target_1440"": 5.875, ""confidence"": 0.85}
```",5.86457496972222,5.8624228447222215,5.864347936388889,5.867403719722219,5.8859110040556,5.876182839177858,5.884352942599293,5.862541778847884,5.867,5.880771848149552e-06,5.869,4.3258971548006235e-05,5.872,5.855407750849309e-05,5.875,5.770347405860337e-05
2025-02-13 18:33:00,gemma-3-12b-it,gemma-3-12b-it,8002,auto_designed,Prompts/auto_prompt_gemma-3-12b-it.json,True,,0.85,"```json
{""target_15"": 5.87, ""target_60"": 5.86, ""target_240"": 5.85, ""target_1440"": 5.84, ""confidence"": 0.85}
```",5.864084186388887,5.866476303055556,5.859297769722218,5.858225453055553,5.887449037388933,5.877720872511191,5.885890975932625,5.864079812181217,5.87,3.4996850681435574e-05,5.86,4.1942501267402816e-05,5.85,8.644852180740342e-05,5.84,0.0003321671390801746
2025-02-13 21:38:00,gemma-3-12b-it,gemma-3-12b-it,8002,auto_designed,Prompts/auto_prompt_gemma-3-12b-it.json,True,,0.85,"```json
{""target_15"": 5.87, ""target_60"": 5.88, ""target_240"": 5.90, ""target_1440"": 5.93, ""confidence"": 0.85}
```",5.859290711388887,5.856279528055556,5.862044286388887,5.847906511388889,5.891081639145938,5.886300970846293,5.890905146765959,5.869093983014551,5.87,0.0001146888625561165,5.88,0.0005626607892671307,5.9,0.0014406361957288662,5.93,0.006739340872342628
2025-02-14 00:43:00,gemma-3-12b-it,gemma-3-12b-it,8002,auto_designed,Prompts/auto_prompt_gemma-3-12b-it.json,True,,0.85,"```json
{""target_15"": 5.863, ""target_60"": 5.862, ""target_240"": 5.861, ""target_1440"": 5.860, ""confidence"": 0.85}
```",5.862675553055553,5.862366853055555,5.862798661388887,5.85172699472222,5.889415376322226,5.884765280844526,5.893052816359209,5.871124220514552,5.863,1.052658197614262e-07,5.862,1.345811643698402e-07,5.861,3.2351827918751548e-06,5.86,6.844261632617516e-05
2025-02-14 03:48:00,gemma-3-12b-it,gemma-3-12b-it,8002,auto_designed,Prompts/auto_prompt_gemma-3-12b-it.json,True,,0.85,"```json
{""target_15"": 5.865, ""target_60"": 5.864, ""target_240"": 5.863, ""target_1440"": 5.862, ""confidence"": 0.85}
```",5.864621919722222,5.864277003055555,5.859859453055556,5.840554253055558,5.894126372563143,5.889396630844523,5.897684166359205,5.875755570514549,5.865,1.429446964451708e-07,5.864,7.673069278705406e-08,5.863,9.863035110259964e-06,5.862,0.00045992006200505344
2025-02-14 06:54:00,gemma-3-12b-it,gemma-3-12b-it,8002,auto_designed,Prompts/auto_prompt_gemma-3-12b-it.json,True,,0.85,"```json
{""target_15"": 5.865, ""target_60"": 5.865, ""target_240"": 5.865, ""target_1440"": 5.865, ""confidence"": 0.85}
```",5.859568328055552,5.863609178055555,5.85923308638889,5.849788419722223,5.891009647563145,5.886279905844525,5.89445000926596,5.872638845514551,5.865,2.9503060112106436e-05,5.865,1.9343856811514936e-06,5.865,3.325729259800364e-05,5.865,0.00023139217454724823
2025-02-14 09:59:00,gemma-3-12b-it,gemma-3-12b-it,8002,auto_designed,Prompts/auto_prompt_gemma-3-12b-it.json,True,,0.85,"```json
{""target_15"": 5.868, ""target_60"": 5.866, ""target_240"": 5.865, ""target_1440"": 5.864, ""confidence"": 0.85}
```",5.8625946863888885,5.862637069722222,5.864997953055553,5.84445319472222,5.89385336330372,5.88613145584452,5.894301559265955,5.802024141608058,5.868,2.9217415234471032e-05,5.866,1.130930005319309e-05,5.865,4.189981568415725e-12,5.864,0.0003820775965674337
2025-02-14 13:04:00,gemma-3-12b-it,gemma-3-12b-it,8002,auto_designed,Prompts/auto_prompt_gemma-3-12b-it.json,True,,0.85,"```json
{""target_15"": 0.001, ""target_60"": 0.002, ""target_240"": 0.003, ""target_1440"": 0.004, ""confidence"": 0.85}
```",5.861897128055556,5.866443436388888,5.862148428055555,5.845827903055557,5.902897754055598,5.893169589177855,5.90133969259929,5.879528528847882,0.001,34.350115145649866,0.002,34.391696818604714,0.003,34.32962030198588,0.004,34.1269532489185
2025-02-14 16:09:00,gemma-3-12b-it,gemma-3-12b-it,8002,auto_designed,Prompts/auto_prompt_gemma-3-12b-it.json,True,,0.85,"```json
{""target_15"": 5.870, ""target_60"": 5.872, ""target_240"": 5.875, ""target_1440"": 5.880, ""confidence"": 0.85}
```",5.863206761388888,5.86225236138889,5.854280953055554,5.850781244722221,5.902215245722267,5.892487080844525,5.90065718426596,5.878846020514551,5.87,4.614809082750631e-05,5.872,9.501645849279706e-05,5.875,0.00042927890628616797,5.88,0.0008537356599827484
2025-02-14 19:14:00,gemma-3-12b-it,gemma-3-12b-it,8002,auto_designed,Prompts/auto_prompt_gemma-3-12b-it.json,True,,0.85,"```json
{""target_15"": 5.863, ""target_60"": 5.862, ""target_240"": 5.860, ""target_1440"": 5.858, ""confidence"": 0.85}
```",5.856668469722223,5.854027453055554,5.854433278055552,5.85296489472222,5.89038397038766,5.882576430844523,5.890746534265958,5.868935370514549,5.863,4.0088275658413894e-05,5.862,6.356150478139245e-05,5.86,3.098839320680096e-05,5.858,2.535228515832527e-05
2025-02-14 22:19:00,gemma-3-12b-it,gemma-3-12b-it,8002,auto_designed,Prompts/auto_prompt_gemma-3-12b-it.json,True,,0.85,"```json
{""target_15"": 5.85, ""target_60"": 5.85, ""target_240"": 5.85, ""target_1440"": 5.85, ""confidence"": 0.85}
```",5.849556928055556,5.851364761388886,5.847568919722221,5.849459494722222,5.892701315884885,5.891013667178747,5.895329334265959,5.873518170514551,5.85,1.9631274795332415e-07,5.85,1.8625736485960862e-06,5.85,5.910151317004653e-06,5.85,2.92145955305684e-07
2025-02-17 02:23:00,gemma-3-12b-it,gemma-3-12b-it,8002,auto_designed,Prompts/auto_prompt_gemma-3-12b-it.json,True,,0.85,"```json
{""target_15"": 5.871, ""target_60"": 5.870, ""target_240"": 5.868, ""target_1440"": 5.867, ""confidence"": 0.85}
```",5.8702885447222215,5.870013836388889,5.875251836388888,5.89002488638889,5.92686320555547,5.923054797511192,5.942664538446458,5.908941316354664,5.871,5.061686122795065e-07,5.87,1.914456574836261e-10,5.868,5.258913101120079e-05,5.867,0.0005301453932212817
2025-02-17 05:28:00,gemma-3-12b-it,gemma-3-12b-it,8002,auto_designed,Prompts/auto_prompt_gemma-3-12b-it.json,True,,0.85,"```json
{""target_15"": 5.878, ""target_60"": 5.875, ""target_240"": 5.873, ""target_1440"": 5.870, ""confidence"": 0.85}
```",5.874428128055556,5.877169419722222,5.87941921972222,5.894689811388886,5.927532410410166,5.92226467251119,5.941874413446456,5.908151191354662,5.878,1.2758269187504373e-05,5.875,4.706381931164619e-06,5.873,4.120638184214012e-05,5.87,0.0006095867864187778
2025-02-17 08:33:00,gemma-3-12b-it,gemma-3-12b-it,8002,auto_designed,Prompts/auto_prompt_gemma-3-12b-it.json,True,,0.85,"```json
{""target_15"": 5.88, ""target_60"": 5.88, ""target_240"": 5.88, ""target_1440"": 5.88, ""confidence"": 0.85}
```",5.876797361388888,5.878278728055555,5.882203219722221,5.894063636388886,5.930305293743494,5.925037555844519,5.944529864453706,5.840457822644147,5.88,1.0256894073382036e-05,5.88,2.962777106732102e-06,5.88,4.85417714438571e-06,5.88,0.00019778586847879134
2025-02-17 11:39:00,gemma-3-12b-it,gemma-3-12b-it,8002,auto_designed,Prompts/auto_prompt_gemma-3-12b-it.json,True,,0.85,"```json
{""target_15"": 5.883, ""target_60"": 5.881, ""target_240"": 5.879, ""target_1440"": 5.878, ""confidence"": 0.85}
```",5.878758694722222,5.881689136388886,5.885627311388888,5.899757469722221,5.930933008552756,5.922673105844524,5.942165414453712,5.908559624687996,5.883,1.7988670459304656e-05,5.881,4.7490896248608987e-07,5.879,4.3921256245295655e-05,5.878,0.0004733874887133699
2025-02-17 14:44:00,gemma-3-12b-it,gemma-3-12b-it,8002,auto_designed,Prompts/auto_prompt_gemma-3-12b-it.json,True,,0.85,"```json
{""target_15"": 5.886, ""target_60"": 5.881, ""target_240"": 5.875, ""target_1440"": 5.870, ""confidence"": 0.85}
```",5.884924886388887,5.887298603055555,5.889829436388887,5.899219461388888,5.929182033552756,5.920922130844524,5.940414439453711,5.906808649687996,5.886,1.1558692767997403e-06,5.881,3.967240045144632e-05,5.875,0.00021991218361203294,5.87,0.0008537769238567349
2025-02-17 17:49:00,gemma-3-12b-it,gemma-3-12b-it,8002,auto_designed,Prompts/auto_prompt_gemma-3-12b-it.json,True,,0.95,"```json
{""target_15"": 5.89, ""target_60"": 5.89, ""target_240"": 5.89, ""target_1440"": 5.89, ""confidence"": 0.95}
```",5.88915831138889,5.891110419722217,5.890351186388887,5.895692019722223,5.933919060634409,5.927118489177857,5.946610797787045,5.9130050080213294,5.89,7.084397180719122e-07,5.89,1.2330319594897956e-06,5.89,1.2333187973994609e-07,5.89,3.239908851818314e-05
2025-02-17 20:54:00,gemma-3-12b-it,gemma-3-12b-it,8002,auto_designed,Prompts/auto_prompt_gemma-3-12b-it.json,True,,0.85,"```json
{""target_15"": 5.892, ""target_60"": 5.892, ""target_240"": 5.893, ""target_1440"": 5.893, ""confidence"": 0.85}
```",5.894566753055557,5.888904711388889,5.889222711388889,5.90346871972222,5.934273316347422,5.921940523720728,5.945094872787045,5.91148908302133,5.892,6.588221248208247e-06,5.892,9.580811586073958e-06,5.893,1.426790925162498e-05,5.893,0.00010959409262239728
2025-02-17 23:59:00,gemma-3-12b-it,gemma-3-12b-it,8002,auto_designed,Prompts/auto_prompt_gemma-3-12b-it.json,True,,0.85,"```json
{""target_15"": 5.892, ""target_60"": 5.891, ""target_240"": 5.889, ""target_1440"": 5.888, ""confidence"": 0.85}
```",5.88812359472222,5.888388244722222,5.890866628055555,5.906430803055557,5.928188325981218,5.924459564177859,5.943951872787046,5.910346083021331,5.892,1.5026517877602306e-05,5.891,6.821265631001323e-06,5.889,3.4843002977843673e-06,5.888,0.00033969450127271694
2025-02-18 03:04:00,gemma-3-12b-it,gemma-3-12b-it,8002,auto_designed,Prompts/auto_prompt_gemma-3-12b-it.json,True,,0.95,"```json
{""target_15"": 5.89, ""target_60"": 5.89, ""target_240"": 5.89, ""target_1440"": 5.89, ""confidence"": 0.95}
```",5.8891507530555565,5.89130234472222,5.894688919722224,5.895697061388887,5.927395477076832,5.922127739177856,5.941737480113122,5.908014258021328,5.89,7.212203726461388e-07,5.89,1.6961017754954896e-06,5.89,2.198596816146499e-05,5.89,3.245650846875129e-05
2025-02-18 06:09:00,gemma-3-12b-it,gemma-3-12b-it,8002,auto_designed,Prompts/auto_prompt_gemma-3-12b-it.json,True,,0.95,"```json
{""target_15"": 5.896, ""target_60"": 5.896, ""target_240"": 5.896, ""target_1440"": 5.896, ""confidence"": 0.95}
```",5.89357706972222,5.894583411388886,5.895482644722222,5.895064844722221,5.930098352076833,5.924830614177857,5.944440355113123,5.910717133021329,5.896,5.8705911309844666e-06,5.896,2.0067232931364455e-06,5.896,2.6765648344494445e-07,5.896,8.745153935583102e-07
2025-02-18 09:14:00,gemma-3-12b-it,gemma-3-12b-it,8002,auto_designed,Prompts/auto_prompt_gemma-3-12b-it.json,True,,0.85,"```json
{""target_15"": 5.896, ""target_60"": 5.891, ""target_240"": 5.885, ""target_1440"": 5.878, ""confidence"": 0.85}
```",5.8962202280555545,5.895626978055553,5.899522011388889,5.899727969722221,5.930352958552756,5.922093055844524,5.941585364453712,5.837513322644153,5.896,4.8500396453337934e-08,5.891,2.1408925926569117e-05,5.885,0.00021088881477903084,5.878,0.0004721046682497533
2025-02-18 12:19:00,gemma-3-12b-it,gemma-3-12b-it,8002,auto_designed,Prompts/auto_prompt_gemma-3-12b-it.json,True,,0.85,"```json
{""target_15"": 5.905, ""target_60"": 5.912, ""target_240"": 5.925, ""target_1440"": 5.94, ""confidence"": 0.85}
```",5.898517878055557,5.903009453055553,5.898589628055554,5.90803368638889,5.932166108552757,5.923906205844524,5.943398514453712,5.909792724687996,5.905,4.2017904902630625e-05,5.912,8.082993436030345e-05,5.925,0.0006975077462439897,5.94,0.0010218452058838449
2025-02-18 15:25:00,gemma-3-12b-it,gemma-3-12b-it,8002,auto_designed,Prompts/auto_prompt_gemma-3-12b-it.json,True,,0.85,"```json
{""target_15"": 5.905, ""target_60"": 5.912, ""target_240"": 5.925, ""target_1440"": 5.940, ""confidence"": 0.85}
```",5.8970187947222215,5.896097403055556,5.900977869722222,5.912799736388891,5.933217591886088,5.924957689177855,5.944449997787043,5.910844208021327,5.905,6.369963768604403e-05,5.912,0.00025289258957743126,5.925,0.0005770627430825118,5.94,0.0007398543405138476
