start_date,end_date,centroid_date,highest_temperature_k,duration_days,nerc_id,spatial_coverage,inter_event_recovery_interval_days,cumulative_heat_stress_index,yearly_max_heat_wave_intensity,yearly_max_heat_wave_duration,yearly_max_heat_wave_intensity_trend,yearly_max_heat_wave_duration_trend
1980-07-05,1980-07-10,1980-07-09,309.399356747834,6,NERC,59.8765432098766,-3.0,1856.3961404870042,313.572744078539,17,,
1980-07-07,1980-07-22,1980-07-15,312.121889200017,16,NERC,51.006711409396,-15.0,6850.346367687276,313.572744078539,17,,
1980-07-07,1980-07-16,1980-07-14,307.654936661694,10,NERC,26.3157894736842,-9.0,9926.895734304217,313.572744078539,17,,
1980-07-07,1980-07-22,1980-07-15,313.572744078539,16,NERC,35.0,-14.0,14944.05963956084,313.572744078539,17,,
1980-07-08,1980-07-23,1980-07-16,310.317735918389,16,NERC,50.8264462809917,-14.0,19909.143414255064,313.572744078539,17,,
1980-07-09,1980-07-22,1980-07-13,311.053151162291,14,NERC,42.9752066115703,-9.0,24263.88753052714,313.572744078539,17,,
1980-07-13,1980-07-23,1980-07-16,311.361211942797,11,NERC,29.0123456790124,-4.0,27688.860861897905,313.572744078539,17,,
1980-07-19,1980-07-22,1980-07-20,306.537447136225,4,NERC,63.6904761904762,-3.0,28915.010650442804,313.572744078539,17,,
1980-07-19,1980-08-04,1980-07-28,308.375324458478,17,NERC,27.7777777777778,-15.0,34157.391166236936,313.572744078539,17,,
1980-07-20,1980-07-24,1980-07-21,305.654518852497,5,NERC,29.8507462686567,-3.0,35685.66376049942,313.572744078539,17,,
1980-07-21,1980-08-04,1980-07-26,313.222457812031,15,NERC,18.1818181818182,-2.0,40384.00062767988,313.572744078539,17,,
1980-08-02,1980-08-06,1980-08-02,311.073824980873,5,NERC,28.7234042553192,1.0,41939.36975258424,313.572744078539,17,,
1980-08-07,1980-08-11,1980-08-08,308.682285767437,5,NERC,25.9259259259259,-3.0,43482.78118142143,313.572744078539,17,,
1980-08-08,1980-08-12,1980-08-08,308.534739741425,5,NERC,63.2231404958678,-3.0,45025.45488012856,313.572744078539,17,,
1980-08-09,1980-08-11,1980-08-09,309.61024999738,3,NERC,18.0851063829787,-2.0,45954.2856301207,313.572744078539,17,,
1980-08-09,1980-08-13,1980-08-09,307.504390577319,5,NERC,62.6609442060086,4.0,47491.80758300729,313.572744078539,17,,
1980-08-17,1980-08-21,1980-08-20,308.635817840718,5,NERC,48.3221476510067,0.0,49034.98667221088,313.572744078539,17,,
1980-08-21,1980-08-23,1980-08-22,305.741014964151,3,NERC,33.3333333333333,290.0,49952.20971710334,313.572744078539,17,,
1981-06-09,1981-06-16,1981-06-09,307.228173276797,8,NERC,15.4320987654321,-4.0,2457.825386214376,311.761884535522,18,-1.8108595430170453,1.0
1981-06-12,1981-06-15,1981-06-15,305.322316447233,4,NERC,34.8993288590604,20.0,3679.114652003308,311.761884535522,18,-1.8108595430170453,1.0
1981-07-05,1981-07-22,1981-07-14,308.936423330538,18,NERC,70.6611570247934,-11.0,9239.970271952992,311.761884535522,18,-1.8108595430170453,1.0
1981-07-11,1981-07-15,1981-07-12,308.412511249988,5,NERC,56.1181434599156,-1.0,10782.032828202931,311.761884535522,18,-1.8108595430170453,1.0
1981-07-14,1981-07-22,1981-07-14,307.311149280856,9,NERC,59.6491228070175,-1.0,13547.833171730636,311.761884535522,18,-1.8108595430170453,1.0
1981-07-21,1981-07-25,1981-07-21,311.761884535522,5,NERC,15.9090909090909,-2.0,15106.642594408246,311.761884535522,18,-1.8108595430170453,1.0
1981-07-23,1981-07-28,1981-07-24,309.860672730218,6,NERC,26.5432098765432,-4.0,16965.806630789553,311.761884535522,18,-1.8108595430170453,1.0
1981-07-24,1981-07-29,1981-07-24,307.435529884575,6,NERC,61.5702479338843,-4.0,18810.419810097002,311.761884535522,18,-1.8108595430170453,1.0
1981-07-25,1981-07-28,1981-07-25,309.475981768364,4,NERC,11.7021276595745,8.0,20048.32373717046,311.761884535522,18,-1.8108595430170453,1.0
1981-08-05,1981-08-20,1981-08-08,305.618082504285,16,NERC,36.4444444444444,7.0,24938.21305723902,311.761884535522,18,-1.8108595430170453,1.0
1981-08-27,1981-08-30,1981-08-27,308.308449403192,4,NERC,20.3703703703704,319.0,26171.446854851787,311.761884535522,18,-1.8108595430170453,1.0
1982-07-15,1982-07-20,1982-07-18,304.30267375467,6,NERC,9.83606557377049,-5.0,1825.8160425280203,309.124108751462,6,-2.6377757840599543,-12.0
1982-07-15,1982-07-20,1982-07-18,303.85130401849,6,NERC,57.9365079365079,30.0,3648.92386663896,309.124108751462,6,-2.6377757840599543,-12.0
1982-08-19,1982-08-23,1982-08-19,309.124108751462,5,NERC,15.9090909090909,-3.0,5194.54441039627,309.124108751462,6,-2.6377757840599543,-12.0
1982-08-20,1982-08-25,1982-08-21,307.129543489746,6,NERC,31.4814814814815,311.0,7037.3216713347465,309.124108751462,6,-2.6377757840599543,-12.0
1983-07-02,1983-07-05,1983-07-03,304.080074029327,4,NERC,59.5238095238095,-2.0,1216.320296117308,310.21187843537,16,1.0877696839079931,10.0
1983-07-03,1983-07-05,1983-07-04,305.380347567904,3,NERC,50.6437768240343,4.0,2132.46133882102,310.21187843537,16,1.0877696839079931,10.0
1983-07-09,1983-07-24,1983-07-21,307.917532019077,16,NERC,44.3037974683544,-13.0,7059.141851126252,310.21187843537,16,1.0877696839079931,10.0
1983-07-11,1983-07-14,1983-07-13,308.066945045678,4,NERC,40.7407407407407,-2.0,8291.409631308963,310.21187843537,16,1.0877696839079931,10.0
1983-07-12,1983-07-26,1983-07-23,307.900567373739,15,NERC,37.1900826446281,-11.0,12909.918141915048,310.21187843537,16,1.0877696839079931,10.0
1983-07-15,1983-07-25,1983-07-16,309.096942929486,11,NERC,54.9356223175966,-9.0,16309.984514139394,310.21187843537,16,1.0877696839079931,10.0
1983-07-16,1983-07-24,1983-07-21,304.971283257203,9,NERC,60.7142857142857,-6.0,19054.72606345422,310.21187843537,16,1.0877696839079931,10.0
1983-07-18,1983-07-25,1983-07-23,309.593154733163,8,NERC,53.6912751677852,-6.0,21531.471301319525,310.21187843537,16,1.0877696839079931,10.0
1983-07-19,1983-07-28,1983-07-23,308.005428041268,10,NERC,22.7272727272727,1.0,24611.525581732207,310.21187843537,16,1.0877696839079931,10.0
1983-07-29,1983-08-01,1983-07-29,303.34808769393,4,NERC,48.2142857142857,4.0,25824.917932507924,310.21187843537,16,1.0877696839079931,10.0
1983-08-05,1983-08-19,1983-08-06,309.146479975601,15,NERC,24.0740740740741,-2.0,30462.11513214194,310.21187843537,16,1.0877696839079931,10.0
1983-08-17,1983-08-23,1983-08-20,310.21187843537,7,NERC,69.7986577181208,-6.0,32633.59828118953,310.21187843537,16,1.0877696839079931,10.0
1983-08-17,1983-08-29,1983-08-20,308.436535652903,13,NERC,59.9173553719008,-9.0,36643.27324467727,310.21187843537,16,1.0877696839079931,10.0
1983-08-20,1983-08-29,1983-08-21,308.696190835846,10,NERC,73.5537190082645,-5.0,39730.23515303573,310.21187843537,16,1.0877696839079931,10.0
1983-08-24,1983-08-31,1983-08-25,307.960384746682,8,NERC,32.7160493827161,11.0,42193.918231009186,310.21187843537,16,1.0877696839079931,10.0
1983-09-11,1983-09-17,1983-09-11,307.97768604454,7,NERC,33.3333333333333,265.0,44349.76203332096,310.21187843537,16,1.0877696839079931,10.0
1984-06-08,1984-06-11,1984-06-10,304.20445790518,4,NERC,13.1147540983607,20.0,1216.81783162072,308.249069930674,11,-1.9628085046959995,-5.0
1984-07-01,1984-07-08,1984-07-02,307.573508979788,8,NERC,46.2962962962963,3.0,3677.405903459024,308.249069930674,11,-1.9628085046959995,-5.0
1984-07-11,1984-07-21,1984-07-13,307.459935374592,11,NERC,35.1851851851852,54.0,7059.465192579537,308.249069930674,11,-1.9628085046959995,-5.0
1984-09-13,1984-09-20,1984-09-18,308.249069930674,8,NERC,22.2222222222222,284.0,9525.45775202493,308.249069930674,11,-1.9628085046959995,-5.0
1985-07-01,1985-07-16,1985-07-01,309.388839147191,16,NERC,31.4814814814815,50.0,4950.221426355056,309.388839147191,16,1.1397692165169815,5.0
1985-09-04,1985-09-10,1985-09-08,303.868024086937,7,NERC,58.531746031746,308.0,7077.297594963615,309.388839147191,16,1.1397692165169815,5.0
1986-07-15,1986-07-20,1986-07-18,306.125934448707,6,NERC,56.1181434599156,-5.0,1836.755606692242,313.717823802034,21,4.328984654842998,5.0
1986-07-15,1986-07-21,1986-07-20,308.800786103246,7,NERC,64.0495867768595,-5.0,3998.361109414964,313.717823802034,21,4.328984654842998,5.0
1986-07-16,1986-08-05,1986-07-30,309.993409631101,21,NERC,59.0909090909091,-19.0,10508.222711668084,313.717823802034,21,4.328984654842998,5.0
1986-07-17,1986-08-03,1986-07-31,312.264705485716,18,NERC,19.1358024691358,-16.0,16128.987410410973,313.717823802034,21,4.328984654842998,5.0
1986-07-17,1986-07-30,1986-07-19,309.570894195616,14,NERC,48.068669527897,-13.0,20462.979929149595,313.717823802034,21,4.328984654842998,5.0
1986-07-18,1986-07-21,1986-07-18,304.565557716477,4,NERC,48.8095238095238,4.0,21681.242160015503,313.717823802034,21,4.328984654842998,5.0
1986-07-25,1986-07-30,1986-07-28,307.851577133495,6,NERC,61.9834710743802,-4.0,23528.351622816474,313.717823802034,21,4.328984654842998,5.0
1986-07-26,1986-08-01,1986-07-31,313.717823802034,7,NERC,40.9574468085106,-4.0,25724.376389430712,313.717823802034,21,4.328984654842998,5.0
1986-07-28,1986-08-01,1986-07-29,313.106555543937,5,NERC,36.875,6.0,27289.909167150396,313.717823802034,21,4.328984654842998,5.0
1986-08-07,1986-08-09,1986-08-07,303.507103614378,3,NERC,35.1111111111111,332.0,28200.43047799353,313.717823802034,21,4.328984654842998,5.0
1987-07-07,1987-07-14,1987-07-11,303.946511535284,8,NERC,42.2619047619048,-6.0,2431.572092282272,310.669715656849,22,-3.048108145184983,1.0
1987-07-08,1987-07-14,1987-07-11,303.328191506874,7,NERC,27.8688524590164,-5.0,4554.86943283039,310.669715656849,22,-3.048108145184983,1.0
1987-07-09,1987-07-14,1987-07-12,301.486531722365,6,NERC,53.7313432835821,3.0,6363.78862316458,310.669715656849,22,-3.048108145184983,1.0
1987-07-17,1987-08-04,1987-07-31,309.030592832979,19,NERC,43.6708860759494,-16.0,12235.36988699118,310.669715656849,22,-3.048108145184983,1.0
1987-07-19,1987-08-04,1987-08-02,310.669715656849,17,NERC,70.4697986577181,-13.0,17516.755053157613,310.669715656849,22,-3.048108145184983,1.0
1987-07-19,1987-07-27,1987-07-24,305.433728054605,9,NERC,65.4761904761905,-8.0,20265.65860564906,310.669715656849,22,-3.048108145184983,1.0
1987-07-22,1987-07-28,1987-07-25,306.539944710291,7,NERC,54.9586776859504,-4.0,22411.438218621097,310.669715656849,22,-3.048108145184983,1.0
1987-07-24,1987-08-14,1987-07-27,307.686829614905,22,NERC,57.0247933884298,-16.0,29180.548470149006,310.669715656849,22,-3.048108145184983,1.0
1987-07-29,1987-08-18,1987-08-02,308.898783525503,21,NERC,34.5679012345679,-18.0,35667.42292418457,310.669715656849,22,-3.048108145184983,1.0
1987-07-31,1987-08-09,1987-08-03,307.139943727274,10,NERC,46.2809917355372,-7.0,38738.82236145731,310.669715656849,22,-3.048108145184983,1.0
1987-08-02,1987-08-11,1987-08-09,306.52939429658,10,NERC,47.6394849785408,3.0,41804.11630442311,310.669715656849,22,-3.048108145184983,1.0
1987-08-14,1987-08-17,1987-08-16,308.843889030666,4,NERC,64.4295302013423,323.0,43039.49186054577,310.669715656849,22,-3.048108145184983,1.0
1988-07-05,1988-07-10,1988-07-06,310.431593700668,6,NERC,44.5147679324895,4.0,1862.589562204008,313.38181261251,23,2.712096955660968,1.0
1988-07-14,1988-07-21,1988-07-16,309.301551264348,8,NERC,49.5867768595041,-6.0,4337.0019723187925,313.38181261251,23,2.712096955660968,1.0
1988-07-14,1988-07-19,1988-07-14,311.640723288204,6,NERC,65.7718120805369,-5.0,6206.8463120480155,313.38181261251,23,2.712096955660968,1.0
1988-07-15,1988-07-19,1988-07-15,310.26652830015,5,NERC,29.6875,-4.0,7758.178953548766,313.38181261251,23,2.712096955660968,1.0
1988-07-15,1988-07-24,1988-07-16,308.915300449232,10,NERC,52.3605150214592,-3.0,10847.331958041086,313.38181261251,23,2.712096955660968,1.0
1988-07-21,1988-07-28,1988-07-25,306.465160645068,8,NERC,40.7407407407407,-3.0,13299.05324320163,313.38181261251,23,2.712096955660968,1.0
1988-07-25,1988-08-16,1988-07-30,305.580768260128,23,NERC,32.8358208955224,-17.0,20327.410913184576,313.38181261251,23,2.712096955660968,1.0
1988-07-30,1988-08-16,1988-08-07,306.193145569645,18,NERC,11.4754098360656,-15.0,25838.887533438185,313.38181261251,23,2.712096955660968,1.0
1988-08-01,1988-08-05,1988-08-01,312.076595806737,5,NERC,32.7004219409283,-3.0,27399.27051247187,313.38181261251,23,2.712096955660968,1.0
1988-08-02,1988-08-06,1988-08-02,306.697127836104,5,NERC,64.6825396825397,4.0,28932.75615165239,313.38181261251,23,2.712096955660968,1.0
1988-08-10,1988-08-18,1988-08-17,308.283325542034,9,NERC,58.3333333333333,-6.0,31707.306081530696,313.38181261251,23,2.712096955660968,1.0
1988-08-12,1988-08-19,1988-08-16,313.38181261251,8,NERC,71.1409395973154,-1.0,34214.360582430774,313.38181261251,23,2.712096955660968,1.0
1988-08-18,1988-08-20,1988-08-18,309.638623510734,3,NERC,42.9752066115703,3.0,35143.27645296298,313.38181261251,23,2.712096955660968,1.0
1988-08-23,1988-09-08,1988-09-04,310.07766228325,17,NERC,38.8888888888889,300.0,40414.59671177823,313.38181261251,23,2.712096955660968,1.0
1989-07-05,1989-07-08,1989-07-05,308.949023727303,4,NERC,27.7777777777778,-3.0,1235.796094909212,314.300255707765,12,0.9184430952550429,-11.0
1989-07-05,1989-07-10,1989-07-05,307.659444051544,6,NERC,55.8139534883721,0.0,3081.752759218476,314.300255707765,12,0.9184430952550429,-11.0
1989-07-10,1989-07-12,1989-07-10,307.979959859644,3,NERC,24.8322147651007,7.0,4005.692638797408,314.300255707765,12,0.9184430952550429,-11.0
1989-07-19,1989-07-24,1989-07-19,314.300255707765,6,NERC,18.1818181818182,1.0,5891.494173043999,314.300255707765,12,0.9184430952550429,-11.0
1989-07-25,1989-07-28,1989-07-26,303.955788752799,4,NERC,37.3134328358209,26.0,7107.317328055195,314.300255707765,12,0.9184430952550429,-11.0
1989-08-23,1989-09-03,1989-08-27,308.075485494384,12,NERC,45.679012345679,-7.0,10804.223153987801,314.300255707765,12,0.9184430952550429,-11.0
1989-08-23,1989-08-30,1989-08-23,305.706830674659,8,NERC,53.7190082644628,-7.0,13249.877799385074,314.300255707765,12,0.9184430952550429,-11.0
1989-08-27,1989-09-02,1989-09-02,304.812149534283,7,NERC,57.8512396694215,295.0,15383.562846125054,314.300255707765,12,0.9184430952550429,-11.0
1990-06-24,1990-07-05,1990-06-26,315.689350195064,12,NERC,15.9090909090909,-9.0,3788.2722023407678,315.689350195064,12,1.3890944872989621,0.0
1990-06-26,1990-07-05,1990-06-29,307.704971425387,10,NERC,52.3255813953488,2.0,6865.3219165946375,315.689350195064,12,1.3890944872989621,0.0
1990-07-07,1990-07-14,1990-07-07,307.879182227571,8,NERC,56.6115702479339,-5.0,9328.355374415205,315.689350195064,12,1.3890944872989621,0.0
1990-07-09,1990-07-14,1990-07-09,307.790666220568,6,NERC,60.0858369098713,-3.0,11175.099371738614,315.689350195064,12,1.3890944872989621,0.0
1990-07-09,1990-07-12,1990-07-09,307.005287789394,4,NERC,64.8760330578512,-3.0,12403.12052289619,315.689350195064,12,1.3890944872989621,0.0
1990-07-11,1990-07-17,1990-07-11,304.716226651272,7,NERC,49.3333333333333,-6.0,14536.134109455093,315.689350195064,12,1.3890944872989621,0.0
1990-07-11,1990-07-21,1990-07-12,307.657828862717,11,NERC,40.7407407407407,15.0,17920.37022694498,315.689350195064,12,1.3890944872989621,0.0
1990-08-05,1990-08-13,1990-08-06,307.953386014446,9,NERC,50.0,-6.0,20691.950701074995,315.689350195064,12,1.3890944872989621,0.0
1990-08-07,1990-08-14,1990-08-10,303.709686080535,8,NERC,59.1111111111111,5.0,23121.628189719275,315.689350195064,12,1.3890944872989621,0.0
1990-08-19,1990-08-22,1990-08-21,306.056230700057,4,NERC,64.0495867768595,308.0,24345.8531125195,315.689350195064,12,1.3890944872989621,0.0
1991-06-26,1991-07-02,1991-06-26,306.228623894641,7,NERC,52.3206751054852,-3.0,2143.600367262487,307.554356170831,11,-8.13499402423298,-1.0
1991-06-29,1991-07-04,1991-07-02,304.495245783519,6,NERC,67.3553719008265,-3.0,3970.571841963601,307.554356170831,11,-8.13499402423298,-1.0
1991-07-01,1991-07-05,1991-07-01,305.585718896455,5,NERC,60.3305785123967,13.0,5498.500436445876,307.554356170831,11,-8.13499402423298,-1.0
1991-07-18,1991-07-24,1991-07-21,306.065706197756,7,NERC,13.1147540983607,-6.0,7640.960379830169,307.554356170831,11,-8.13499402423298,-1.0
1991-07-18,1991-07-24,1991-07-22,305.894505944706,7,NERC,47.8174603174603,-6.0,9782.22192144311,307.554356170831,11,-8.13499402423298,-1.0
1991-07-18,1991-07-24,1991-07-20,306.23684585441,7,NERC,34.3283582089552,-5.0,11925.87984242398,307.554356170831,11,-8.13499402423298,-1.0
1991-07-19,1991-07-24,1991-07-22,306.173083860125,6,NERC,57.0247933884298,-5.0,13762.91834558473,307.554356170831,11,-8.13499402423298,-1.0
1991-07-19,1991-07-29,1991-07-23,307.554356170831,11,NERC,63.519313304721,-7.0,17146.01626346387,307.554356170831,11,-8.13499402423298,-1.0
1991-07-22,1991-07-26,1991-07-23,305.21819132231,5,NERC,50.0,331.0,18672.10722007542,307.554356170831,11,-8.13499402423298,-1.0
1992-06-21,1992-06-26,1992-06-23,304.707615458818,6,NERC,42.2222222222222,5.0,1828.2456927529079,311.456945193992,15,3.902589023160999,4.0
1992-07-01,1992-07-04,1992-07-01,311.080960808726,4,NERC,20.7446808510638,34.0,3072.569535987812,311.456945193992,15,3.902589023160999,4.0
1992-08-07,1992-08-21,1992-08-16,308.035707325932,15,NERC,22.2222222222222,-10.0,7693.1051458767915,311.456945193992,15,3.902589023160999,4.0
1992-08-11,1992-08-21,1992-08-12,306.769251671139,11,NERC,44.4444444444444,-6.0,11067.566914259321,311.456945193992,15,3.902589023160999,4.0
1992-08-15,1992-08-19,1992-08-18,311.456945193992,5,NERC,18.1818181818182,318.0,12624.85164022928,311.456945193992,15,3.902589023160999,4.0
1993-07-03,1993-07-12,1993-07-09,305.22362749268,10,NERC,73.015873015873,-8.0,3052.2362749268,309.538722793721,15,-1.91822240027102,0.0
1993-07-04,1993-07-16,1993-07-10,308.529476470006,13,NERC,58.3690987124464,-10.0,7063.1194690368775,309.538722793721,15,-1.91822240027102,0.0
1993-07-06,1993-07-12,1993-07-09,305.959221245482,7,NERC,14.7540983606557,-5.0,9204.834017755253,309.538722793721,15,-1.91822240027102,0.0
1993-07-07,1993-07-12,1993-07-10,305.626768529713,6,NERC,38.8059701492537,1.0,11038.59462893353,309.538722793721,15,-1.91822240027102,0.0
1993-07-13,1993-07-20,1993-07-19,307.6160323445,8,NERC,56.6115702479339,-4.0,13499.52288768953,309.538722793721,15,-1.91822240027102,0.0
1993-07-16,1993-07-30,1993-07-23,309.449761249208,15,NERC,80.5785123966942,-6.0,18141.26930642765,309.538722793721,15,-1.91822240027102,0.0
1993-07-24,1993-07-30,1993-07-27,308.685923140668,7,NERC,44.6280991735537,-4.0,20302.070768412326,309.538722793721,15,-1.91822240027102,0.0
1993-07-26,1993-08-03,1993-07-31,309.538722793721,9,NERC,38.2716049382716,14.0,23087.919273555814,309.538722793721,15,-1.91822240027102,0.0
1993-08-17,1993-08-22,1993-08-17,309.41459860888,6,NERC,52.4691358024691,296.0,24944.406865209094,309.538722793721,15,-1.91822240027102,0.0
1994-06-14,1994-06-21,1994-06-18,304.500165044608,8,NERC,68.0555555555556,-3.0,2436.001320356864,315.852237440699,17,6.313514646978035,2.0
1994-06-18,1994-06-22,1994-06-19,307.233823965199,5,NERC,38.255033557047,2.0,3972.1704401828592,315.852237440699,17,6.313514646978035,2.0
1994-06-24,1994-07-02,1994-06-28,315.852237440699,9,NERC,20.4545454545455,-6.0,6814.840577149151,315.852237440699,17,6.313514646978035,2.0
1994-06-26,1994-06-30,1994-06-28,314.267853811379,5,NERC,40.4255319148936,5.0,8386.179846206045,315.852237440699,17,6.313514646978035,2.0
1994-07-05,1994-07-10,1994-07-06,303.097608574017,6,NERC,61.3095238095238,-4.0,10204.765497650147,315.852237440699,17,6.313514646978035,2.0
1994-07-06,1994-07-10,1994-07-08,303.128270298415,5,NERC,37.7049180327869,-4.0,11720.406849142222,315.852237440699,17,6.313514646978035,2.0
1994-07-06,1994-07-10,1994-07-10,302.486249833362,5,NERC,37.3134328358209,10.0,13232.838098309032,315.852237440699,17,6.313514646978035,2.0
1994-07-20,1994-07-30,1994-07-21,305.516036794985,11,NERC,60.8888888888889,-10.0,16593.514503053866,315.852237440699,17,6.313514646978035,2.0
1994-07-20,1994-07-28,1994-07-21,302.586336583301,9,NERC,13.1147540983607,-8.0,19316.791532303578,315.852237440699,17,6.313514646978035,2.0
1994-07-20,1994-07-24,1994-07-20,303.631886319021,5,NERC,42.0634920634921,-4.0,20834.950963898682,315.852237440699,17,6.313514646978035,2.0
1994-07-20,1994-08-05,1994-07-21,304.341431846399,17,NERC,31.3432835820896,6.0,26008.755305287465,315.852237440699,17,6.313514646978035,2.0
1994-08-11,1994-08-18,1994-08-15,307.561587182544,8,NERC,24.0740740740741,326.0,28469.248002747816,315.852237440699,17,6.313514646978035,2.0
1995-07-10,1995-07-13,1995-07-11,307.198815898414,4,NERC,51.1627906976744,-2.0,1228.795263593656,316.402387966937,25,0.5501505262379851,8.0
1995-07-11,1995-07-18,1995-07-13,307.480921346286,8,NERC,66.1157024793389,-5.0,3688.642634363944,316.402387966937,25,0.5501505262379851,8.0
1995-07-11,1995-07-17,1995-07-13,309.46449813217,7,NERC,54.4303797468355,-6.0,5854.894121289134,316.402387966937,25,0.5501505262379851,8.0
1995-07-11,1995-07-17,1995-07-13,310.046148406809,7,NERC,61.0738255033557,-6.0,8025.217160136797,316.402387966937,25,0.5501505262379851,8.0
1995-07-13,1995-07-19,1995-07-15,307.495038535634,7,NERC,54.3650793650794,-5.0,10177.682429886234,316.402387966937,25,0.5501505262379851,8.0
1995-07-14,1995-07-19,1995-07-15,307.360601710412,6,NERC,8.19672131147541,-4.0,12021.846040148706,316.402387966937,25,0.5501505262379851,8.0
1995-07-15,1995-07-19,1995-07-15,307.274577980487,5,NERC,51.931330472103,-2.0,13558.218930051142,316.402387966937,25,0.5501505262379851,8.0
1995-07-17,1995-07-21,1995-07-18,302.784581596689,5,NERC,34.6666666666667,0.0,15072.141838034586,316.402387966937,25,0.5501505262379851,8.0
1995-07-21,1995-07-28,1995-07-24,307.892907044353,8,NERC,66.9421487603306,-7.0,17535.285094389412,316.402387966937,25,0.5501505262379851,8.0
1995-07-21,1995-08-01,1995-07-23,306.586364998682,12,NERC,61.8025751072961,-9.0,21214.321474373595,316.402387966937,25,0.5501505262379851,8.0
1995-07-23,1995-07-31,1995-07-31,303.702362606995,9,NERC,53.3730158730159,-7.0,23947.642737836548,316.402387966937,25,0.5501505262379851,8.0
1995-07-24,1995-08-02,1995-08-01,304.198442484212,10,NERC,29.8507462686567,-8.0,26989.62716267867,316.402387966937,25,0.5501505262379851,8.0
1995-07-25,1995-08-06,1995-08-01,303.308682561031,13,NERC,9.83606557377049,-11.0,30932.640035972072,316.402387966937,25,0.5501505262379851,8.0
1995-07-26,1995-08-05,1995-07-28,308.405672322073,11,NERC,20.3703703703704,-9.0,34325.102431514875,316.402387966937,25,0.5501505262379851,8.0
1995-07-27,1995-07-31,1995-07-28,310.342295431003,5,NERC,22.8395061728395,-4.0,35876.813908669894,316.402387966937,25,0.5501505262379851,8.0
1995-07-27,1995-07-31,1995-07-28,316.402387966937,5,NERC,15.9090909090909,-2.0,37458.82584850457,316.402387966937,25,0.5501505262379851,8.0
1995-07-29,1995-08-22,1995-08-10,307.853290230803,25,NERC,45.8677685950413,-21.0,45155.15810427465,316.402387966937,25,0.5501505262379851,8.0
1995-08-01,1995-08-06,1995-08-01,303.885306875727,6,NERC,65.0793650793651,-1.0,46978.46994552901,316.402387966937,25,0.5501505262379851,8.0
1995-08-05,1995-08-14,1995-08-12,305.019005266201,10,NERC,49.57805907173,-7.0,50028.659998191026,316.402387966937,25,0.5501505262379851,8.0
1995-08-05,1995-08-11,1995-08-06,313.257455191301,7,NERC,15.9090909090909,-6.0,52221.46218453013,316.402387966937,25,0.5501505262379851,8.0
1995-08-07,1995-08-21,1995-08-19,309.334732038216,15,NERC,51.6778523489933,-10.0,56861.48316510337,316.402387966937,25,0.5501505262379851,8.0
1995-08-11,1995-08-18,1995-08-14,304.852105637631,8,NERC,69.2460317460318,-6.0,59300.30001020442,316.402387966937,25,0.5501505262379851,8.0
1995-08-12,1995-08-28,1995-08-15,308.912843710453,17,NERC,73.9669421487603,-15.0,64551.81835328211,316.402387966937,25,0.5501505262379851,8.0
1995-08-13,1995-08-15,1995-08-14,307.706065527587,3,NERC,39.9141630901288,1.0,65474.93654986488,316.402387966937,25,0.5501505262379851,8.0
1995-08-16,1995-08-30,1995-08-17,309.871655802393,15,NERC,41.358024691358,-7.0,70123.01138690078,316.402387966937,25,0.5501505262379851,8.0
1995-08-23,1995-08-31,1995-08-28,306.078689893768,9,NERC,22.8070175438597,306.0,72877.71959594468,316.402387966937,25,0.5501505262379851,8.0
1996-07-02,1996-07-08,1996-07-04,306.930602978523,7,NERC,41.8604651162791,4.0,2148.514220849661,313.265397091417,11,-3.1369908755199845,-14.0
1996-07-12,1996-07-16,1996-07-14,304.224507409812,5,NERC,37.7777777777778,1.0,3669.636757898721,313.265397091417,11,-3.1369908755199845,-14.0
1996-07-17,1996-07-23,1996-07-19,311.710703484636,7,NERC,38.125,-1.0,5851.611682291174,313.265397091417,11,-3.1369908755199845,-14.0
1996-07-22,1996-08-01,1996-07-27,304.061625319276,11,NERC,44.8888888888889,-8.0,9196.289560803209,313.265397091417,11,-3.1369908755199845,-14.0
1996-07-24,1996-08-02,1996-07-24,313.265397091417,10,NERC,15.9090909090909,-7.0,12328.94353171738,313.265397091417,11,-3.1369908755199845,-14.0
1996-07-26,1996-08-01,1996-07-31,307.350494138772,7,NERC,40.7407407407407,3.0,14480.396990688783,313.265397091417,11,-3.1369908755199845,-14.0
1996-08-04,1996-08-08,1996-08-05,311.841502521047,5,NERC,39.0625,0.0,16039.604503294018,313.265397091417,11,-3.1369908755199845,-14.0
1996-08-08,1996-08-17,1996-08-13,308.885659694056,10,NERC,38.8888888888889,7.0,19128.461100234577,313.265397091417,11,-3.1369908755199845,-14.0
1996-08-24,1996-08-27,1996-08-25,304.732456797539,4,NERC,36.8888888888889,328.0,20347.390927424734,313.265397091417,11,-3.1369908755199845,-14.0
1997-07-21,1997-07-25,1997-07-25,305.713151475825,5,NERC,30.9917355371901,0.0,1528.565757379125,310.670438779511,7,-2.594958311905998,-4.0
1997-07-25,1997-07-28,1997-07-26,310.670438779511,4,NERC,35.5704697986577,-3.0,2771.247512497169,310.670438779511,7,-2.594958311905998,-4.0
1997-07-25,1997-07-28,1997-07-26,307.118999651265,4,NERC,41.7721518987342,6.0,3999.723511102229,310.670438779511,7,-2.594958311905998,-4.0
1997-08-03,1997-08-09,1997-08-05,309.132099508708,7,NERC,27.7777777777778,12.0,6163.6482076631855,310.670438779511,7,-2.594958311905998,-4.0
1997-08-21,1997-08-25,1997-08-22,310.129321353574,5,NERC,13.6363636363636,300.0,7714.294814431056,310.670438779511,7,-2.594958311905998,-4.0
1998-06-21,1998-06-30,1998-06-29,310.895091406265,10,NERC,27.5,-7.0,3108.95091406265,313.998054006381,15,3.327615226869966,8.0
1998-06-23,1998-06-30,1998-06-25,308.152074143047,8,NERC,40.9395973154362,-6.0,5574.167507207027,313.998054006381,15,3.327615226869966,8.0
1998-06-24,1998-06-30,1998-06-26,304.55593538472,7,NERC,61.7063492063492,-5.0,7706.059054900066,313.998054006381,15,3.327615226869966,8.0
1998-06-25,1998-06-30,1998-06-25,307.382052993726,6,NERC,51.2396694214876,-3.0,9550.351372862422,313.998054006381,15,3.327615226869966,8.0
1998-06-27,1998-07-05,1998-06-27,311.50209952442,9,NERC,25.0,1.0,12353.870268582203,313.998054006381,15,3.327615226869966,8.0
1998-07-06,1998-07-18,1998-07-06,306.733840003008,13,NERC,31.5789473684211,-11.0,16341.410188621307,313.998054006381,15,3.327615226869966,8.0
1998-07-07,1998-07-16,1998-07-07,310.92915380955,10,NERC,34.5679012345679,-7.0,19450.701726716805,313.998054006381,15,3.327615226869966,8.0
1998-07-09,1998-07-15,1998-07-12,313.998054006381,7,NERC,38.2978723404255,1.0,21648.688104761473,313.998054006381,15,3.327615226869966,8.0
1998-07-16,1998-07-20,1998-07-16,308.352718190878,5,NERC,46.2962962962963,-1.0,23190.451695715863,313.998054006381,15,3.327615226869966,8.0
1998-07-19,1998-07-23,1998-07-19,308.750116548041,5,NERC,53.4883720930233,-4.0,24734.20227845607,313.998054006381,15,3.327615226869966,8.0
1998-07-19,1998-07-25,1998-07-22,307.371069033535,7,NERC,60.0858369098713,1.0,26885.79976169081,313.998054006381,15,3.327615226869966,8.0
1998-07-26,1998-08-05,1998-07-27,304.632378798465,11,NERC,46.2222222222222,-3.0,30236.75592847393,313.998054006381,15,3.327615226869966,8.0
1998-08-02,1998-08-16,1998-08-04,310.153899783638,15,NERC,29.6296296296296,11.0,34889.0644252285,313.998054006381,15,3.327615226869966,8.0
1998-08-27,1998-09-08,1998-08-29,308.187000820314,13,NERC,42.5925925925926,297.0,38895.49543589258,313.998054006381,15,3.327615226869966,8.0
1999-07-02,1999-07-08,1999-07-05,306.603321994408,7,NERC,48.015873015873,-6.0,2146.2232539608563,312.870047495071,18,-1.1280065113099909,3.0
1999-07-02,1999-07-08,1999-07-05,307.027461163052,7,NERC,11.4754098360656,-5.0,4295.41548210222,312.870047495071,18,-1.1280065113099909,3.0
1999-07-03,1999-07-06,1999-07-04,306.07885919303,4,NERC,49.3670886075949,-3.0,5519.73091887434,312.870047495071,18,-1.1280065113099909,3.0
1999-07-03,1999-07-06,1999-07-04,307.133105561227,4,NERC,18.1208053691275,-2.0,6748.263341119248,312.870047495071,18,-1.1280065113099909,3.0
1999-07-04,1999-07-08,1999-07-05,306.002792410514,5,NERC,32.8358208955224,6.0,8278.277303171819,312.870047495071,18,-1.1280065113099909,3.0
1999-07-04,1999-07-07,1999-07-05,308.221956964753,4,NERC,45.4935622317597,-3.0,9511.16513103083,312.870047495071,18,-1.1280065113099909,3.0
1999-07-14,1999-07-31,1999-07-30,309.263445306672,18,NERC,50.0,-15.0,15077.907146550926,312.870047495071,18,-1.1280065113099909,3.0
1999-07-16,1999-07-19,1999-07-17,306.462375401842,4,NERC,29.8507462686567,-3.0,16303.756648158294,312.870047495071,18,-1.1280065113099909,3.0
1999-07-16,1999-08-01,1999-07-29,311.63815617763,17,NERC,69.1275167785235,-15.0,21601.605303178003,312.870047495071,18,-1.1280065113099909,3.0
1999-07-17,1999-07-19,1999-07-17,305.498246150767,3,NERC,9.83606557377049,-2.0,22518.100041630307,312.870047495071,18,-1.1280065113099909,3.0
1999-07-17,1999-08-02,1999-07-30,309.816308808145,17,NERC,47.5206611570248,-13.0,27784.97729136877,312.870047495071,18,-1.1280065113099909,3.0
1999-07-20,1999-07-27,1999-07-26,308.207508706366,8,NERC,57.5107296137339,-5.0,30250.637361019697,312.870047495071,18,-1.1280065113099909,3.0
1999-07-22,1999-07-27,1999-07-27,308.094125081414,6,NERC,75.206611570248,-4.0,32099.20211150818,312.870047495071,18,-1.1280065113099909,3.0
1999-07-22,1999-07-26,1999-07-25,305.053741945509,5,NERC,59.1269841269841,-4.0,33624.47082123573,312.870047495071,18,-1.1280065113099909,3.0
1999-07-23,1999-08-02,1999-07-29,311.608599932856,11,NERC,40.0,-5.0,37052.16542049714,312.870047495071,18,-1.1280065113099909,3.0
1999-07-28,1999-08-01,1999-07-31,307.115518135826,5,NERC,63.6904761904762,-3.0,38587.74301117627,312.870047495071,18,-1.1280065113099909,3.0
1999-07-29,1999-08-02,1999-07-31,311.08294252608,5,NERC,47.6394849785408,-4.0,40143.157723806675,312.870047495071,18,-1.1280065113099909,3.0
1999-07-29,1999-08-03,1999-08-02,307.769915731475,6,NERC,45.6140350877193,-4.0,41989.77721819552,312.870047495071,18,-1.1280065113099909,3.0
1999-07-30,1999-08-02,1999-07-31,310.170828936918,4,NERC,85.1239669421488,5.0,43230.460533943195,312.870047495071,18,-1.1280065113099909,3.0
1999-08-07,1999-08-13,1999-08-13,310.549269762197,7,NERC,33.9506172839506,-5.0,45404.30542227857,312.870047495071,18,-1.1280065113099909,3.0
1999-08-08,1999-08-14,1999-08-13,312.870047495071,7,NERC,23.4042553191489,-3.0,47594.39575474407,312.870047495071,18,-1.1280065113099909,3.0
1999-08-11,1999-08-15,1999-08-11,305.827646411764,5,NERC,29.8245614035088,8.0,49123.53398680289,312.870047495071,18,-1.1280065113099909,3.0
1999-08-23,1999-08-27,1999-08-25,307.093530853473,5,NERC,27.7777777777778,316.0,50659.00164107026,312.870047495071,18,-1.1280065113099909,3.0
2000-07-08,2000-07-12,2000-07-09,306.047847541444,5,NERC,49.3670886075949,21.0,1530.2392377072201,313.370467607874,7,0.500420112802999,-11.0
2000-08-02,2000-08-05,2000-08-02,305.590641887646,4,NERC,54.6511627906977,2.0,2752.601805257804,313.370467607874,7,0.500420112802999,-11.0
2000-08-07,2000-08-10,2000-08-07,306.98522636102,4,NERC,57.5107296137339,20.0,3980.542710701884,313.370467607874,7,0.500420112802999,-11.0
2000-08-30,2000-09-05,2000-09-04,313.370467607874,7,NERC,29.6296296296296,299.0,6174.135983957001,313.370467607874,7,0.500420112802999,-11.0
2001-07-01,2001-07-06,2001-07-02,313.687059000645,6,NERC,15.9090909090909,-4.0,1882.12235400387,313.687059000645,22,0.316591392770988,15.0
2001-07-02,2001-07-07,2001-07-02,307.806067269277,6,NERC,42.5925925925926,-3.0,3728.9587576195318,313.687059000645,22,0.316591392770988,15.0
2001-07-04,2001-07-11,2001-07-06,307.341203484897,8,NERC,51.1627906976744,4.0,6187.688385498708,313.687059000645,22,0.316591392770988,15.0
2001-07-15,2001-07-25,2001-07-22,306.835585988333,11,NERC,49.57805907173,-9.0,9562.87983137037,313.687059000645,22,0.316591392770988,15.0
2001-07-16,2001-07-20,2001-07-16,311.181505291485,5,NERC,30.8510638297872,-3.0,11118.787357827796,313.687059000645,22,0.316591392770988,15.0
2001-07-17,2001-08-07,2001-07-22,312.148978483442,22,NERC,47.5,-17.0,17986.06488446352,313.687059000645,22,0.316591392770988,15.0
2001-07-21,2001-07-26,2001-07-22,308.834282337306,6,NERC,51.006711409396,3.0,19839.070578487357,313.687059000645,22,0.316591392770988,15.0
2001-07-29,2001-08-02,2001-07-29,307.639807923333,5,NERC,45.3488372093023,-4.0,21377.269618104023,313.687059000645,22,0.316591392770988,15.0
2001-07-29,2001-08-09,2001-08-07,308.218927716834,12,NERC,58.0168776371308,-5.0,25075.89675070603,313.687059000645,22,0.316591392770988,15.0
2001-08-04,2001-08-08,2001-08-05,305.755150238273,5,NERC,52.3255813953488,-2.0,26604.672501897396,313.687059000645,22,0.316591392770988,15.0
2001-08-06,2001-08-11,2001-08-09,306.386560905131,6,NERC,32.8358208955224,-4.0,28442.99186732818,313.687059000645,22,0.316591392770988,15.0
2001-08-07,2001-08-11,2001-08-08,306.146767090977,5,NERC,47.2222222222222,-2.0,29973.725702783064,313.687059000645,22,0.316591392770988,15.0
2001-08-09,2001-08-13,2001-08-09,307.350350837812,5,NERC,49.7854077253219,313.0,31510.477456972127,313.687059000645,22,0.316591392770988,15.0
2002-06-22,2002-06-26,2002-06-25,305.94531294163,5,NERC,54.0084388185654,-2.0,1529.72656470815,312.54263012699,11,-1.144428873654988,-11.0
2002-06-24,2002-06-27,2002-06-24,303.435331989248,4,NERC,65.0793650793651,2.0,2743.4678926651422,312.54263012699,11,-1.144428873654988,-11.0
2002-06-29,2002-07-03,2002-07-01,308.335819694219,5,NERC,47.6744186046512,-3.0,4285.146991136237,312.54263012699,11,-1.144428873654988,-11.0
2002-06-30,2002-07-10,2002-06-30,307.848217335707,11,NERC,58.2278481012658,-1.0,7671.477381829014,312.54263012699,11,-1.144428873654988,-11.0
2002-07-09,2002-07-15,2002-07-13,312.54263012699,7,NERC,18.1818181818182,-5.0,9859.275792717945,312.54263012699,11,-1.144428873654988,-11.0
2002-07-10,2002-07-18,2002-07-11,305.371913350035,9,NERC,73.7777777777778,4.0,12607.623012868258,312.54263012699,11,-1.144428873654988,-11.0
2002-07-22,2002-07-25,2002-07-23,304.054377302995,4,NERC,41.7777777777778,2.0,13823.84052208024,312.54263012699,11,-1.144428873654988,-11.0
2002-07-27,2002-08-01,2002-07-30,308.389766971581,6,NERC,54.5064377682404,-4.0,15674.179123909726,312.54263012699,11,-1.144428873654988,-11.0
2002-07-28,2002-08-01,2002-08-01,305.373778237323,5,NERC,57.9365079365079,12.0,17201.04801509634,312.54263012699,11,-1.144428873654988,-11.0
2002-08-13,2002-08-19,2002-08-14,305.591727912505,7,NERC,31.3432835820896,-5.0,19340.190110483876,312.54263012699,11,-1.144428873654988,-11.0
2002-08-14,2002-08-18,2002-08-14,304.483636439372,5,NERC,22.9508196721311,329.0,20862.608292680736,312.54263012699,11,-1.144428873654988,-11.0
2003-07-13,2003-08-01,2003-07-13,308.830348646619,20,NERC,52.3255813953488,-18.0,6176.606972932379,315.360473994583,20,2.8178438675930124,9.0
2003-07-14,2003-07-29,2003-07-14,315.360473994583,16,NERC,18.1818181818182,-11.0,11222.374556845707,315.360473994583,20,2.8178438675930124,9.0
2003-07-18,2003-07-26,2003-07-22,304.072002309901,9,NERC,79.1111111111111,-4.0,13959.022577634816,315.360473994583,20,2.8178438675930124,9.0
2003-07-22,2003-07-24,2003-07-23,298.749195565556,3,NERC,31.3432835820896,4.0,14855.270164331485,315.360473994583,20,2.8178438675930124,9.0
2003-07-28,2003-08-03,2003-07-30,305.297744513722,7,NERC,65.7777777777778,0.0,16992.354375927538,315.360473994583,20,2.8178438675930124,9.0
2003-08-03,2003-08-14,2003-08-14,301.407147586373,12,NERC,31.3432835820896,-7.0,20609.240146964014,315.360473994583,20,2.8178438675930124,9.0
2003-08-07,2003-08-15,2003-08-10,313.596993974563,9,NERC,15.9090909090909,3.0,23431.613092735082,315.360473994583,20,2.8178438675930124,9.0
2003-08-18,2003-08-21,2003-08-18,309.446179267288,4,NERC,42.6160337552743,330.0,24669.397809804235,315.360473994583,20,2.8178438675930124,9.0
2004-07-16,2004-07-20,2004-07-17,302.283804864615,5,NERC,58.6666666666667,-1.0,1511.4190243230748,305.387451574414,7,-9.973022420169002,-13.0
2004-07-19,2004-07-21,2004-07-19,303.270197757486,3,NERC,47.6744186046512,2.0,2421.229617595533,305.387451574414,7,-9.973022420169002,-13.0
2004-07-23,2004-07-26,2004-07-24,304.708001031746,4,NERC,36.4444444444444,40.0,3640.061621722517,305.387451574414,7,-9.973022420169002,-13.0
2004-09-04,2004-09-10,2004-09-10,304.468086124838,7,NERC,21.0526315789474,2.0,5771.338224596383,305.387451574414,7,-9.973022420169002,-13.0
2004-09-12,2004-09-17,2004-09-16,305.387451574414,6,NERC,21.0526315789474,294.0,7603.662934042867,305.387451574414,7,-9.973022420169002,-13.0
2005-07-08,2005-07-15,2005-07-08,306.089802538651,8,NERC,26.3157894736842,-3.0,2448.718420309208,315.111446501258,17,9.723994926844,10.0
2005-07-12,2005-07-23,2005-07-19,305.670317065864,12,NERC,60.5150214592275,-10.0,6116.7622250995755,315.111446501258,17,9.723994926844,10.0
2005-07-13,2005-07-24,2005-07-14,307.565993536032,12,NERC,38.8888888888889,-11.0,9807.55414753196,315.111446501258,17,9.723994926844,10.0
2005-07-13,2005-07-29,2005-07-17,315.111446501258,17,NERC,18.1818181818182,-15.0,15164.448738053346,315.111446501258,17,9.723994926844,10.0
2005-07-14,2005-07-20,2005-07-19,303.550440884529,7,NERC,13.1147540983607,-6.0,17289.30182424505,315.111446501258,17,9.723994926844,10.0
2005-07-14,2005-07-22,2005-07-21,303.958780358304,9,NERC,67.8571428571429,-6.0,20024.930847469786,315.111446501258,17,9.723994926844,10.0
2005-07-16,2005-07-27,2005-07-25,308.31450569927,12,NERC,55.7851239669422,-10.0,23724.704915861024,315.111446501258,17,9.723994926844,10.0
2005-07-17,2005-07-20,2005-07-19,303.926569593541,4,NERC,32.8358208955224,-1.0,24940.41119423519,315.111446501258,17,9.723994926844,10.0
2005-07-19,2005-07-26,2005-07-23,312.871618569911,8,NERC,43.4375,-6.0,27443.38414279448,315.111446501258,17,9.723994926844,10.0
2005-07-19,2005-07-25,2005-07-20,308.863814765613,7,NERC,60.4651162790698,-6.0,29605.43084615377,315.111446501258,17,9.723994926844,10.0
2005-07-20,2005-07-30,2005-07-25,306.987859868096,11,NERC,72.7272727272727,13.0,32982.29730470282,315.111446501258,17,9.723994926844,10.0
2005-08-12,2005-08-25,2005-08-20,306.322269031508,14,NERC,69.8347107438017,-5.0,37270.809071143936,315.111446501258,17,9.723994926844,10.0
2005-08-20,2005-08-30,2005-08-22,309.775993670962,11,NERC,20.3703703703704,-8.0,40678.34500152452,315.111446501258,17,9.723994926844,10.0
2005-08-22,2005-09-03,2005-08-30,306.18725500244,13,NERC,35.0877192982456,15.0,44658.77931655624,315.111446501258,17,9.723994926844,10.0
2005-09-18,2005-09-23,2005-09-19,305.903627862069,6,NERC,22.8070175438597,275.0,46494.20108372865,315.111446501258,17,9.723994926844,10.0
2006-06-25,2006-06-29,2006-06-26,307.147120391841,5,NERC,37.037037037037,-4.0,1535.7356019592048,315.418910795645,28,0.30746429438698897,11.0
2006-06-25,2006-06-29,2006-06-26,303.54402802026,5,NERC,40.4444444444444,5.0,3053.4557420605047,315.418910795645,28,0.30746429438698897,11.0
2006-07-04,2006-07-31,2006-07-21,313.654153828676,28,NERC,15.9090909090909,-21.0,11835.772049263433,315.418910795645,28,0.30746429438698897,11.0
2006-07-10,2006-07-21,2006-07-19,315.418910795645,12,NERC,41.875,-8.0,15620.798978811174,315.418910795645,28,0.30746429438698897,11.0
2006-07-13,2006-08-02,2006-07-16,308.205589811609,21,NERC,46.5116279069768,-18.0,22093.116364854963,315.418910795645,28,0.30746429438698897,11.0
2006-07-13,2006-07-31,2006-07-22,311.335730939454,19,NERC,35.1851851851852,-18.0,28008.495252704586,315.418910795645,28,0.30746429438698897,11.0
2006-07-15,2006-07-30,2006-07-22,307.299444226791,16,NERC,58.6666666666667,-6.0,32925.286360333244,315.418910795645,28,0.30746429438698897,11.0
2006-07-24,2006-08-06,2006-07-31,313.328495996723,14,NERC,58.8607594936709,-12.0,37311.88530428737,315.418910795645,28,0.30746429438698897,11.0
2006-07-25,2006-08-14,2006-08-06,313.299808409378,21,NERC,39.6875,-19.0,43891.1812808843,315.418910795645,28,0.30746429438698897,11.0
2006-07-26,2006-08-04,2006-08-02,312.078147065476,10,NERC,51.6778523489933,-8.0,47011.96275153906,315.418910795645,28,0.30746429438698897,11.0
2006-07-27,2006-08-06,2006-08-01,306.912393603587,11,NERC,41.2698412698413,-7.0,50387.99908117852,315.418910795645,28,0.30746429438698897,11.0
2006-07-30,2006-08-05,2006-08-02,306.203182488346,7,NERC,38.8059701492537,-5.0,52531.42135859694,315.418910795645,28,0.30746429438698897,11.0
2006-07-31,2006-08-04,2006-08-03,308.995065663434,5,NERC,59.504132231405,-4.0,54076.396686914115,315.418910795645,28,0.30746429438698897,11.0
2006-07-31,2006-08-11,2006-08-02,307.695520582531,12,NERC,51.0729613733906,-10.0,57768.74293390448,315.418910795645,28,0.30746429438698897,11.0
2006-08-01,2006-08-08,2006-08-02,306.128932346329,8,NERC,9.83606557377049,11.0,60217.77439267511,315.418910795645,28,0.30746429438698897,11.0
2006-08-19,2006-08-24,2006-08-19,309.237560088184,6,NERC,38.2716049382716,320.0,62073.19975320422,315.418910795645,28,0.30746429438698897,11.0
2007-07-10,2007-07-25,2007-07-11,305.500243032222,16,NERC,52.8888888888889,-10.0,4888.003888515552,312.035678096609,16,-3.383232699036,-12.0
2007-07-15,2007-07-29,2007-07-16,305.575707810277,15,NERC,55.8139534883721,4.0,9471.639505669707,312.035678096609,16,-3.383232699036,-12.0
2007-08-02,2007-08-11,2007-08-10,308.730178403046,10,NERC,60.5150214592275,-6.0,12558.941289700168,312.035678096609,16,-3.383232699036,-12.0
2007-08-05,2007-08-14,2007-08-12,312.035678096609,10,NERC,56.3758389261745,-9.0,15679.298070666257,312.035678096609,16,-3.383232699036,-12.0
2007-08-05,2007-08-14,2007-08-13,310.467545444446,10,NERC,47.9338842975207,-9.0,18783.973525110716,312.035678096609,16,-3.383232699036,-12.0
2007-08-05,2007-08-17,2007-08-15,310.99144110993,13,NERC,81.4049586776859,-11.0,22826.862259539805,312.035678096609,16,-3.383232699036,-12.0
2007-08-05,2007-08-10,2007-08-09,309.861874308008,6,NERC,46.875,-5.0,24686.033505387855,312.035678096609,16,-3.383232699036,-12.0
2007-08-05,2007-08-14,2007-08-08,307.120385470515,10,NERC,47.3684210526316,-9.0,27757.237360093004,312.035678096609,16,-3.383232699036,-12.0
2007-08-06,2007-08-10,2007-08-08,304.664816124136,5,NERC,71.4285714285714,1.0,29280.561440713685,312.035678096609,16,-3.383232699036,-12.0
2007-08-11,2007-08-25,2007-08-12,311.820906572511,15,NERC,13.5802469135802,-13.0,33957.87503930135,312.035678096609,16,-3.383232699036,-12.0
2007-08-12,2007-08-18,2007-08-13,305.858219508552,7,NERC,53.4883720930233,-3.0,36098.882575861215,312.035678096609,16,-3.383232699036,-12.0
2007-08-15,2007-08-19,2007-08-15,310.038345090573,5,NERC,25.531914893617,1.0,37649.074301314075,312.035678096609,16,-3.383232699036,-12.0
2007-08-20,2007-08-25,2007-08-23,309.498633594431,6,NERC,22.8187919463087,2.0,39506.066102880664,312.035678096609,16,-3.383232699036,-12.0
2007-08-27,2007-09-06,2007-08-29,307.600924468424,11,NERC,14.8148148148148,273.0,42889.67627203333,312.035678096609,16,-3.383232699036,-12.0
2008-06-05,2008-06-09,2008-06-07,309.046540899538,5,NERC,12.2340425531915,-1.0,1545.23270449769,313.012028096972,7,0.976350000363027,-9.0
2008-06-08,2008-06-11,2008-06-09,305.441489862846,4,NERC,16.3934426229508,38.0,2766.9986639490744,313.012028096972,7,0.976350000363027,-9.0
2008-07-19,2008-07-21,2008-07-19,302.715269659011,3,NERC,28.3582089552239,13.0,3675.1444729261075,313.012028096972,7,0.976350000363027,-9.0
2008-08-03,2008-08-06,2008-08-03,313.012028096972,4,NERC,37.1875,8.0,4927.192585313996,313.012028096972,7,0.976350000363027,-9.0
2008-08-14,2008-08-20,2008-08-15,304.291766433625,7,NERC,30.6666666666667,0.0,7057.234950349371,313.012028096972,7,0.976350000363027,-9.0
2008-08-20,2008-08-25,2008-08-24,303.265156258381,6,NERC,21.0526315789474,5.0,8876.825887899657,313.012028096972,7,0.976350000363027,-9.0
2008-08-30,2008-09-03,2008-09-01,305.545958482956,5,NERC,28.0701754385965,-2.0,10404.555680314437,313.012028096972,7,0.976350000363027,-9.0
2008-09-01,2008-09-04,2008-09-01,304.768133285696,4,NERC,29.6296296296296,4.0,11623.628213457221,313.012028096972,7,0.976350000363027,-9.0
2008-09-08,2008-09-12,2008-09-12,305.307766046428,5,NERC,33.3333333333333,281.0,13150.16704368936,313.012028096972,7,0.976350000363027,-9.0
2009-06-20,2009-06-23,2009-06-22,307.262466174578,4,NERC,68.421052631579,-2.0,1229.049864698312,313.716251460118,22,0.7042233631459567,15.0
2009-06-21,2009-06-26,2009-06-23,307.825956673613,6,NERC,35.5704697986577,14.0,3076.00560473999,313.716251460118,22,0.7042233631459567,15.0
2009-07-10,2009-07-30,2009-07-18,313.716251460118,21,NERC,15.9090909090909,-19.0,9664.046885402468,313.716251460118,22,0.7042233631459567,15.0
2009-07-10,2009-07-16,2009-07-10,311.244905561261,7,NERC,43.75,-6.0,11842.761224331294,313.716251460118,22,0.7042233631459567,15.0
2009-07-11,2009-07-16,2009-07-13,312.905618430773,6,NERC,34.0425531914894,0.0,13720.194934915933,313.716251460118,22,0.7042233631459567,15.0
2009-07-16,2009-08-06,2009-07-28,304.889586365219,22,NERC,41.3333333333333,2.0,20427.76583495075,313.716251460118,22,0.7042233631459567,15.0
2009-08-08,2009-08-11,2009-08-08,311.521772943672,4,NERC,27.5,16.0,21673.852926725438,313.716251460118,22,0.7042233631459567,15.0
2009-08-27,2009-09-04,2009-08-29,308.688769940222,9,NERC,20.3703703703704,287.0,24452.051856187438,313.716251460118,22,0.7042233631459567,15.0
2010-06-18,2010-06-29,2010-06-21,307.62567668962,12,NERC,57.0247933884298,-9.0,3691.50812027544,313.789985260329,66,0.07373380021101639,44.0
2010-06-20,2010-08-24,2010-07-22,311.314205917902,66,NERC,9.25925925925926,-63.0,24238.245710856972,313.789985260329,66,0.07373380021101639,44.0
2010-06-22,2010-06-30,2010-06-24,309.181468209371,9,NERC,51.931330472103,5.0,27020.87892474131,313.789985260329,66,0.07373380021101639,44.0
2010-07-05,2010-07-22,2010-07-06,306.180932288398,18,NERC,28.3582089552239,-16.0,32532.135705932476,313.789985260329,66,0.07373380021101639,44.0
2010-07-05,2010-07-10,2010-07-07,305.981730359697,6,NERC,66.0714285714286,-5.0,34368.02608809066,313.789985260329,66,0.07373380021101639,44.0
2010-07-06,2010-07-20,2010-07-07,306.371560272846,15,NERC,11.4754098360656,-13.0,38963.59949218335,313.789985260329,66,0.07373380021101639,44.0
2010-07-07,2010-08-29,2010-07-24,309.451457770382,54,NERC,43.3884297520661,-49.0,55673.97821178398,313.789985260329,66,0.07373380021101639,44.0
2010-07-07,2010-08-06,2010-08-04,309.320905772985,31,NERC,50.8264462809917,-30.0,65262.92629074651,313.789985260329,66,0.07373380021101639,44.0
2010-07-11,2010-07-17,2010-07-17,306.231212004837,7,NERC,31.5789473684211,-5.0,67406.54477478037,313.789985260329,66,0.07373380021101639,44.0
2010-07-12,2010-07-31,2010-07-25,310.39027628472,20,NERC,36.480686695279,-18.0,73614.35030047476,313.789985260329,66,0.07373380021101639,44.0
2010-07-13,2010-07-28,2010-07-15,313.034637843771,16,NERC,15.9090909090909,-10.0,78622.90450597511,313.789985260329,66,0.07373380021101639,44.0
2010-07-13,2010-07-25,2010-07-24,305.770048800128,13,NERC,62.8968253968254,-12.0,82597.91514037678,313.789985260329,66,0.07373380021101639,44.0
2010-07-13,2010-07-25,2010-07-24,308.751075620916,13,NERC,53.6912751677852,-12.0,86611.67912344867,313.789985260329,66,0.07373380021101639,44.0
2010-07-18,2010-07-28,2010-07-18,309.689697526722,11,NERC,51.5625,-9.0,90018.26579624262,313.789985260329,66,0.07373380021101639,44.0
2010-07-19,2010-07-25,2010-07-25,310.430104571645,7,NERC,23.936170212766,-3.0,92191.27652824414,313.789985260329,66,0.07373380021101639,44.0
2010-07-22,2010-07-24,2010-07-23,303.006332772983,3,NERC,34.1772151898734,6.0,93100.29552656309,313.789985260329,66,0.07373380021101639,44.0
2010-07-30,2010-08-11,2010-07-30,307.360993171032,13,NERC,49.1228070175439,-11.0,97095.9884377865,313.789985260329,66,0.07373380021101639,44.0
2010-07-31,2010-08-06,2010-08-02,312.954951640856,7,NERC,42.8125,-4.0,99286.67309927249,313.789985260329,66,0.07373380021101639,44.0
2010-08-02,2010-08-04,2010-08-03,304.273625734372,3,NERC,24.0506329113924,-1.0,100199.49397647561,313.789985260329,66,0.07373380021101639,44.0
2010-08-03,2010-08-25,2010-08-23,313.789985260329,23,NERC,29.7872340425532,-18.0,107416.66363746318,313.789985260329,66,0.07373380021101639,44.0
2010-08-07,2010-08-15,2010-08-12,305.732183337586,9,NERC,42.8270042194093,-8.0,110168.25328750144,313.789985260329,66,0.07373380021101639,44.0
2010-08-07,2010-08-16,2010-08-13,312.320671463223,10,NERC,41.875,-8.0,113291.46000213368,313.789985260329,66,0.07373380021101639,44.0
2010-08-08,2010-08-15,2010-08-12,310.701567703597,8,NERC,65.7718120805369,-6.0,115777.07254376245,313.789985260329,66,0.07373380021101639,44.0
2010-08-09,2010-08-23,2010-08-13,308.813624421435,15,NERC,33.4710743801653,-13.0,120409.27691008398,313.789985260329,66,0.07373380021101639,44.0
2010-08-10,2010-08-13,2010-08-11,304.02020308537,4,NERC,58.9285714285714,-3.0,121625.35772242545,313.789985260329,66,0.07373380021101639,44.0
2010-08-10,2010-08-20,2010-08-11,308.161830875734,11,NERC,49.7854077253219,-1.0,125015.13786205853,313.789985260329,66,0.07373380021101639,44.0
2010-08-19,2010-08-30,2010-08-19,307.300336960846,12,NERC,31.5789473684211,-6.0,128702.74190558869,313.789985260329,66,0.07373380021101639,44.0
2010-08-24,2010-08-27,2010-08-24,308.59079549378,4,NERC,22.2222222222222,31.0,129937.1050875638,313.789985260329,66,0.07373380021101639,44.0
2010-09-27,2010-10-01,2010-09-27,308.771564589638,5,NERC,40.7407407407407,260.0,131480.962910512,313.789985260329,66,0.07373380021101639,44.0
2011-06-18,2011-06-23,2011-06-18,310.129166700699,6,NERC,10.4938271604938,-4.0,1860.775000204194,317.057359181766,48,3.267373921437013,-18.0
2011-06-19,2011-06-21,2011-06-19,308.590553848368,3,NERC,21.4876033057851,3.0,2786.546661749298,317.057359181766,48,3.267373921437013,-18.0
2011-06-24,2011-08-10,2011-08-02,317.057359181766,48,NERC,35.3125,-33.0,18005.299902474064,317.057359181766,48,3.267373921437013,-18.0
2011-07-08,2011-07-15,2011-07-12,308.927625607647,8,NERC,71.4876033057851,-5.0,20476.720907335242,317.057359181766,48,3.267373921437013,-18.0
2011-07-10,2011-07-14,2011-07-12,309.268217705326,5,NERC,50.4132231404959,1.0,22023.06199586187,317.057359181766,48,3.267373921437013,-18.0
2011-07-15,2011-08-09,2011-07-20,308.738367481922,26,NERC,47.2573839662447,-24.0,30050.259550391842,317.057359181766,48,3.267373921437013,-18.0
2011-07-16,2011-07-29,2011-07-23,306.579231470773,14,NERC,53.4883720930233,-13.0,34342.36879098267,317.057359181766,48,3.267373921437013,-18.0
2011-07-16,2011-08-09,2011-08-02,311.603145226931,25,NERC,67.1140939597316,-21.0,42132.44742165594,317.057359181766,48,3.267373921437013,-18.0
2011-07-19,2011-07-27,2011-07-22,307.12332132327,9,NERC,9.83606557377049,-8.0,44896.55731356537,317.057359181766,48,3.267373921437013,-18.0
2011-07-19,2011-08-11,2011-07-29,309.385849500349,24,NERC,60.0858369098713,-22.0,52321.817701573746,317.057359181766,48,3.267373921437013,-18.0
2011-07-19,2011-08-09,2011-07-21,306.774242086714,22,NERC,62.1031746031746,-21.0,59070.851027481454,317.057359181766,48,3.267373921437013,-18.0
2011-07-19,2011-08-10,2011-08-03,310.665359432778,23,NERC,51.6528925619835,-22.0,66216.15429443536,317.057359181766,48,3.267373921437013,-18.0
2011-07-20,2011-07-25,2011-07-22,307.063128705483,6,NERC,25.3731343283582,-4.0,68058.53306666824,317.057359181766,48,3.267373921437013,-18.0
2011-07-21,2011-08-14,2011-08-03,313.160875898641,25,NERC,11.7283950617284,-15.0,75887.55496413427,317.057359181766,48,3.267373921437013,-18.0
2011-07-30,2011-08-04,2011-07-31,306.496917789368,6,NERC,50.0,-4.0,77726.53647087049,317.057359181766,48,3.267373921437013,-18.0
2011-07-31,2011-08-11,2011-08-04,311.050597317812,12,NERC,80.1652892561984,-9.0,81459.14363868423,317.057359181766,48,3.267373921437013,-18.0
2011-08-02,2011-08-14,2011-08-02,314.089310884519,13,NERC,35.6382978723404,-10.0,85542.30468018298,317.057359181766,48,3.267373921437013,-18.0
2011-08-04,2011-08-09,2011-08-04,307.444625247091,6,NERC,50.8771929824562,14.0,87386.97243166552,317.057359181766,48,3.267373921437013,-18.0
2011-08-23,2011-09-03,2011-08-29,312.204061702277,12,NERC,15.9090909090909,-9.0,91133.42117209284,317.057359181766,48,3.267373921437013,-18.0
2011-08-25,2011-08-31,2011-08-27,307.724218488449,7,NERC,29.8245614035088,292.0,93287.49070151198,317.057359181766,48,3.267373921437013,-18.0
2012-06-18,2012-06-20,2012-06-19,305.93529363553,3,NERC,35.6540084388186,3.0,917.80588090659,315.517194592548,21,-1.5401645892180227,-27.0
2012-06-23,2012-07-10,2012-06-25,308.784131411996,18,NERC,48.8372093023256,-12.0,6475.920246322517,315.517194592548,21,-1.5401645892180227,-27.0
2012-06-28,2012-07-09,2012-07-07,313.724181374054,12,NERC,53.0201342281879,-9.0,10240.610422811165,315.517194592548,21,-1.5401645892180227,-27.0
2012-06-30,2012-07-11,2012-07-01,311.375119200084,12,NERC,64.4628099173554,-11.0,13977.111853212173,315.517194592548,21,-1.5401645892180227,-27.0
2012-06-30,2012-07-12,2012-06-30,310.925223716652,13,NERC,48.4978540772532,-10.0,18019.139761528648,315.517194592548,21,-1.5401645892180227,-27.0
2012-07-02,2012-07-09,2012-07-07,308.207347841077,8,NERC,58.9285714285714,-7.0,20484.798544257264,315.517194592548,21,-1.5401645892180227,-27.0
2012-07-02,2012-07-10,2012-07-06,310.085874865638,9,NERC,52.1097046413502,3.0,23275.571418048006,315.517194592548,21,-1.5401645892180227,-27.0
2012-07-13,2012-07-16,2012-07-13,304.4163594216,4,NERC,48.8372093023256,-3.0,24493.23685573441,315.517194592548,21,-1.5401645892180227,-27.0
2012-07-13,2012-07-19,2012-07-16,309.524428950317,7,NERC,61.6033755274262,-5.0,26659.907858386625,315.517194592548,21,-1.5401645892180227,-27.0
2012-07-14,2012-07-19,2012-07-17,304.022646004938,6,NERC,31.3432835820896,-5.0,28484.043734416253,315.517194592548,21,-1.5401645892180227,-27.0
2012-07-14,2012-07-20,2012-07-17,307.220484338918,7,NERC,50.1984126984127,-4.0,30634.58712478868,315.517194592548,21,-1.5401645892180227,-27.0
2012-07-16,2012-08-05,2012-08-02,315.517194592548,21,NERC,40.3125,-19.0,37260.448211232186,315.517194592548,21,-1.5401645892180227,-27.0
2012-07-17,2012-07-21,2012-07-17,306.808299800876,5,NERC,62.6609442060086,-3.0,38794.489710236565,315.517194592548,21,-1.5401645892180227,-27.0
2012-07-17,2012-07-20,2012-07-19,313.501409533012,4,NERC,58.3892617449665,-3.0,40048.49534836862,315.517194592548,21,-1.5401645892180227,-27.0
2012-07-18,2012-08-03,2012-07-21,306.173906950821,17,NERC,51.1627906976744,-12.0,45253.45176653257,315.517194592548,21,-1.5401645892180227,-27.0
2012-07-22,2012-07-27,2012-07-25,314.056617615346,6,NERC,62.4161073825503,-5.0,47137.79147222465,315.517194592548,21,-1.5401645892180227,-27.0
2012-07-22,2012-07-27,2012-07-23,310.760303598892,6,NERC,36.7088607594937,-4.0,49002.353293818,315.517194592548,21,-1.5401645892180227,-27.0
2012-07-23,2012-07-29,2012-07-26,308.922664594255,7,NERC,45.4935622317597,2.0,51164.81194597779,315.517194592548,21,-1.5401645892180227,-27.0
2012-07-31,2012-08-10,2012-08-01,310.350676763285,11,NERC,25.9259259259259,-8.0,54578.66939037392,315.517194592548,21,-1.5401645892180227,-27.0
2012-08-02,2012-08-06,2012-08-03,303.434077821024,5,NERC,28.3582089552239,-3.0,56095.83977947904,315.517194592548,21,-1.5401645892180227,-27.0
2012-08-03,2012-08-06,2012-08-03,303.146667826466,4,NERC,14.7540983606557,-2.0,57308.42645078491,315.517194592548,21,-1.5401645892180227,-27.0
2012-08-04,2012-08-08,2012-08-05,304.207035809349,5,NERC,43.5555555555556,-3.0,58829.46162983165,315.517194592548,21,-1.5401645892180227,-27.0
2012-08-05,2012-08-23,2012-08-10,313.101415554049,19,NERC,13.6363636363636,-15.0,64778.38852535858,315.517194592548,21,-1.5401645892180227,-27.0
2012-08-08,2012-08-19,2012-08-10,307.866125732265,12,NERC,35.1851851851852,-7.0,68472.78203414576,315.517194592548,21,-1.5401645892180227,-27.0
2012-08-12,2012-08-19,2012-08-17,303.43528362407,8,NERC,46.6666666666667,7.0,70900.26430313832,315.517194592548,21,-1.5401645892180227,-27.0
2012-08-26,2012-08-29,2012-08-28,304.172308091361,4,NERC,17.5438596491228,1.0,72116.95353550377,315.517194592548,21,-1.5401645892180227,-27.0
2012-08-30,2012-09-03,2012-09-03,308.083980958509,5,NERC,19.1358024691358,293.0,73657.37344029632,315.517194592548,21,-1.5401645892180227,-27.0
2012-08-30,2012-09-02,2012-08-30,311.011401262595,4,NERC,16.4893617021277,-3.0,74901.41904534669,315.517194592548,21,-1.5401645892180227,-27.0
2013-06-23,2013-07-24,2013-07-19,305.57153359942,32,NERC,34.3283582089552,-31.0,9778.28907518144,315.104969204074,32,-0.4122253884739848,11.0
2013-06-23,2013-07-24,2013-07-19,305.522948554961,32,NERC,8.19672131147541,-27.0,19555.023428940192,315.104969204074,32,-0.4122253884739848,11.0
2013-06-27,2013-07-05,2013-07-01,304.696118315839,9,NERC,53.3333333333333,-7.0,22297.28849378274,315.104969204074,32,-0.4122253884739848,11.0
2013-06-28,2013-07-15,2013-06-28,315.104969204074,18,NERC,15.9090909090909,-16.0,27969.177939456073,315.104969204074,32,-0.4122253884739848,11.0
2013-06-29,2013-07-06,2013-06-29,308.721878366809,8,NERC,37.037037037037,7.0,30438.952966390545,315.104969204074,32,-0.4122253884739848,11.0
2013-07-13,2013-07-23,2013-07-19,305.16466693695,11,NERC,36.5079365079365,-7.0,33795.764302696996,315.104969204074,32,-0.4122253884739848,11.0
2013-07-16,2013-07-20,2013-07-18,305.885520951253,5,NERC,54.0084388185654,35.0,35325.19190745326,315.104969204074,32,-0.4122253884739848,11.0
2013-08-24,2013-09-01,2013-08-27,308.221505525211,9,NERC,58.8607594936709,313.0,38099.18545718016,315.104969204074,32,-0.4122253884739848,11.0
2014-07-11,2014-07-20,2014-07-13,303.265191866632,10,NERC,51.5555555555556,0.0,3032.65191866632,312.093754892105,12,-3.011214311969013,-20.0
2014-07-20,2014-07-30,2014-07-22,306.251193645937,11,NERC,46.5116279069768,-8.0,6401.415048771627,312.093754892105,12,-3.011214311969013,-20.0
2014-07-22,2014-08-02,2014-07-24,312.093754892105,12,NERC,15.9090909090909,-2.0,10146.540107476887,312.093754892105,12,-3.011214311969013,-20.0
2014-07-31,2014-08-06,2014-08-03,302.265397505807,7,NERC,54.2222222222222,37.0,12262.397890017535,312.093754892105,12,-3.011214311969013,-20.0
2014-09-12,2014-09-17,2014-09-13,305.995737266965,6,NERC,16.6666666666667,278.0,14098.372313619326,312.093754892105,12,-3.011214311969013,-20.0
2015-06-22,2015-06-27,2015-06-22,305.579351223698,6,NERC,57.0247933884298,-2.0,1833.4761073421878,313.074669973509,21,0.9809150814040208,9.0
2015-06-25,2015-07-15,2015-06-28,305.695721559973,21,NERC,41.7777777777778,2.0,8253.08626010162,313.074669973509,21,0.9809150814040208,9.0
2015-07-17,2015-07-20,2015-07-17,306.884843896498,4,NERC,46.9798657718121,5.0,9480.625635687613,313.074669973509,21,0.9809150814040208,9.0
2015-07-25,2015-07-29,2015-07-28,309.282312033765,5,NERC,32.1875,-3.0,11027.037195856437,313.074669973509,21,0.9809150814040208,9.0
2015-07-26,2015-07-29,2015-07-29,306.748408285438,4,NERC,63.0872483221477,-3.0,12254.03082899819,313.074669973509,21,0.9809150814040208,9.0
2015-07-26,2015-07-30,2015-07-29,306.909047324336,5,NERC,60.3305785123967,-2.0,13788.576065619869,313.074669973509,21,0.9809150814040208,9.0
2015-07-28,2015-07-30,2015-07-30,307.601862198457,3,NERC,42.1487603305785,0.0,14711.381652215241,313.074669973509,21,0.9809150814040208,9.0
2015-07-30,2015-08-04,2015-07-31,305.149402492177,6,NERC,60.0,7.0,16542.278067168303,313.074669973509,21,0.9809150814040208,9.0
2015-08-11,2015-08-20,2015-08-15,313.074669973509,10,NERC,15.9090909090909,-8.0,19673.024766903392,313.074669973509,21,0.9809150814040208,9.0
2015-08-12,2015-08-14,2015-08-13,303.563868976659,3,NERC,58.2222222222222,1.0,20583.71637383337,313.074669973509,21,0.9809150814040208,9.0
2015-08-15,2015-08-18,2015-08-16,308.380517143389,4,NERC,24.0740740740741,0.0,21817.238442406924,313.074669973509,21,0.9809150814040208,9.0
2015-08-18,2015-08-22,2015-08-18,303.075799952482,5,NERC,26.865671641791,11.0,23332.617442169336,313.074669973509,21,0.9809150814040208,9.0
2015-08-18,2015-08-21,2015-08-18,301.331096715054,4,NERC,13.1147540983607,-3.0,24537.94182902955,313.074669973509,21,0.9809150814040208,9.0
2015-09-02,2015-09-08,2015-09-05,305.131998960345,7,NERC,44.9367088607595,0.0,26673.865821751966,313.074669973509,21,0.9809150814040208,9.0
2015-09-08,2015-09-14,2015-09-09,306.874308143556,7,NERC,40.7407407407407,292.0,28821.98597875686,313.074669973509,21,0.9809150814040208,9.0
2016-07-02,2016-07-09,2016-07-08,308.059135348139,8,NERC,36.7768595041322,-6.0,2464.473082785112,313.350311821651,32,0.27564184814201553,11.0
2016-07-03,2016-07-11,2016-07-05,311.275724937528,9,NERC,38.2978723404255,-7.0,5265.954607222864,313.350311821651,32,0.27564184814201553,11.0
2016-07-04,2016-07-07,2016-07-07,307.684098718421,4,NERC,11.1111111111111,-2.0,6496.691002096549,313.350311821651,32,0.27564184814201553,11.0
2016-07-05,2016-07-09,2016-07-08,306.745638547183,5,NERC,51.0729613733906,-3.0,8030.419194832463,313.350311821651,32,0.27564184814201553,11.0
2016-07-06,2016-07-09,2016-07-06,309.474190803148,4,NERC,28.75,2.0,9268.315958045056,313.350311821651,32,0.27564184814201553,11.0
2016-07-11,2016-07-14,2016-07-11,308.842538188123,4,NERC,32.1875,3.0,10503.686110797547,313.350311821651,32,0.27564184814201553,11.0
2016-07-17,2016-07-28,2016-07-22,312.094060831529,12,NERC,50.3125,-10.0,14248.814840775896,313.350311821651,32,0.27564184814201553,11.0
2016-07-18,2016-08-18,2016-07-21,306.780356374858,32,NERC,41.7355371900826,-30.0,24065.786244771352,313.350311821651,32,0.27564184814201553,11.0
2016-07-19,2016-07-27,2016-07-23,306.277394677099,9,NERC,53.4883720930233,-8.0,26822.282796865242,313.350311821651,32,0.27564184814201553,11.0
2016-07-19,2016-07-29,2016-07-25,307.092120858668,11,NERC,64.8760330578512,-10.0,30200.29612631059,313.350311821651,32,0.27564184814201553,11.0
2016-07-19,2016-07-28,2016-07-21,307.475382871974,10,NERC,60.126582278481,-9.0,33275.04995503033,313.350311821651,32,0.27564184814201553,11.0
2016-07-19,2016-08-04,2016-07-23,313.350311821651,17,NERC,15.9090909090909,-14.0,38602.005255998396,313.350311821651,32,0.27564184814201553,11.0
2016-07-21,2016-07-28,2016-07-21,308.79524371682,8,NERC,48.1481481481482,-6.0,41072.36720573296,313.350311821651,32,0.27564184814201553,11.0
2016-07-22,2016-07-28,2016-07-22,304.651691022698,7,NERC,64.0873015873016,-5.0,43204.92904289185,313.350311821651,32,0.27564184814201553,11.0
2016-07-23,2016-08-04,2016-07-26,307.924680150034,13,NERC,42.0600858369099,-9.0,47207.94988484229,313.350311821651,32,0.27564184814201553,11.0
2016-07-23,2016-07-28,2016-07-23,311.4266264082,6,NERC,31.3829787234043,-5.0,49076.50964329149,313.350311821651,32,0.27564184814201553,11.0
2016-07-26,2016-07-30,2016-07-29,306.719969199876,5,NERC,50.0,2.0,50610.109489290866,313.350311821651,32,0.27564184814201553,11.0
2016-08-01,2016-08-17,2016-08-06,307.493051196543,17,NERC,57.4380165289256,-15.0,55837.4913596321,313.350311821651,32,0.27564184814201553,11.0
2016-08-02,2016-08-15,2016-08-12,312.525865113441,14,NERC,19.1489361702128,-12.0,60212.853471220275,313.350311821651,32,0.27564184814201553,11.0
2016-08-03,2016-08-19,2016-08-03,309.218370127689,17,NERC,26.5432098765432,-10.0,65469.56576339099,313.350311821651,32,0.27564184814201553,11.0
2016-08-09,2016-08-21,2016-08-14,307.195731058217,13,NERC,54.5064377682404,-11.0,69463.1102671478,313.350311821651,32,0.27564184814201553,11.0
2016-08-09,2016-08-13,2016-08-11,311.056423445507,5,NERC,32.8125,-4.0,71018.39238437534,313.350311821651,32,0.27564184814201553,11.0
2016-08-10,2016-08-22,2016-08-13,304.602271341128,13,NERC,11.4754098360656,-11.0,74978.22191181,313.350311821651,32,0.27564184814201553,11.0
2016-08-10,2016-08-21,2016-08-12,304.112837268997,12,NERC,58.7301587301587,-11.0,78627.57595903797,313.350311821651,32,0.27564184814201553,11.0
2016-08-11,2016-08-19,2016-08-11,304.309113553779,9,NERC,32.8358208955224,-4.0,81366.35798102198,313.350311821651,32,0.27564184814201553,11.0
2016-08-15,2016-08-18,2016-08-16,305.651074144359,4,NERC,26.3157894736842,13.0,82588.96227759942,313.350311821651,32,0.27564184814201553,11.0
2016-08-31,2016-09-05,2016-09-04,304.969508282023,6,NERC,22.8070175438597,304.0,84418.77932729156,313.350311821651,32,0.27564184814201553,11.0
2017-07-06,2017-07-12,2017-07-07,314.174472668845,7,NERC,18.1818181818182,-5.0,2199.221308681915,314.174472668845,19,0.8241608471939799,-13.0
2017-07-07,2017-07-11,2017-07-07,309.196643373223,5,NERC,40.7407407407407,6.0,3745.2045255480302,314.174472668845,19,0.8241608471939799,-13.0
2017-07-17,2017-07-26,2017-07-19,305.876263457719,10,NERC,53.4883720930233,-8.0,6803.96716012522,314.174472668845,19,0.8241608471939799,-13.0
2017-07-18,2017-07-22,2017-07-20,305.438288715007,5,NERC,48.9451476793249,-3.0,8331.158603700256,314.174472668845,19,0.8241608471939799,-13.0
2017-07-19,2017-07-23,2017-07-21,303.829036962392,5,NERC,64.2857142857143,-4.0,9850.303788512216,314.174472668845,19,0.8241608471939799,-13.0
2017-07-19,2017-07-28,2017-07-22,312.725902968846,10,NERC,45.3125,-8.0,12977.562818200675,314.174472668845,19,0.8241608471939799,-13.0
2017-07-20,2017-07-24,2017-07-22,309.335209195716,5,NERC,46.3087248322148,-4.0,14524.238864179255,314.174472668845,19,0.8241608471939799,-13.0
2017-07-20,2017-07-25,2017-07-22,307.005501449565,6,NERC,59.2274678111588,1.0,16366.271872876645,314.174472668845,19,0.8241608471939799,-13.0
2017-07-26,2017-08-13,2017-08-03,305.929221077448,19,NERC,46.6666666666667,-12.0,22178.927073348157,314.174472668845,19,0.8241608471939799,-13.0
2017-08-01,2017-08-05,2017-08-01,306.852317809393,5,NERC,55.5555555555556,7.0,23713.18866239512,314.174472668845,19,0.8241608471939799,-13.0
2017-08-12,2017-08-18,2017-08-17,305.807491051668,7,NERC,64.8760330578512,7.0,25853.8410997568,314.174472668845,19,0.8241608471939799,-13.0
2017-08-25,2017-09-08,2017-09-02,310.875589795891,15,NERC,20.3703703703704,-12.0,30516.97494669516,314.174472668845,19,0.8241608471939799,-13.0
2017-08-27,2017-09-11,2017-09-05,306.383175953291,16,NERC,36.8888888888889,-5.0,35419.10576194782,314.174472668845,19,0.8241608471939799,-13.0
2017-09-06,2017-09-11,2017-09-08,305.011874694124,6,NERC,31.5789473684211,277.0,37249.177010112566,314.174472668845,19,0.8241608471939799,-13.0
2018-06-15,2018-06-19,2018-06-15,310.115646575933,5,NERC,50.9375,-3.0,1550.578232879665,315.342951455323,25,1.1684787864779764,6.0
2018-06-16,2018-06-20,2018-06-17,305.367595993298,5,NERC,40.7172995780591,-3.0,3077.416212846155,315.342951455323,25,1.1684787864779764,6.0
2018-06-17,2018-06-20,2018-06-17,307.320741235631,4,NERC,43.6241610738255,5.0,4306.699177788679,315.342951455323,25,1.1684787864779764,6.0
2018-06-25,2018-07-05,2018-06-25,305.704684001622,11,NERC,59.504132231405,-9.0,7669.4507018065215,315.342951455323,25,1.1684787864779764,6.0
2018-06-26,2018-07-06,2018-06-29,308.969460611762,11,NERC,53.0201342281879,-9.0,11068.114768535903,315.342951455323,25,1.1684787864779764,6.0
2018-06-27,2018-07-06,2018-06-28,312.679274833293,10,NERC,36.875,-8.0,14194.907516868832,315.342951455323,25,1.1684787864779764,6.0
2018-06-27,2018-06-29,2018-06-28,308.514259537827,3,NERC,41.8604651162791,-2.0,15120.450295482315,315.342951455323,25,1.1684787864779764,6.0
2018-06-28,2018-07-06,2018-07-01,305.992052348744,9,NERC,9.83606557377049,-8.0,17874.37876662101,315.342951455323,25,1.1684787864779764,6.0
2018-06-28,2018-07-06,2018-07-01,305.045114005525,9,NERC,71.0317460317461,-7.0,20619.784792670736,315.342951455323,25,1.1684787864779764,6.0
2018-06-29,2018-07-06,2018-07-01,305.373442607822,8,NERC,35.8208955223881,-6.0,23062.77233353331,315.342951455323,25,1.1684787864779764,6.0
2018-06-30,2018-07-07,2018-07-04,307.148382405483,8,NERC,38.8429752066116,-1.0,25519.959392777175,315.342951455323,25,1.1684787864779764,6.0
2018-07-06,2018-07-11,2018-07-06,312.406768232915,6,NERC,18.1818181818182,-5.0,27394.400002174665,315.342951455323,25,1.1684787864779764,6.0
2018-07-06,2018-07-14,2018-07-06,309.344498497815,9,NERC,27.7777777777778,-3.0,30178.500488655,315.342951455323,25,1.1684787864779764,6.0
2018-07-11,2018-07-20,2018-07-11,305.336365212486,10,NERC,52.0661157024794,-8.0,33231.86414077986,315.342951455323,25,1.1684787864779764,6.0
2018-07-12,2018-07-15,2018-07-12,306.256616413964,4,NERC,28.9029535864979,-3.0,34456.890606435714,315.342951455323,25,1.1684787864779764,6.0
2018-07-12,2018-07-19,2018-07-16,303.58696548036,8,NERC,56.0,-5.0,36885.586330278595,315.342951455323,25,1.1684787864779764,6.0
2018-07-12,2018-07-18,2018-07-13,310.721354220698,7,NERC,38.4375,-6.0,39060.635809823485,315.342951455323,25,1.1684787864779764,6.0
2018-07-14,2018-07-17,2018-07-14,306.397854887221,4,NERC,60.3305785123967,-3.0,40286.227229372365,315.342951455323,25,1.1684787864779764,6.0
2018-07-14,2018-07-17,2018-07-17,309.770377254686,4,NERC,15.9090909090909,-2.0,41525.30873839111,315.342951455323,25,1.1684787864779764,6.0
2018-07-15,2018-07-17,2018-07-16,303.061228847886,3,NERC,9.83606557377049,0.0,42434.49242493477,315.342951455323,25,1.1684787864779764,6.0
2018-07-17,2018-07-24,2018-07-23,315.342951455323,8,NERC,38.8297872340426,-6.0,44957.23603657735,315.342951455323,25,1.1684787864779764,6.0
2018-07-18,2018-07-25,2018-07-19,307.253421471412,8,NERC,48.8372093023256,-4.0,47415.26340834865,315.342951455323,25,1.1684787864779764,6.0
2018-07-21,2018-07-30,2018-07-22,306.60709846852,10,NERC,26.3157894736842,-7.0,50481.334393033845,315.342951455323,25,1.1684787864779764,6.0
2018-07-23,2018-07-30,2018-07-27,301.939886148008,8,NERC,35.8208955223881,-7.0,52896.85348221791,315.342951455323,25,1.1684787864779764,6.0
2018-07-23,2018-08-03,2018-07-30,304.417036043049,12,NERC,42.6666666666667,-11.0,56549.8579147345,315.342951455323,25,1.1684787864779764,6.0
2018-07-23,2018-07-29,2018-07-27,300.75982529499,7,NERC,19.672131147541,-6.0,58655.17669179943,315.342951455323,25,1.1684787864779764,6.0
2018-07-23,2018-08-16,2018-07-24,314.044665632402,25,NERC,15.9090909090909,-23.0,66506.29333260948,315.342951455323,25,1.1684787864779764,6.0
2018-07-24,2018-07-27,2018-07-25,308.074520727161,4,NERC,35.1851851851852,5.0,67738.59141551812,315.342951455323,25,1.1684787864779764,6.0
2018-08-01,2018-08-11,2018-08-06,304.504465136406,11,NERC,13.1147540983607,-9.0,71088.14053201859,315.342951455323,25,1.1684787864779764,6.0
2018-08-02,2018-08-16,2018-08-06,304.807529313954,15,NERC,31.3432835820896,-9.0,75660.2534717279,315.342951455323,25,1.1684787864779764,6.0
2018-08-07,2018-08-17,2018-08-09,305.780600927721,11,NERC,47.1111111111111,8.0,79023.84008193282,315.342951455323,25,1.1684787864779764,6.0
2018-08-25,2018-08-29,2018-08-27,310.672541880031,5,NERC,38.4375,-3.0,80577.20279133298,315.342951455323,25,1.1684787864779764,6.0
2018-08-26,2018-08-29,2018-08-28,303.902042648756,4,NERC,41.468253968254,-2.0,81792.81096192801,315.342951455323,25,1.1684787864779764,6.0
2018-08-27,2018-08-31,2018-08-29,304.918972958215,5,NERC,26.865671641791,2.0,83317.40582671908,315.342951455323,25,1.1684787864779764,6.0
2018-08-27,2018-08-30,2018-08-28,305.136571755441,4,NERC,16.3934426229508,-3.0,84537.95211374084,315.342951455323,25,1.1684787864779764,6.0
2018-08-27,2018-08-30,2018-08-27,309.084180219653,4,NERC,24.1610738255034,-3.0,85774.28883461947,315.342951455323,25,1.1684787864779764,6.0
2018-09-02,2018-09-06,2018-09-05,303.923612924582,5,NERC,9.83606557377049,11.0,87293.90689924237,315.342951455323,25,1.1684787864779764,6.0
2018-09-17,2018-09-21,2018-09-19,307.959228871975,5,NERC,17.283950617284,17.0,88833.70304360225,315.342951455323,25,1.1684787864779764,6.0
2018-10-08,2018-10-11,2018-10-11,305.055016902047,4,NERC,26.3157894736842,253.0,90053.92311121043,315.342951455323,25,1.1684787864779764,6.0
2019-06-21,2019-06-26,2019-06-21,309.442916860852,6,NERC,26.063829787234,1.0,1856.657501165112,312.885825778804,22,-2.457125676518956,-3.0
2019-06-27,2019-07-06,2019-06-29,304.537579744164,10,NERC,52.1097046413502,-4.0,4902.033298606752,312.885825778804,22,-2.457125676518956,-3.0
2019-07-02,2019-07-23,2019-07-12,307.383287159347,22,NERC,35.6223175965665,-18.0,11664.465616112386,312.885825778804,22,-2.457125676518956,-3.0
2019-07-05,2019-07-15,2019-07-07,306.717819288512,11,NERC,66.9421487603306,-7.0,15038.361628286018,312.885825778804,22,-2.457125676518956,-3.0
2019-07-08,2019-07-17,2019-07-11,307.365700558944,10,NERC,21.6049382716049,-7.0,18112.018633875457,312.885825778804,22,-2.457125676518956,-3.0
2019-07-10,2019-07-14,2019-07-10,310.65830710687,5,NERC,29.7872340425532,-3.0,19665.310169409808,312.885825778804,22,-2.457125676518956,-3.0
2019-07-11,2019-07-22,2019-07-20,305.760003201945,12,NERC,51.7857142857143,-11.0,23334.43020783315,312.885825778804,22,-2.457125676518956,-3.0
2019-07-11,2019-07-17,2019-07-16,312.885825778804,7,NERC,15.9090909090909,-6.0,25524.630988284775,312.885825778804,22,-2.457125676518956,-3.0
2019-07-11,2019-07-22,2019-07-19,307.983044691293,12,NERC,41.8604651162791,-9.0,29220.427524580293,312.885825778804,22,-2.457125676518956,-3.0
2019-07-13,2019-07-21,2019-07-19,306.78594541536,9,NERC,54.2194092827004,-7.0,31981.50103331853,312.885825778804,22,-2.457125676518956,-3.0
2019-07-14,2019-07-20,2019-07-19,305.478595569067,7,NERC,48.3471074380165,-4.0,34119.851202302,312.885825778804,22,-2.457125676518956,-3.0
2019-07-16,2019-07-24,2019-07-20,306.035983182222,9,NERC,9.83606557377049,-7.0,36874.175050942,312.885825778804,22,-2.457125676518956,-3.0
2019-07-17,2019-07-22,2019-07-19,309.624393531051,6,NERC,30.625,-4.0,38731.92141212831,312.885825778804,22,-2.457125676518956,-3.0
2019-07-18,2019-07-22,2019-07-19,307.778503484007,5,NERC,36.9127516778524,1.0,40270.81392954834,312.885825778804,22,-2.457125676518956,-3.0
2019-07-23,2019-07-28,2019-07-27,306.297935795271,6,NERC,22.2222222222222,-3.0,42108.601544319965,312.885825778804,22,-2.457125676518956,-3.0
2019-07-25,2019-08-11,2019-08-05,312.503584011677,18,NERC,13.6363636363636,-7.0,47733.66605653015,312.885825778804,22,-2.457125676518956,-3.0
2019-08-04,2019-08-07,2019-08-06,302.901393364958,4,NERC,56.8888888888889,-1.0,48945.271629989984,312.885825778804,22,-2.457125676518956,-3.0
2019-08-06,2019-08-24,2019-08-13,312.575788477354,19,NERC,26.5957446808511,-15.0,54884.21161105971,312.885825778804,22,-2.457125676518956,-3.0
2019-08-09,2019-08-21,2019-08-13,309.179239876889,13,NERC,27.1604938271605,-11.0,58903.54172945927,312.885825778804,22,-2.457125676518956,-3.0
2019-08-09,2019-08-19,2019-08-12,306.636113749492,11,NERC,35.0877192982456,-10.0,62276.53898070368,312.885825778804,22,-2.457125676518956,-3.0
2019-08-10,2019-08-13,2019-08-12,311.812324632265,4,NERC,28.125,3.0,63523.788279232744,312.885825778804,22,-2.457125676518956,-3.0
2019-08-16,2019-08-23,2019-08-22,306.038808104601,8,NERC,57.5107296137339,0.0,65972.09874406955,312.885825778804,22,-2.457125676518956,-3.0
2019-08-23,2019-09-06,2019-09-06,306.781504873961,15,NERC,26.3157894736842,295.0,70573.82131717897,312.885825778804,22,-2.457125676518956,-3.0
2020-06-27,2020-07-03,2020-07-03,310.898684890837,7,NERC,29.7872340425532,-6.0,2176.290794235859,314.773568125003,25,1.8877423461989906,3.0
2020-06-27,2020-07-11,2020-07-08,305.389284809813,15,NERC,58.2278481012658,-5.0,6757.130066383053,314.773568125003,25,1.8877423461989906,3.0
2020-07-06,2020-07-12,2020-07-06,304.070061473985,7,NERC,65.0793650793651,-5.0,8885.620496700949,314.773568125003,25,1.8877423461989906,3.0
2020-07-07,2020-07-12,2020-07-09,303.051103006215,6,NERC,11.4754098360656,-5.0,10703.927114738239,314.773568125003,25,1.8877423461989906,3.0
2020-07-07,2020-07-19,2020-07-09,306.740104030889,13,NERC,29.8245614035088,-8.0,14691.548467139795,314.773568125003,25,1.8877423461989906,3.0
2020-07-11,2020-07-21,2020-07-12,314.773568125003,11,NERC,15.9090909090909,-5.0,18154.057716514828,314.773568125003,25,1.8877423461989906,3.0
2020-07-16,2020-08-03,2020-07-27,307.264114725526,19,NERC,57.5107296137339,-14.0,23992.075896299822,314.773568125003,25,1.8877423461989906,3.0
2020-07-16,2020-07-31,2020-07-18,306.637631306206,16,NERC,53.305785123967,-15.0,28898.27799719912,314.773568125003,25,1.8877423461989906,3.0
2020-07-20,2020-07-22,2020-07-21,302.263733165987,3,NERC,38.2222222222222,-1.0,29805.069196697077,314.773568125003,25,1.8877423461989906,3.0
2020-07-21,2020-07-25,2020-07-24,305.812096178404,5,NERC,22.8070175438597,-3.0,31334.1296775891,314.773568125003,25,1.8877423461989906,3.0
2020-07-22,2020-07-26,2020-07-26,303.931817616601,5,NERC,9.83606557377049,-2.0,32853.7887656721,314.773568125003,25,1.8877423461989906,3.0
2020-07-24,2020-08-01,2020-07-24,309.712788733947,9,NERC,25.531914893617,-6.0,35641.203864277624,314.773568125003,25,1.8877423461989906,3.0
2020-07-26,2020-07-29,2020-07-27,304.651290083396,4,NERC,39.484126984127,1.0,36859.80902461121,314.773568125003,25,1.8877423461989906,3.0
2020-07-30,2020-08-03,2020-07-31,314.61656128778,5,NERC,18.1818181818182,-3.0,38432.89183105011,314.773568125003,25,1.8877423461989906,3.0
2020-07-31,2020-08-07,2020-08-01,307.178501520812,8,NERC,33.3333333333333,0.0,40890.3198432166,314.773568125003,25,1.8877423461989906,3.0
2020-08-07,2020-08-31,2020-08-19,313.63958578433,25,NERC,11.3636363636364,-22.0,48731.30948782485,314.773568125003,25,1.8877423461989906,3.0
2020-08-09,2020-08-15,2020-08-09,305.824488572014,7,NERC,41.7355371900826,-5.0,50872.08090782895,314.773568125003,25,1.8877423461989906,3.0
2020-08-10,2020-08-30,2020-08-16,310.338258582955,21,NERC,20.3703703703704,-15.0,57389.184338071005,314.773568125003,25,1.8877423461989906,3.0
2020-08-10,2020-08-14,2020-08-11,304.311004357222,5,NERC,35.1931330472103,-4.0,58910.73935985712,314.773568125003,25,1.8877423461989906,3.0
2020-08-15,2020-08-25,2020-08-16,306.870245303051,11,NERC,60.8888888888889,-8.0,62286.31205819068,314.773568125003,25,1.8877423461989906,3.0
2020-08-17,2020-09-06,2020-09-04,307.419523531323,21,NERC,28.0701754385965,-16.0,68742.12205234847,314.773568125003,25,1.8877423461989906,3.0
2020-08-21,2020-08-28,2020-08-22,306.771310062686,8,NERC,56.9767441860465,-3.0,71196.29253284996,314.773568125003,25,1.8877423461989906,3.0
2020-08-25,2020-09-05,2020-08-29,307.713123457422,12,NERC,19.7530864197531,-10.0,74888.85001433901,314.773568125003,25,1.8877423461989906,3.0
2020-08-25,2020-09-03,2020-09-03,305.943032061237,10,NERC,64.0495867768595,-9.0,77948.28033495139,314.773568125003,25,1.8877423461989906,3.0
2020-08-26,2020-09-05,2020-08-29,312.591080430871,11,NERC,27.1276595744681,-2.0,81386.78221969097,314.773568125003,25,1.8877423461989906,3.0
2020-09-03,2020-09-09,2020-09-06,312.951829108725,7,NERC,33.3333333333333,20.0,83577.44502345205,314.773568125003,25,1.8877423461989906,3.0
2020-09-29,2020-10-03,2020-10-01,307.840959612152,5,NERC,29.6296296296296,245.0,85116.6498215128,314.773568125003,25,1.8877423461989906,3.0
2021-06-05,2021-06-11,2021-06-10,306.631826437343,7,NERC,36.2869198312236,2.0,2146.422785061401,315.498088868163,26,0.7245207431599852,1.0
2021-06-13,2021-06-20,2021-06-15,308.265227076625,8,NERC,52.3255813953488,-5.0,4612.544601674401,315.498088868163,26,0.7245207431599852,1.0
2021-06-15,2021-06-21,2021-06-15,315.498088868163,7,NERC,18.1818181818182,4.0,6821.031223751543,315.498088868163,26,0.7245207431599852,1.0
2021-06-25,2021-07-20,2021-06-28,309.359583667428,26,NERC,58.6666666666667,-24.0,14864.38039910467,315.498088868163,26,0.7245207431599852,1.0
2021-06-26,2021-07-02,2021-06-29,304.554495109393,7,NERC,28.1746031746032,-6.0,16996.26186487042,315.498088868163,26,0.7245207431599852,1.0
2021-06-26,2021-07-02,2021-06-30,305.123965017865,7,NERC,35.8208955223881,-5.0,19132.129619995474,315.498088868163,26,0.7245207431599852,1.0
2021-06-27,2021-07-03,2021-06-29,305.513321960343,7,NERC,9.83606557377049,3.0,21270.722873717878,315.498088868163,26,0.7245207431599852,1.0
2021-07-06,2021-07-08,2021-07-06,304.726813847693,3,NERC,43.2539682539683,-1.0,22184.903315260955,315.498088868163,26,0.7245207431599852,1.0
2021-07-07,2021-07-25,2021-07-10,313.336145282004,19,NERC,11.3636363636364,-16.0,28138.290075619032,315.498088868163,26,0.7245207431599852,1.0
2021-07-09,2021-07-13,2021-07-10,307.72124891136,5,NERC,53.7037037037037,-1.0,29676.89632017583,315.498088868163,26,0.7245207431599852,1.0
2021-07-12,2021-07-20,2021-07-16,302.753915905209,9,NERC,9.83606557377049,-5.0,32401.681563322712,315.498088868163,26,0.7245207431599852,1.0
2021-07-15,2021-07-18,2021-07-16,303.232783941705,4,NERC,29.8507462686567,-1.0,33614.612699089535,315.498088868163,26,0.7245207431599852,1.0
2021-07-17,2021-08-03,2021-07-28,306.35974329842,18,NERC,55.8139534883721,-12.0,39129.08807846109,315.498088868163,26,0.7245207431599852,1.0
2021-07-22,2021-08-03,2021-07-31,307.894369096352,13,NERC,18.5185185185185,-10.0,43131.71487671367,315.498088868163,26,0.7245207431599852,1.0
2021-07-24,2021-08-08,2021-07-30,305.369712047491,16,NERC,58.6666666666667,-13.0,48017.63026947353,315.498088868163,26,0.7245207431599852,1.0
2021-07-26,2021-08-02,2021-07-30,307.279629742288,8,NERC,77.2727272727273,5.0,50475.86730741183,315.498088868163,26,0.7245207431599852,1.0
2021-08-07,2021-08-15,2021-08-12,304.883705263494,9,NERC,31.3432835820896,-7.0,53219.820654783274,315.498088868163,26,0.7245207431599852,1.0
2021-08-08,2021-08-16,2021-08-12,305.75179801027,9,NERC,41.8650793650794,-6.0,55971.58683687571,315.498088868163,26,0.7245207431599852,1.0
2021-08-08,2021-08-14,2021-08-10,309.913305813308,7,NERC,30.3125,-6.0,58140.97997756886,315.498088868163,26,0.7245207431599852,1.0
2021-08-08,2021-08-13,2021-08-10,308.949544837657,6,NERC,30.8724832214765,-5.0,59994.6772465948,315.498088868163,26,0.7245207431599852,1.0
2021-08-10,2021-08-17,2021-08-12,307.080430030016,8,NERC,60.0,-7.0,62451.32068683493,315.498088868163,26,0.7245207431599852,1.0
2021-08-10,2021-08-16,2021-08-13,305.183459555457,7,NERC,14.7540983606557,-6.0,64587.60490372313,315.498088868163,26,0.7245207431599852,1.0
2021-08-10,2021-08-14,2021-08-10,305.120460688619,5,NERC,25.6198347107438,-4.0,66113.20720716623,315.498088868163,26,0.7245207431599852,1.0
2021-08-10,2021-08-20,2021-08-13,306.676353929778,11,NERC,59.2274678111588,-3.0,69486.64710039378,315.498088868163,26,0.7245207431599852,1.0
2021-08-17,2021-09-01,2021-08-25,304.990751936836,16,NERC,51.1904761904762,-14.0,74366.49913138316,315.498088868163,26,0.7245207431599852,1.0
2021-08-18,2021-08-27,2021-08-26,304.50301217718,10,NERC,35.8208955223881,-9.0,77411.52925315496,315.498088868163,26,0.7245207431599852,1.0
2021-08-18,2021-09-02,2021-08-24,307.618755467767,16,NERC,16.0493827160494,-12.0,82333.42934063924,315.498088868163,26,0.7245207431599852,1.0
2021-08-21,2021-08-24,2021-08-24,303.018420950627,4,NERC,14.7540983606557,2.0,83545.50302444174,315.498088868163,26,0.7245207431599852,1.0
2021-08-26,2021-08-31,2021-08-26,311.71502189107,6,NERC,15.9090909090909,5.0,85415.79315578815,315.498088868163,26,0.7245207431599852,1.0
2021-09-05,2021-09-10,2021-09-08,306.562877208464,6,NERC,37.037037037037,275.0,87255.17041903894,315.498088868163,26,0.7245207431599852,1.0
2022-06-12,2022-06-18,2022-06-15,307.995596403642,7,NERC,58.2644628099174,-5.0,2155.969174825494,314.139679669986,43,-1.3584091981770143,17.0
2022-06-12,2022-06-17,2022-06-12,311.589765987065,6,NERC,31.5625,-5.0,4025.507770747884,314.139679669986,43,-1.3584091981770143,17.0
2022-06-13,2022-06-18,2022-06-14,307.425458544996,6,NERC,45.8677685950413,16.0,5870.06052201786,314.139679669986,43,-1.3584091981770143,17.0
2022-07-04,2022-07-10,2022-07-07,311.027713151694,7,NERC,43.75,-5.0,8047.254514079717,314.139679669986,43,-1.3584091981770143,17.0
2022-07-04,2022-07-09,2022-07-05,309.831810334472,6,NERC,55.0335570469799,-5.0,9906.24537608655,314.139679669986,43,-1.3584091981770143,17.0
2022-07-05,2022-07-12,2022-07-05,307.494941396484,8,NERC,46.2809917355372,-7.0,12366.204907258421,314.139679669986,43,-1.3584091981770143,17.0
2022-07-05,2022-07-10,2022-07-06,307.162758343317,6,NERC,47.2103004291846,-5.0,14209.181457318324,314.139679669986,43,-1.3584091981770143,17.0
2022-07-05,2022-07-12,2022-07-07,306.962673929884,8,NERC,59.504132231405,-5.0,16664.882848757396,314.139679669986,43,-1.3584091981770143,17.0
2022-07-07,2022-07-15,2022-07-09,309.95064525347,9,NERC,29.0123456790124,-7.0,19454.438656038627,314.139679669986,43,-1.3584091981770143,17.0
2022-07-08,2022-07-15,2022-07-11,313.889133661773,8,NERC,38.2978723404255,-6.0,21965.55172533281,314.139679669986,43,-1.3584091981770143,17.0
2022-07-09,2022-08-20,2022-07-22,313.447783779591,43,NERC,15.9090909090909,-35.0,35443.80642785522,314.139679669986,43,-1.3584091981770143,17.0
2022-07-09,2022-08-19,2022-07-09,308.037444344231,42,NERC,48.8372093023256,-41.0,48381.37909031293,314.139679669986,43,-1.3584091981770143,17.0
2022-07-16,2022-08-27,2022-08-18,305.383542417439,43,NERC,34.6666666666667,-41.0,61512.8714142628,314.139679669986,43,-1.3584091981770143,17.0
2022-07-16,2022-07-25,2022-07-23,305.603764139794,10,NERC,31.7460317460317,-9.0,64568.90905566074,314.139679669986,43,-1.3584091981770143,17.0
2022-07-17,2022-07-25,2022-07-19,314.139679669986,9,NERC,36.1702127659575,-8.0,67396.16617269062,314.139679669986,43,-1.3584091981770143,17.0
2022-07-17,2022-07-29,2022-07-22,308.242833108281,13,NERC,43.3884297520661,-11.0,71403.32300309827,314.139679669986,43,-1.3584091981770143,17.0
2022-07-18,2022-07-26,2022-07-24,305.051527848686,9,NERC,34.3283582089552,-8.0,74148.78675373644,314.139679669986,43,-1.3584091981770143,17.0
2022-07-18,2022-07-28,2022-07-20,305.985732223425,11,NERC,9.83606557377049,-10.0,77514.62980819412,314.139679669986,43,-1.3584091981770143,17.0
2022-07-18,2022-08-11,2022-07-24,306.735399649491,25,NERC,53.2188841201717,-23.0,85183.01479943139,314.139679669986,43,-1.3584091981770143,17.0
2022-07-19,2022-08-02,2022-07-20,310.195483309195,15,NERC,21.6049382716049,-5.0,89835.94704906932,314.139679669986,43,-1.3584091981770143,17.0
2022-07-28,2022-08-02,2022-08-02,311.97128308182,6,NERC,33.5106382978723,-2.0,91707.77474756024,314.139679669986,43,-1.3584091981770143,17.0
2022-07-31,2022-08-09,2022-08-02,312.22417255983,10,NERC,40.0,-6.0,94830.01647315854,314.139679669986,43,-1.3584091981770143,17.0
2022-08-03,2022-08-11,2022-08-07,304.700663921874,9,NERC,38.6904761904762,-8.0,97572.32244845541,314.139679669986,43,-1.3584091981770143,17.0
2022-08-03,2022-08-12,2022-08-07,305.527541719321,10,NERC,9.83606557377049,-8.0,100627.59786564861,314.139679669986,43,-1.3584091981770143,17.0
2022-08-04,2022-08-12,2022-08-08,304.173478854889,9,NERC,34.3283582089552,3.0,103365.15917534262,314.139679669986,43,-1.3584091981770143,17.0
2022-08-15,2022-09-13,2022-09-06,311.393787604059,30,NERC,16.6666666666667,-14.0,112706.97280346439,314.139679669986,43,-1.3584091981770143,17.0
2022-08-30,2022-09-07,2022-08-31,305.049842362275,9,NERC,56.4444444444445,-2.0,115452.42138472486,314.139679669986,43,-1.3584091981770143,17.0
2022-09-05,2022-09-08,2022-09-07,306.92816745413,4,NERC,32.5581395348837,279.0,116680.13405454138,314.139679669986,43,-1.3584091981770143,17.0
2023-06-14,2023-07-22,2023-07-03,314.708112128616,39,NERC,14.8936170212766,-29.0,12273.616373016024,317.199696761871,63,3.0600170918850154,20.0
2023-06-23,2023-08-24,2023-08-08,308.841288711223,63,NERC,22.8070175438597,-61.0,31730.61756182307,317.199696761871,63,3.0600170918850154,20.0
2023-06-24,2023-08-15,2023-08-13,311.652631106261,53,NERC,20.3703703703704,-40.0,48248.207010454906,317.199696761871,63,3.0600170918850154,20.0
2023-07-06,2023-07-10,2023-07-06,303.552770614042,5,NERC,23.8805970149254,1.0,49765.97086352512,317.199696761871,63,3.0600170918850154,20.0
2023-07-11,2023-08-13,2023-07-15,315.200883846311,34,NERC,15.9090909090909,-31.0,60482.80091429969,317.199696761871,63,3.0600170918850154,20.0
2023-07-13,2023-07-22,2023-07-17,302.952393461719,10,NERC,31.3432835820896,-1.0,63512.324848916884,317.199696761871,63,3.0600170918850154,20.0
2023-07-13,2023-07-19,2023-07-17,302.771345354779,7,NERC,9.83606557377049,-6.0,65631.72426640034,317.199696761871,63,3.0600170918850154,20.0
2023-07-21,2023-07-24,2023-07-22,307.356877383899,4,NERC,38.8888888888889,-1.0,66861.15177593593,317.199696761871,63,3.0600170918850154,20.0
2023-07-23,2023-08-05,2023-07-24,308.059085008772,14,NERC,54.6511627906977,-12.0,71173.97896605874,317.199696761871,63,3.0600170918850154,20.0
2023-07-24,2023-08-14,2023-07-25,314.251033816505,22,NERC,34.0625,-20.0,78087.50171002185,317.199696761871,63,3.0600170918850154,20.0
2023-07-25,2023-07-29,2023-07-28,303.0718560157,5,NERC,26.865671641791,-3.0,79602.86099010035,317.199696761871,63,3.0600170918850154,20.0
2023-07-26,2023-07-30,2023-07-28,305.819726947803,5,NERC,46.8253968253968,-4.0,81131.95962483936,317.199696761871,63,3.0600170918850154,20.0
2023-07-26,2023-07-29,2023-07-28,304.756281096828,4,NERC,9.83606557377049,-3.0,82350.98474922667,317.199696761871,63,3.0600170918850154,20.0
2023-07-26,2023-07-30,2023-07-27,307.666394934136,5,NERC,63.519313304721,-4.0,83889.31672389735,317.199696761871,63,3.0600170918850154,20.0
2023-07-26,2023-07-28,2023-07-27,308.872164366437,3,NERC,37.5527426160338,-2.0,84815.93321699667,317.199696761871,63,3.0600170918850154,20.0
2023-07-26,2023-07-31,2023-07-26,311.326492170873,6,NERC,52.3489932885906,-4.0,86683.8921700219,317.199696761871,63,3.0600170918850154,20.0
2023-07-27,2023-07-30,2023-07-27,307.570044091652,4,NERC,61.1570247933884,1.0,87914.17234638851,317.199696761871,63,3.0600170918850154,20.0
2023-07-31,2023-08-15,2023-08-10,314.359401432595,16,NERC,10.6382978723404,-13.0,92943.92276931004,317.199696761871,63,3.0600170918850154,20.0
2023-08-02,2023-08-08,2023-08-07,307.950304194972,7,NERC,53.7190082644628,2.0,95099.57489867484,317.199696761871,63,3.0600170918850154,20.0
2023-08-10,2023-08-15,2023-08-14,308.423155230336,6,NERC,73.5537190082645,-3.0,96950.11383005686,317.199696761871,63,3.0600170918850154,20.0
2023-08-12,2023-08-16,2023-08-13,307.268801622839,5,NERC,53.2188841201717,-3.0,98486.45783817105,317.199696761871,63,3.0600170918850154,20.0
2023-08-13,2023-08-23,2023-08-15,306.69203872876,11,NERC,39.1111111111111,-8.0,101860.07026418741,317.199696761871,63,3.0600170918850154,20.0
2023-08-15,2023-08-19,2023-08-17,311.968757373378,5,NERC,13.6363636363636,0.0,103419.9140510543,317.199696761871,63,3.0600170918850154,20.0
2023-08-19,2023-08-27,2023-08-19,317.199696761871,9,NERC,41.875,-8.0,106274.71132191113,317.199696761871,63,3.0600170918850154,20.0
2023-08-19,2023-08-28,2023-08-20,312.708538161612,10,NERC,35.8024691358025,-9.0,109401.79670352726,317.199696761871,63,3.0600170918850154,20.0
2023-08-19,2023-08-28,2023-08-20,315.095369210068,10,NERC,39.3617021276596,-7.0,112552.75039562794,317.199696761871,63,3.0600170918850154,20.0
2023-08-21,2023-08-26,2023-08-21,307.02173443487,6,NERC,47.6744186046512,-3.0,114394.88080223715,317.199696761871,63,3.0600170918850154,20.0
2023-08-23,2023-08-25,2023-08-23,311.272214575893,3,NERC,52.3206751054852,1.0,115328.69744596483,317.199696761871,63,3.0600170918850154,20.0
2023-08-26,2023-09-02,2023-08-26,306.92981882196,8,NERC,33.3333333333333,5.0,117784.13599654051,317.199696761871,63,3.0600170918850154,20.0
2023-09-07,2023-09-12,2023-09-07,303.982140471213,6,NERC,23.8805970149254,264.0,119608.02883936779,317.199696761871,63,3.0600170918850154,20.0
2024-06-02,2024-06-05,2024-06-05,309.932147565035,4,NERC,22.3404255319149,11.0,1239.72859026014,314.96320696006,65,-2.2364898018109898,2.0
2024-06-16,2024-07-08,2024-07-02,312.155684780413,23,NERC,17.0212765957447,-18.0,8419.30934020964,314.96320696006,65,-2.2364898018109898,2.0
2024-06-20,2024-06-24,2024-06-23,305.243771401357,5,NERC,27.8688524590164,-4.0,9945.528197216425,314.96320696006,65,-2.2364898018109898,2.0
2024-06-20,2024-07-09,2024-07-02,308.619050563039,20,NERC,16.0493827160494,-18.0,16117.909208477206,314.96320696006,65,-2.2364898018109898,2.0
2024-06-21,2024-08-24,2024-07-08,314.96320696006,65,NERC,13.6363636363636,-63.0,36590.5176608811,314.96320696006,65,-2.2364898018109898,2.0
2024-06-22,2024-08-16,2024-08-08,307.576639533375,56,NERC,22.8070175438597,-54.0,53814.8094747501,314.96320696006,65,-2.2364898018109898,2.0
2024-06-23,2024-06-28,2024-06-25,307.135878076316,6,NERC,44.1860465116279,-5.0,55657.624743208,314.96320696006,65,-2.2364898018109898,2.0
2024-06-23,2024-07-10,2024-06-26,308.519315359279,18,NERC,59.9173553719008,-7.0,61210.972419675025,314.96320696006,65,-2.2364898018109898,2.0
2024-07-03,2024-07-16,2024-07-06,309.602478528599,14,NERC,48.1481481481482,-12.0,65545.4071190754,314.96320696006,65,-2.2364898018109898,2.0
2024-07-04,2024-07-18,2024-07-15,305.218959930584,15,NERC,41.0714285714286,-14.0,70123.69151803417,314.96320696006,65,-2.2364898018109898,2.0
2024-07-04,2024-07-23,2024-07-15,304.441645468261,20,NERC,25.3731343283582,-19.0,76212.52442739939,314.96320696006,65,-2.2364898018109898,2.0
2024-07-04,2024-07-25,2024-07-10,305.985637477347,22,NERC,38.2222222222222,-20.0,82944.20845190102,314.96320696006,65,-2.2364898018109898,2.0
2024-07-05,2024-07-26,2024-07-16,308.268894692358,22,NERC,49.3562231759657,-17.0,89726.1241351329,314.96320696006,65,-2.2364898018109898,2.0
2024-07-09,2024-07-25,2024-07-15,304.865447458132,17,NERC,6.55737704918033,-13.0,94908.83674192114,314.96320696006,65,-2.2364898018109898,2.0
2024-07-12,2024-07-18,2024-07-12,308.440535423537,7,NERC,56.9767441860465,-5.0,97067.9204898859,314.96320696006,65,-2.2364898018109898,2.0
2024-07-13,2024-07-17,2024-07-15,311.824215403042,5,NERC,43.4375,1.0,98627.04156690111,314.96320696006,65,-2.2364898018109898,2.0
2024-07-18,2024-07-27,2024-07-23,307.591168243483,10,NERC,14.8148148148148,1.0,101702.95324933594,314.96320696006,65,-2.2364898018109898,2.0
2024-07-28,2024-08-03,2024-07-31,306.222345587538,7,NERC,48.9451476793249,-5.0,103846.5096684487,314.96320696006,65,-2.2364898018109898,2.0
2024-07-29,2024-08-08,2024-07-30,307.036752514058,11,NERC,48.8372093023256,-10.0,107223.91394610335,314.96320696006,65,-2.2364898018109898,2.0
2024-07-29,2024-08-03,2024-08-01,312.372857155718,6,NERC,42.5,-5.0,109098.15108903765,314.96320696006,65,-2.2364898018109898,2.0
2024-07-29,2024-08-09,2024-08-01,304.45730049746,12,NERC,48.8095238095238,-10.0,112751.63869500718,314.96320696006,65,-2.2364898018109898,2.0
2024-07-29,2024-08-02,2024-07-31,309.355184510862,5,NERC,56.3758389261745,-4.0,114298.41461756149,314.96320696006,65,-2.2364898018109898,2.0
2024-07-30,2024-08-11,2024-08-01,307.276668118609,13,NERC,48.4978540772532,-11.0,118293.0113031034,314.96320696006,65,-2.2364898018109898,2.0
2024-07-30,2024-08-07,2024-08-02,304.68765664046,9,NERC,31.3432835820896,-8.0,121035.20021286754,314.96320696006,65,-2.2364898018109898,2.0
2024-07-30,2024-08-10,2024-08-01,304.994623616342,12,NERC,9.83606557377049,-11.0,124695.13569626365,314.96320696006,65,-2.2364898018109898,2.0
2024-07-31,2024-08-12,2024-08-02,306.102742679309,13,NERC,45.3333333333333,-6.0,128674.47135109466,314.96320696006,65,-2.2364898018109898,2.0
2024-07-31,2024-08-07,2024-08-07,307.788235466826,8,NERC,64.8760330578512,-7.0,131136.77723482926,314.96320696006,65,-2.2364898018109898,2.0
2024-08-06,2024-08-14,2024-08-07,312.681495028549,9,NERC,33.5106382978723,-2.0,133950.9106900862,314.96320696006,65,-2.2364898018109898,2.0
2024-08-12,2024-08-19,2024-08-18,309.665172593827,8,NERC,34.5679012345679,1.0,136428.23207083682,314.96320696006,65,-2.2364898018109898,2.0
2024-08-20,2024-08-25,2024-08-22,313.131194010979,6,NERC,50.531914893617,-1.0,138307.0192349027,314.96320696006,65,-2.2364898018109898,2.0
2024-08-24,2024-08-29,2024-08-25,313.029900066874,6,NERC,47.5,-4.0,140185.19863530394,314.96320696006,65,-2.2364898018109898,2.0
2024-08-25,2024-08-28,2024-08-26,307.5472690346,4,NERC,36.2869198312236,2.0,141415.38771144234,314.96320696006,65,-2.2364898018109898,2.0
2024-08-30,2024-09-10,2024-09-05,309.678953018454,12,NERC,14.8148148148148,-8.0,145131.5351476638,314.96320696006,65,-2.2364898018109898,2.0
2024-09-02,2024-09-07,2024-09-05,305.670429316114,6,NERC,29.8245614035088,-2.0,146965.5577235605,314.96320696006,65,-2.2364898018109898,2.0
2024-09-05,2024-09-09,2024-09-06,304.502011942016,5,NERC,44.0,21.0,148488.06778327056,314.96320696006,65,-2.2364898018109898,2.0
2024-09-30,2024-10-08,2024-10-02,308.278235318216,9,NERC,40.7407407407407,,151262.5719011345,314.96320696006,65,-2.2364898018109898,2.0
