start_date,end_date,centroid_date,highest_temperature,duration,NERC_ID,spatial_coverage
1981-07-11,1981-07-16,1981-07-12,308.636540084388,6,NERC18,52.3206751054852
1983-07-12,1983-07-24,1983-07-19,307.658080168776,13,NERC18,46.6244725738397
1983-07-28,1983-07-31,1983-07-29,304.801012658228,4,NERC18,44.0928270042194
1983-08-02,1983-08-08,1983-08-03,306.69805907173,7,NERC18,51.6877637130802
1983-08-15,1983-08-21,1983-08-16,308.241540084388,7,NERC18,41.1392405063291
1983-08-25,1983-08-30,1983-08-25,307.159789029536,6,NERC18,55.0632911392405
1986-07-15,1986-07-20,1986-07-17,305.696793248945,6,NERC18,55.0632911392405
1987-07-16,1987-08-03,1987-07-31,309.455506329114,19,NERC18,51.6877637130802
1988-06-18,1988-06-25,1988-06-21,311.140084388186,8,NERC18,50.6329113924051
1988-07-04,1988-07-09,1988-07-06,309.96135021097,6,NERC18,51.6877637130802
1988-07-28,1988-08-04,1988-07-31,312.121582278481,8,NERC18,52.7426160337553
1989-08-01,1989-08-05,1989-08-04,310.159135021097,5,NERC18,38.1856540084388
1990-06-27,1990-06-30,1990-06-27,304.908902953587,4,NERC18,46.6244725738397
1991-06-25,1991-07-01,1991-06-26,306.052616033755,7,NERC18,54.2194092827004
1991-07-16,1991-07-22,1991-07-17,307.198691983122,7,NERC18,56.5400843881857
1995-07-11,1995-07-17,1995-07-13,308.562827004219,7,NERC18,58.4388185654009
1996-06-26,1996-06-30,1996-06-28,305.345443037975,5,NERC18,42.6160337552743
1997-07-24,1997-07-28,1997-07-26,306.901708860759,5,NERC18,46.4135021097046
1999-07-03,1999-07-06,1999-07-04,305.449556962025,4,NERC18,48.3122362869198
1999-07-14,1999-07-31,1999-07-29,309.146033755274,18,NERC18,50.8438818565401
2000-07-07,2000-07-13,2000-07-09,306.315843881857,7,NERC18,50.210970464135
2001-07-07,2001-07-10,2001-07-08,305.690675105485,4,NERC18,41.3502109704641
2001-07-16,2001-07-26,2001-07-22,307.360443037975,11,NERC18,44.5147679324895
2001-07-27,2001-08-09,2001-08-07,308.669324894515,14,NERC18,50.42194092827
2002-06-22,2002-06-26,2002-06-24,306.142995780591,5,NERC18,57.5949367088608
2002-06-28,2002-07-10,2002-06-30,308.934050632911,13,NERC18,60.337552742616
2005-07-20,2005-07-25,2005-07-24,309.334008438819,6,NERC18,51.2658227848101
2006-07-24,2006-08-07,2006-07-31,312.883565400844,15,NERC18,51.0548523206751
2007-07-23,2007-07-27,2007-07-25,307.114915611814,5,NERC18,49.3670886075949
2010-08-01,2010-08-04,2010-08-03,303.969029535865,4,NERC18,43.6708860759494
2010-08-07,2010-08-15,2010-08-12,306.316540084388,9,NERC18,40.295358649789
2011-07-14,2011-08-09,2011-07-20,308.919852320675,27,NERC18,37.9746835443038
2012-06-27,2012-07-10,2012-07-04,309.258924050633,14,NERC18,43.2489451476793
2012-07-13,2012-07-28,2012-07-23,310.437130801688,16,NERC18,32.0675105485232
2013-07-17,2013-07-20,2013-07-18,306.194451476793,4,NERC18,58.2278481012658
2013-08-23,2013-09-01,2013-08-26,308.950991561181,10,NERC18,44.3037974683544
2015-09-02,2015-09-07,2015-09-03,306.162995780591,6,NERC18,50.42194092827
2016-07-18,2016-07-28,2016-07-21,307.578734177215,11,NERC18,59.493670886076
2017-07-18,2017-07-23,2017-07-21,306.530548523207,6,NERC18,47.4683544303798
2018-07-10,2018-07-15,2018-07-12,306.041033755274,6,NERC18,44.3037974683544
2019-06-27,2019-07-05,2019-06-29,305.179599156118,9,NERC18,57.8059071729958
2019-07-12,2019-07-21,2019-07-19,306.366751054852,10,NERC18,52.1097046413502
2020-07-02,2020-07-11,2020-07-08,305.128438818565,10,NERC18,65.1898734177215
2020-07-24,2020-07-28,2020-07-25,306.292995780591,5,NERC18,48.7341772151899
2021-06-06,2021-06-11,2021-06-10,306.464957805907,6,NERC18,55.4852320675106
2023-07-24,2023-07-28,2023-07-27,309.146772151899,5,NERC18,42.8270042194093
2023-08-22,2023-08-25,2023-08-23,310.966898734177,4,NERC18,55.6962025316456
2024-07-13,2024-07-16,2024-07-14,306.038628691983,4,NERC18,51.4767932489452
2024-07-28,2024-08-05,2024-07-30,306.876012658228,9,NERC18,52.5316455696203
2024-08-24,2024-08-27,2024-08-25,308.103185654008,4,NERC18,42.1940928270042
1983-08-06,1983-08-13,1983-08-07,305.392533333333,8,NERC6,41.7777777777778
1985-07-02,1985-07-13,1985-07-09,305.032488888889,12,NERC6,52.8888888888889
1988-07-25,1988-07-28,1988-07-25,304.397955555556,4,NERC6,48.4444444444445
1990-07-11,1990-07-16,1990-07-12,304.120222222222,6,NERC6,44.4444444444444
1990-08-07,1990-08-15,1990-08-08,305.208844444444,9,NERC6,51.1111111111111
1992-06-22,1992-06-24,1992-06-23,304.290355555556,3,NERC6,35.1111111111111
1992-08-11,1992-08-20,1992-08-13,304.569333333333,10,NERC6,45.3333333333333
1994-07-20,1994-08-05,1994-07-22,305.089955555556,17,NERC6,51.5555555555556
1996-07-23,1996-07-30,1996-07-27,304.166977777778,8,NERC6,51.1111111111111
1998-07-16,1998-08-01,1998-07-17,305.1968,17,NERC6,44.4444444444444
2000-07-29,2000-08-11,2000-07-30,305.841911111111,14,NERC6,48
2002-07-11,2002-07-27,2002-07-13,307.456755555556,17,NERC6,43.5555555555556
2003-07-15,2003-08-17,2003-07-23,306.1564,34,NERC6,44
2004-07-17,2004-07-21,2004-07-17,303.415111111111,5,NERC6,41.7777777777778
2005-08-05,2005-08-09,2005-08-06,303.3552,5,NERC6,50.2222222222222
2006-07-07,2006-07-30,2006-07-22,306.575466666667,24,NERC6,39.1111111111111
2007-07-03,2007-08-06,2007-07-06,305.729377777778,35,NERC6,40
2009-07-17,2009-07-19,2009-07-18,303.932488888889,3,NERC6,30.2222222222222
2009-07-21,2009-07-29,2009-07-23,303.258622222222,9,NERC6,42.6666666666667
2011-08-22,2011-08-29,2011-08-24,303.096577777778,8,NERC6,48.8888888888889
2012-07-08,2012-07-16,2012-07-10,303.948533333333,9,NERC6,53.7777777777778
2012-08-05,2012-08-15,2012-08-05,304.146933333333,11,NERC6,49.3333333333333
2013-06-28,2013-07-08,2013-07-02,305.570755555556,11,NERC6,44
2014-07-27,2014-08-06,2014-07-28,303.177244444444,11,NERC6,48.8888888888889
2015-06-26,2015-07-14,2015-06-28,306.458266666667,19,NERC6,34.6666666666667
2015-07-31,2015-08-05,2015-08-01,304.853866666667,6,NERC6,46.2222222222222
2015-08-11,2015-08-15,2015-08-13,304.285333333333,5,NERC6,40
2016-07-25,2016-07-31,2016-07-30,303.956355555556,7,NERC6,49.3333333333333
2017-07-05,2017-07-16,2017-07-06,304.205822222222,12,NERC6,54.2222222222222
2017-07-30,2017-08-07,2017-08-02,304.56,9,NERC6,50.2222222222222
2017-08-27,2017-09-08,2017-09-03,305.301288888889,13,NERC6,46.2222222222222
2018-07-12,2018-07-19,2018-07-13,303.260088888889,8,NERC6,48.8888888888889
2018-07-24,2018-07-27,2018-07-24,303.322933333333,4,NERC6,47.1111111111111
2018-07-29,2018-08-03,2018-07-31,304.351022222222,6,NERC6,40.8888888888889
2018-08-08,2018-08-19,2018-08-10,306.874,12,NERC6,40
2019-08-01,2019-08-08,2019-08-06,303.716,8,NERC6,51.5555555555556
2020-07-26,2020-08-06,2020-07-31,305.513422222222,12,NERC6,52.8888888888889
2020-08-15,2020-08-27,2020-08-17,306.398311111111,13,NERC6,46.6666666666667
2021-06-17,2021-08-08,2021-06-29,306.084977777778,53,NERC6,25.7777777777778
2021-08-10,2021-08-17,2021-08-14,305.8,8,NERC6,50.6666666666667
2022-07-08,2022-08-27,2022-07-31,305.544666666667,51,NERC6,27.5555555555556
2022-08-29,2022-09-08,2022-08-31,304.987511111111,11,NERC6,42.6666666666667
2023-07-20,2023-07-27,2023-07-23,304.664222222222,8,NERC6,47.5555555555556
2023-08-13,2023-08-22,2023-08-15,305.8944,10,NERC6,42.2222222222222
2024-07-07,2024-08-14,2024-08-02,306.92,39,NERC6,28
1980-07-16,1980-07-21,1980-07-18,308.923863636364,6,NERC1,47.7272727272727
1980-07-24,1980-08-02,1980-07-26,308.179545454545,10,NERC1,45.4545454545455
1981-07-20,1981-07-25,1981-07-22,307.938181818182,6,NERC1,47.7272727272727
1990-06-24,1990-07-05,1990-06-25,310.468409090909,12,NERC1,45.4545454545455
1994-06-20,1994-07-05,1994-06-26,311.893863636364,16,NERC1,43.1818181818182
1994-08-06,1994-08-10,1994-08-06,307.521590909091,5,NERC1,38.6363636363636
1995-07-25,1995-08-01,1995-07-28,311.439545454545,8,NERC1,50
1995-08-03,1995-08-14,1995-08-03,308.640681818182,12,NERC1,47.7272727272727
1996-07-05,1996-07-09,1996-07-05,307.671136363636,5,NERC1,54.5454545454545
1996-07-20,1996-07-25,1996-07-23,308.550909090909,6,NERC1,50
1998-07-11,1998-07-18,1998-07-15,309.046136363636,8,NERC1,50
2000-07-23,2000-07-29,2000-07-28,308.449772727273,7,NERC1,47.7272727272727
2003-07-10,2003-07-28,2003-07-14,311.234318181818,19,NERC1,43.1818181818182
2003-08-04,2003-08-13,2003-08-10,308.158181818182,10,NERC1,50
2005-07-13,2005-07-26,2005-07-17,308.939545454545,14,NERC1,43.1818181818182
2006-07-11,2006-07-31,2006-07-14,309.308409090909,21,NERC1,45.4545454545455
2009-07-09,2009-07-30,2009-07-14,308.723636363636,22,NERC1,40.9090909090909
2009-08-02,2009-08-06,2009-08-04,308.643409090909,5,NERC1,43.1818181818182
2010-07-13,2010-07-28,2010-07-13,308.380454545455,16,NERC1,43.1818181818182
2011-07-16,2011-07-23,2011-07-16,307.217045454545,8,NERC1,52.2727272727273
2011-08-21,2011-09-04,2011-08-30,307.379772727273,15,NERC1,45.4545454545455
2012-08-07,2012-08-19,2012-08-11,308.222954545455,13,NERC1,45.4545454545455
2013-06-27,2013-07-01,2013-06-28,310.326136363636,5,NERC1,47.7272727272727
2014-07-21,2014-07-31,2014-07-25,307.639090909091,11,NERC1,45.4545454545455
2015-08-10,2015-08-19,2015-08-14,307.966136363636,10,NERC1,47.7272727272727
2016-06-20,2016-06-24,2016-06-20,309.956818181818,5,NERC1,50
2016-07-21,2016-08-05,2016-07-23,309.022727272727,16,NERC1,45.4545454545455
2017-06-19,2017-06-25,2017-06-22,310.9425,7,NERC1,52.2727272727273
2018-07-15,2018-08-11,2018-07-23,308.517272727273,28,NERC1,43.1818181818182
2019-07-11,2019-08-15,2019-07-18,308.245681818182,36,NERC1,47.7272727272727
2020-07-08,2020-07-25,2020-07-11,310.809090909091,18,NERC1,47.7272727272727
2020-08-08,2020-09-01,2020-08-20,308.544545454545,25,NERC1,45.4545454545455
2021-06-13,2021-06-23,2021-06-14,310.293636363636,11,NERC1,45.4545454545455
2021-07-09,2021-07-15,2021-07-10,309.054090909091,7,NERC1,38.6363636363636
2022-07-07,2022-08-18,2022-07-16,308.746818181818,43,NERC1,45.4545454545455
2023-07-06,2023-09-03,2023-07-18,311.483636363636,60,NERC1,31.8181818181818
2024-06-23,2024-07-08,2024-07-07,309.108409090909,16,NERC1,50
2024-07-10,2024-07-21,2024-07-13,308.515,12,NERC1,43.1818181818182
2024-07-24,2024-08-28,2024-08-20,308.3725,36,NERC1,43.1818181818182
1980-08-03,1980-08-06,1980-08-03,310.703085106383,4,NERC3,38.2978723404255
1986-07-25,1986-08-01,1986-07-30,313.006010638298,8,NERC3,45.7446808510638
1993-07-28,1993-08-01,1993-08-01,311.34414893617,5,NERC3,43.6170212765958
1994-06-26,1994-07-02,1994-06-28,315.194893617021,7,NERC3,41.4893617021277
1995-08-20,1995-08-23,1995-08-21,310.92420212766,4,NERC3,48.4042553191489
1996-07-06,1996-07-10,1996-07-07,312.430531914894,5,NERC3,31.9148936170213
1998-06-27,1998-07-04,1998-06-27,312.663191489362,8,NERC3,40.4255319148936
1998-07-07,1998-07-18,1998-07-12,313.711063829787,12,NERC3,46.2765957446809
1999-08-08,1999-08-13,1999-08-13,312.469734042553,6,NERC3,38.8297872340426
2001-07-16,2001-07-20,2001-07-16,311.301170212766,5,NERC3,40.4255319148936
2007-08-13,2007-08-19,2007-08-13,310.571755319149,7,NERC3,56.3829787234043
2009-06-25,2009-06-30,2009-06-27,312.230478723404,6,NERC3,47.3404255319149
2009-07-02,2009-07-05,2009-07-04,311.908936170213,4,NERC3,33.5106382978723
2009-07-09,2009-07-17,2009-07-09,313.71420212766,9,NERC3,37.7659574468085
2010-07-18,2010-07-21,2010-07-18,309.76914893617,4,NERC3,44.6808510638298
2010-07-26,2010-08-25,2010-08-23,313.009361702128,31,NERC3,21.2765957446809
2011-07-19,2011-07-30,2011-07-27,312.151808510638,12,NERC3,36.7021276595745
2011-08-02,2011-08-15,2011-08-02,313.745585106383,14,NERC3,36.7021276595745
2011-08-19,2011-08-26,2011-08-19,312.665319148936,8,NERC3,43.6170212765958
2012-07-21,2012-07-24,2012-07-21,312.10329787234,4,NERC3,31.9148936170213
2015-08-03,2015-08-07,2015-08-07,311.693617021277,5,NERC3,44.6808510638298
2016-07-01,2016-07-15,2016-07-05,311.839308510638,15,NERC3,40.4255319148936
2016-07-23,2016-07-29,2016-07-24,311.222872340426,7,NERC3,46.8085106382979
2016-08-03,2016-08-15,2016-08-12,311.892659574468,13,NERC3,43.6170212765958
2017-07-20,2017-07-27,2017-07-22,311.269255319149,8,NERC3,40.4255319148936
2018-07-18,2018-07-26,2018-07-23,314.84,9,NERC3,30.3191489361702
2019-06-21,2019-06-25,2019-06-21,310.426117021277,5,NERC3,36.1702127659575
2019-07-09,2019-07-12,2019-07-10,311.080691489362,4,NERC3,22.8723404255319
2019-08-02,2019-09-04,2019-08-26,314.191063829787,34,NERC3,18.6170212765957
2020-06-29,2020-07-04,2020-07-01,310.332978723404,6,NERC3,42.0212765957447
2020-07-13,2020-07-19,2020-07-13,314.30579787234,7,NERC3,37.7659574468085
2020-08-27,2020-09-05,2020-08-29,312.555212765957,10,NERC3,32.4468085106383
2021-07-30,2021-08-02,2021-07-31,309.269893617021,4,NERC3,38.8297872340426
2021-08-30,2021-09-03,2021-09-01,309.794893617021,5,NERC3,38.2978723404255
2022-07-07,2022-08-06,2022-07-19,314.291914893617,31,NERC3,25
2023-06-15,2023-08-14,2023-06-20,315.398723404255,61,NERC3,10.6382978723404
2023-08-17,2023-08-28,2023-08-17,314.530159574468,12,NERC3,22.3404255319149
2024-06-14,2024-07-08,2024-07-02,312.111170212766,25,NERC3,18.0851063829787
2024-08-01,2024-08-16,2024-08-07,312.639893617021,16,NERC3,22.3404255319149
2024-08-19,2024-08-27,2024-08-22,313.717446808511,9,NERC3,38.2978723404255
1980-07-19,1980-08-04,1980-07-25,309.197407407407,17,NERC2,42.5925925925926
1980-10-01,1980-10-04,1980-10-01,307.708148148148,4,NERC2,53.7037037037037
1981-08-07,1981-08-11,1981-08-07,309.648518518519,5,NERC2,55.5555555555556
1982-08-21,1982-08-24,1982-08-21,306.988148148148,4,NERC2,57.4074074074074
1983-07-12,1983-07-14,1983-07-13,307.450740740741,3,NERC2,51.8518518518519
1983-08-06,1983-08-11,1983-08-06,309.3,6,NERC2,48.1481481481482
1983-08-13,1983-08-17,1983-08-14,305.723518518519,5,NERC2,51.8518518518519
1984-07-01,1984-07-09,1984-07-02,309.159074074074,9,NERC2,55.5555555555556
1984-07-10,1984-07-21,1984-07-13,308.482777777778,12,NERC2,53.7037037037037
1984-09-17,1984-09-20,1984-09-18,307.006851851852,4,NERC2,50
1985-07-04,1985-07-14,1985-07-09,308.86037037037,11,NERC2,53.7037037037037
1987-08-02,1987-08-06,1987-08-03,307.166481481481,5,NERC2,55.5555555555556
1988-07-16,1988-08-02,1988-07-17,310.836481481481,18,NERC2,51.8518518518519
1988-08-23,1988-09-07,1988-09-04,310.328888888889,16,NERC2,57.4074074074074
1990-07-10,1990-07-23,1990-07-12,308.668518518519,14,NERC2,48.1481481481482
1990-08-04,1990-08-14,1990-08-06,309.553333333333,11,NERC2,50
1991-07-02,1991-07-07,1991-07-03,308.980185185185,6,NERC2,51.8518518518519
1992-08-09,1992-08-21,1992-08-18,307.467777777778,13,NERC2,53.7037037037037
1993-07-31,1993-08-06,1993-08-01,309.868518518518,7,NERC2,53.7037037037037
1995-07-30,1995-08-04,1995-07-31,307.108148148148,6,NERC2,55.5555555555556
1996-07-26,1996-08-01,1996-07-31,306.926111111111,7,NERC2,53.7037037037037
1996-08-08,1996-08-17,1996-08-13,308.576851851852,10,NERC2,48.1481481481482
1997-08-04,1997-08-09,1997-08-06,308.972962962963,6,NERC2,50
1998-07-16,1998-07-21,1998-07-18,307.560555555556,6,NERC2,53.7037037037037
1998-08-02,1998-08-09,1998-08-04,310.334259259259,8,NERC2,42.5925925925926
1998-08-10,1998-08-16,1998-08-12,307.547222222222,7,NERC2,50
1998-08-28,1998-09-08,1998-09-02,307.301111111111,12,NERC2,55.5555555555556
1999-07-11,1999-07-15,1999-07-12,308.227777777778,5,NERC2,48.1481481481482
2000-07-31,2000-08-04,2000-08-01,308.058148148148,5,NERC2,57.4074074074074
2002-07-09,2002-07-15,2002-07-10,309.986851851852,7,NERC2,55.5555555555556
2003-07-17,2003-07-25,2003-07-17,307.482962962963,9,NERC2,57.4074074074074
2005-07-13,2005-07-27,2005-07-17,307.376111111111,15,NERC2,48.1481481481482
2005-08-05,2005-08-09,2005-08-05,305.97462962963,5,NERC2,55.5555555555556
2006-06-22,2006-06-29,2006-06-23,306.64037037037,8,NERC2,50
2006-07-13,2006-07-31,2006-07-23,310.815555555556,19,NERC2,48.1481481481482
2007-08-28,2007-09-04,2007-08-30,306.99462962963,8,NERC2,44.4444444444444
2008-07-07,2008-07-13,2008-07-08,310.247592592593,7,NERC2,51.8518518518519
2012-08-08,2012-08-18,2012-08-11,308.391296296296,11,NERC2,57.4074074074074
2013-06-28,2013-07-08,2013-06-29,308.748888888889,11,NERC2,40.7407407407407
2015-06-30,2015-07-04,2015-06-30,307.715740740741,5,NERC2,55.5555555555556
2015-09-09,2015-09-14,2015-09-11,307.438888888889,6,NERC2,50
2016-07-26,2016-07-31,2016-07-27,307.913518518519,6,NERC2,59.2592592592593
2017-06-16,2017-06-26,2017-06-19,307.707777777778,11,NERC2,44.4444444444444
2017-07-07,2017-07-11,2017-07-08,308.235555555556,5,NERC2,50
2017-07-30,2017-08-06,2017-08-01,308.327222222222,8,NERC2,55.5555555555556
2017-08-25,2017-09-13,2017-09-02,311.805925925926,20,NERC2,29.6296296296296
2020-08-14,2020-08-31,2020-08-16,309.989814814815,18,NERC2,38.8888888888889
2020-09-02,2020-09-09,2020-09-06,312.517592592593,8,NERC2,40.7407407407407
2021-06-17,2021-06-20,2021-06-17,309.467777777778,4,NERC2,53.7037037037037
2021-07-09,2021-07-14,2021-07-10,309.807037037037,6,NERC2,53.7037037037037
2021-09-06,2021-09-10,2021-09-08,307.858518518519,5,NERC2,55.5555555555556
2022-08-23,2022-09-13,2022-09-06,312.572037037037,22,NERC2,35.1851851851852
2023-07-15,2023-07-26,2023-07-16,309.367037037037,12,NERC2,53.7037037037037
2023-08-14,2023-08-18,2023-08-16,307.115555555556,5,NERC2,57.4074074074074
2024-06-28,2024-07-16,2024-07-06,311.066111111111,19,NERC2,42.5925925925926
2024-07-18,2024-07-26,2024-07-23,308.630925925926,9,NERC2,64.8148148148148
2024-09-04,2024-09-09,2024-09-05,308.017037037037,6,NERC2,51.8518518518519
1980-07-08,1980-07-23,1980-07-16,310.038429752066,16,NERC11,50
1980-08-07,1980-08-12,1980-08-08,308.136198347107,6,NERC11,50.8264462809917
1983-07-11,1983-07-25,1983-07-18,307.870578512397,15,NERC11,64.4628099173554
1983-08-18,1983-08-31,1983-08-20,308.299876033058,14,NERC11,52.4793388429752
1986-07-17,1986-07-22,1986-07-20,308.301198347107,6,NERC11,54.1322314049587
1986-07-25,1986-07-30,1986-07-25,307.46152892562,6,NERC11,61.5702479338843
1987-07-20,1987-07-28,1987-07-21,306.821652892562,9,NERC11,44.6280991735537
1987-07-31,1987-08-08,1987-08-03,306.849752066116,9,NERC11,49.1735537190083
1988-07-14,1988-07-21,1988-07-16,309.150950413223,8,NERC11,46.6942148760331
1990-07-09,1990-07-12,1990-07-09,306.851570247934,4,NERC11,61.5702479338843
1990-08-18,1990-08-22,1990-08-18,305.669338842975,5,NERC11,59.9173553719008
1991-06-29,1991-07-04,1991-07-02,304.406611570248,6,NERC11,66.1157024793389
1991-07-20,1991-07-24,1991-07-22,305.949504132231,5,NERC11,61.9834710743802
1993-07-24,1993-07-30,1993-07-28,308.18305785124,7,NERC11,44.2148760330579
1994-06-20,1994-06-22,1994-06-20,304.765867768595,3,NERC11,36.3636363636364
1995-07-10,1995-07-18,1995-07-13,307.275289256198,9,NERC11,53.7190082644628
1995-07-30,1995-08-22,1995-08-13,307.517479338843,24,NERC11,47.1074380165289
1997-07-26,1997-07-29,1997-07-28,307.081280991736,4,NERC11,42.1487603305785
1998-06-24,1998-06-30,1998-06-25,307.140330578512,7,NERC11,46.6942148760331
1999-07-17,1999-08-02,1999-07-30,309.700702479339,17,NERC11,47.1074380165289
2005-07-15,2005-07-27,2005-07-25,308.025454545455,13,NERC11,48.3471074380165
2006-07-31,2006-08-04,2006-08-03,308.756239669421,5,NERC11,57.0247933884298
2007-08-02,2007-08-17,2007-08-16,312.233223140496,16,NERC11,47.1074380165289
2007-08-19,2007-08-25,2007-08-23,311.291652892562,7,NERC11,53.7190082644628
2010-06-11,2010-06-16,2010-06-14,306.401611570248,6,NERC11,39.6694214876033
2010-06-18,2010-06-29,2010-06-21,307.259876033058,12,NERC11,55.7851239669422
2010-07-11,2010-08-06,2010-08-04,308.977314049587,27,NERC11,50.8264462809917
2010-08-08,2010-08-22,2010-08-13,308.386074380165,15,NERC11,35.1239669421488
2011-07-11,2011-07-14,2011-07-12,308.884008264463,4,NERC11,56.198347107438
2011-07-18,2011-08-10,2011-08-03,309.997024793388,24,NERC11,47.1074380165289
2012-06-30,2012-07-12,2012-06-30,311.03041322314,13,NERC11,57.4380165289256
2015-07-18,2015-07-21,2015-07-19,306.62632231405,4,NERC11,44.6280991735537
2015-07-26,2015-07-30,2015-07-29,306.437851239669,5,NERC11,59.0909090909091
2016-07-18,2016-08-08,2016-07-21,306.477975206612,22,NERC11,42.9752066115703
2016-08-10,2016-08-16,2016-08-15,305.193595041322,7,NERC11,63.6363636363636
2018-06-25,2018-07-06,2018-07-04,307.114752066116,12,NERC11,53.7190082644628
2018-07-14,2018-07-17,2018-07-14,306.126363636364,4,NERC11,55.7851239669422
2019-07-15,2019-07-20,2019-07-20,305.279462809917,6,NERC11,43.3884297520661
2020-07-16,2020-07-31,2020-07-18,306.215082644628,16,NERC11,51.2396694214876
2022-06-13,2022-06-18,2022-06-14,307.203223140496,6,NERC11,45.4545454545455
2022-07-01,2022-07-10,2022-07-05,307.004297520661,10,NERC11,51.6528925619835
2022-07-20,2022-07-29,2022-07-22,307.700289256198,10,NERC11,49.5867768595041
2023-07-26,2023-07-30,2023-07-27,307.610867768595,5,NERC11,39.6694214876033
1982-07-16,1982-07-20,1982-07-18,303.211706349206,5,NERC17,60.3174603174603
1983-07-02,1983-07-05,1983-07-03,303.788908730159,4,NERC17,51.5873015873016
1983-07-14,1983-07-24,1983-07-21,304.819166666667,11,NERC17,55.952380952381
1985-09-04,1985-09-09,1985-09-07,303.620734126984,6,NERC17,63.4920634920635
1986-07-07,1986-07-09,1986-07-07,304.411349206349,3,NERC17,50.1984126984127
1986-07-16,1986-07-20,1986-07-18,304.787678571429,5,NERC17,55.7539682539683
1987-07-06,1987-07-13,1987-07-11,303.62876984127,8,NERC17,68.452380952381
1987-07-19,1987-07-27,1987-07-24,304.825257936508,9,NERC17,61.1111111111111
1988-07-07,1988-07-11,1988-07-08,306.892916666667,5,NERC17,61.9047619047619
1988-08-02,1988-08-06,1988-08-02,306.871785714286,5,NERC17,60.1190476190476
1988-08-10,1988-08-18,1988-08-17,307.978432539683,9,NERC17,50.9920634920635
1989-07-25,1989-07-28,1989-07-25,303.026646825397,4,NERC17,51.1904761904762
1991-07-19,1991-07-24,1991-07-22,305.29369047619,6,NERC17,46.2301587301587
1993-07-03,1993-07-12,1993-07-09,304.764345238095,10,NERC17,66.8650793650794
1994-06-14,1994-06-21,1994-06-18,304.477936507937,8,NERC17,65.0793650793651
1994-07-05,1994-07-10,1994-07-05,303.115535714286,6,NERC17,56.9444444444445
1994-07-20,1994-07-22,1994-07-20,303.411388888889,3,NERC17,42.4603174603175
1995-07-13,1995-07-19,1995-07-14,306.522063492063,7,NERC17,43.452380952381
1995-07-23,1995-07-30,1995-07-30,302.897579365079,8,NERC17,54.7619047619048
1995-08-01,1995-08-06,1995-08-01,303.582956349206,6,NERC17,62.5
1995-08-11,1995-08-20,1995-08-14,304.770892857143,10,NERC17,55.1587301587302
1998-06-24,1998-06-30,1998-06-25,304.428511904762,7,NERC17,57.3412698412698
1999-07-02,1999-07-08,1999-07-04,305.792738095238,7,NERC17,36.9047619047619
1999-07-16,1999-08-01,1999-07-24,307.002063492063,17,NERC17,55.5555555555556
2001-08-06,2001-08-10,2001-08-08,305.534523809524,5,NERC17,54.1666666666667
2002-06-24,2002-06-27,2002-06-24,302.965515873016,4,NERC17,61.1111111111111
2002-07-01,2002-07-04,2002-07-04,304.723392857143,4,NERC17,49.8015873015873
2002-07-28,2002-08-01,2002-08-01,304.949246031746,5,NERC17,51.1904761904762
2005-07-12,2005-07-22,2005-07-21,303.844027777778,11,NERC17,63.0952380952381
2006-07-26,2006-08-05,2006-08-01,306.314226190476,11,NERC17,33.3333333333333
2007-08-06,2007-08-11,2007-08-08,304.828075396825,6,NERC17,56.1507936507937
2008-06-06,2008-06-10,2008-06-08,303.710297619048,5,NERC17,67.6587301587302
2010-07-05,2010-07-10,2010-07-07,305.341884920635,6,NERC17,58.1349206349206
2010-07-21,2010-07-26,2010-07-24,304.89871031746,6,NERC17,40.8730158730159
2010-08-10,2010-08-16,2010-08-10,304.355674603175,7,NERC17,39.484126984127
2011-07-18,2011-08-10,2011-07-21,306.525892857143,24,NERC17,42.8571428571429
2012-06-29,2012-07-10,2012-07-07,307.757083333333,12,NERC17,46.2301587301587
2012-07-15,2012-07-20,2012-07-17,306.530753968254,6,NERC17,50.7936507936508
2013-07-14,2013-07-23,2013-07-18,304.900773809524,10,NERC17,64.2857142857143
2016-07-22,2016-07-30,2016-07-23,304.525376984127,9,NERC17,56.5476190476191
2016-08-10,2016-08-21,2016-08-12,303.583611111111,12,NERC17,56.5476190476191
2017-07-21,2017-07-24,2017-07-21,304.014623015873,4,NERC17,53.3730158730159
2018-06-27,2018-07-06,2018-07-01,304.98253968254,10,NERC17,57.7380952380952
2019-07-02,2019-07-07,2019-07-02,303.105357142857,6,NERC17,58.531746031746
2019-07-11,2019-07-22,2019-07-20,305.027222222222,12,NERC17,46.2301587301587
2020-07-06,2020-07-12,2020-07-06,303.553591269841,7,NERC17,59.3253968253968
2021-06-26,2021-07-01,2021-06-29,304.003055555556,6,NERC17,65.2777777777778
2021-08-09,2021-08-15,2021-08-12,305.045773809524,7,NERC17,47.0238095238095
2021-08-24,2021-09-01,2021-08-25,304.6975,9,NERC17,49.2063492063492
2022-08-04,2022-08-10,2022-08-07,303.356964285714,7,NERC17,50
2023-07-27,2023-07-30,2023-07-28,305.325079365079,4,NERC17,41.8650793650794
2024-07-12,2024-07-18,2024-07-14,304.625833333333,7,NERC17,41.468253968254
2024-07-29,2024-08-07,2024-08-01,304.216646825397,10,NERC17,51.1904761904762
1980-07-07,1980-07-22,1980-07-17,313.12015625,16,NERC8,40.625
1988-07-14,1988-07-18,1988-07-14,310.94021875,5,NERC8,54.375
1996-07-17,1996-07-22,1996-07-21,311.273375,6,NERC8,51.5625
1996-08-04,1996-08-07,1996-08-06,311.379125,4,NERC8,53.4375
1998-06-24,1998-06-30,1998-06-29,311.50890625,7,NERC8,50.625
1999-07-22,1999-08-01,1999-07-29,311.64021875,11,NERC8,60.625
2000-07-08,2000-07-17,2000-07-16,312.26196875,10,NERC8,50.9375
2001-07-17,2001-08-10,2001-07-22,312.322125,25,NERC8,47.1875
2005-07-19,2005-07-26,2005-07-23,312.4206875,8,NERC8,47.8125
2006-07-10,2006-07-21,2006-07-19,314.992,12,NERC8,49.6875
2006-07-25,2006-08-14,2006-08-09,312.797625,21,NERC8,49.375
2007-08-05,2007-08-11,2007-08-11,310.839625,7,NERC8,53.75
2008-08-02,2008-08-06,2008-08-03,312.84409375,5,NERC8,52.5
2010-07-13,2010-08-17,2010-07-30,312.9084375,36,NERC8,39.6875
2011-06-24,2011-08-10,2011-08-02,316.250625,48,NERC8,37.8125
2012-07-03,2012-07-08,2012-07-06,311.89653125,6,NERC8,51.5625
2012-07-23,2012-07-27,2012-07-25,312.6158125,5,NERC8,45.9375
2012-07-29,2012-08-09,2012-08-01,315.03225,12,NERC8,39.6875
2013-07-08,2013-07-11,2013-07-09,310.34403125,4,NERC8,44.0625
2015-07-24,2015-07-29,2015-07-24,309.9728125,6,NERC8,40.9375
2016-07-06,2016-07-08,2016-07-06,309.80953125,3,NERC8,35
2016-07-17,2016-07-28,2016-07-22,312.1028125,12,NERC8,60
2016-08-10,2016-08-13,2016-08-11,310.59509375,4,NERC8,36.5625
2017-07-19,2017-07-29,2017-07-21,312.2474375,11,NERC8,47.1875
2018-06-14,2018-06-19,2018-06-14,310.43,6,NERC8,49.0625
2018-06-27,2018-07-06,2018-06-28,312.806875,10,NERC8,43.125
2018-07-12,2018-07-21,2018-07-20,315.430625,10,NERC8,44.6875
2018-08-26,2018-08-29,2018-08-27,311.1703125,4,NERC8,46.875
2019-07-17,2019-07-22,2019-07-19,310.248375,6,NERC8,39.6875
2021-08-08,2021-08-13,2021-08-10,310.40403125,6,NERC8,55.9375
2022-06-12,2022-06-17,2022-06-12,311.90528125,6,NERC8,39.0625
2022-07-04,2022-07-11,2022-07-11,311.40965625,8,NERC8,48.125
2022-07-15,2022-07-27,2022-07-19,314.04790625,13,NERC8,45.3125
2022-08-01,2022-08-10,2022-08-02,312.31334375,10,NERC8,45.9375
2023-07-12,2023-07-15,2023-07-12,311.739125,4,NERC8,43.4375
2023-07-24,2023-08-14,2023-07-25,314.29228125,22,NERC8,34.6875
2023-08-19,2023-08-27,2023-08-19,316.604625,9,NERC8,45.3125
2024-07-13,2024-07-17,2024-07-15,312.36571875,5,NERC8,53.75
2024-07-29,2024-08-04,2024-08-01,311.9005,7,NERC8,52.8125
2024-08-24,2024-08-29,2024-08-25,312.826,6,NERC8,60.3125
1980-07-04,1980-07-07,1980-07-06,308.832809917355,4,NERC10,57.0247933884298
1980-07-09,1980-07-21,1980-07-13,311.097479338843,13,NERC10,42.5619834710744
1981-07-05,1981-07-30,1981-07-14,309.752727272727,26,NERC10,41.7355371900826
1983-07-16,1983-07-27,1983-07-24,308.262520661157,12,NERC10,43.3884297520661
1983-08-20,1983-08-29,1983-08-21,309.035909090909,10,NERC10,53.305785123967
1986-07-15,1986-08-08,1986-07-31,310.143553719008,25,NERC10,47.5206611570248
1987-07-24,1987-08-14,1987-07-27,308.342768595041,22,NERC10,42.9752066115703
1990-07-06,1990-07-13,1990-07-07,308.31020661157,8,NERC10,64.8760330578512
1991-07-01,1991-07-05,1991-07-01,306.156446280992,5,NERC10,37.603305785124
1993-07-12,1993-07-30,1993-07-29,309.455743801653,19,NERC10,37.1900826446281
1995-07-20,1995-07-29,1995-07-20,308.201363636364,10,NERC10,59.504132231405
1995-08-12,1995-08-28,1995-08-15,309.071239669421,17,NERC10,49.1735537190083
1997-07-26,1997-07-30,1997-07-26,306.233636363636,5,NERC10,50
1998-07-07,1998-07-11,1998-07-07,308.910578512397,5,NERC10,50.8264462809917
1999-07-20,1999-08-03,1999-07-31,310.796859504132,15,NERC10,41.3223140495868
2005-07-18,2005-07-29,2005-07-24,307.253347107438,12,NERC10,55.7851239669422
2005-08-14,2005-08-25,2005-08-21,306.558719008264,12,NERC10,55.7851239669422
2007-08-05,2007-08-24,2007-08-22,311.761157024793,20,NERC10,49.5867768595041
2009-06-17,2009-06-24,2009-06-21,308.820578512397,8,NERC10,53.305785123967
2010-06-11,2010-07-01,2010-06-25,308.134421487603,21,NERC10,61.5702479338843
2010-07-07,2010-08-29,2010-07-09,309.953553719008,54,NERC10,32.2314049586777
2011-07-09,2011-07-16,2011-07-12,309.079917355372,8,NERC10,55.3719008264463
2011-07-28,2011-08-14,2011-08-04,311.137685950413,18,NERC10,57.4380165289256
2015-07-17,2015-07-25,2015-07-21,308.740330578512,9,NERC10,61.5702479338843
2016-07-03,2016-07-07,2016-07-07,307.143760330579,5,NERC10,25.6198347107438
2016-07-19,2016-07-28,2016-07-25,307.509008264463,10,NERC10,52.4793388429752
2017-08-13,2017-08-19,2017-08-17,306.298181818182,7,NERC10,50.8264462809917
2018-06-25,2018-07-03,2018-06-25,306.407066115702,9,NERC10,53.305785123967
2018-07-11,2018-07-17,2018-07-12,305.584669421488,7,NERC10,50
2019-07-04,2019-07-19,2019-07-16,307.033925619835,16,NERC10,52.8925619834711
2019-08-08,2019-08-24,2019-08-12,307.744545454545,17,NERC10,59.504132231405
2020-07-18,2020-07-22,2020-07-19,306.895,5,NERC10,44.2148760330579
2020-08-28,2020-09-03,2020-09-03,306.236033057851,7,NERC10,43.3884297520661
2021-07-26,2021-08-03,2021-07-30,307.982685950413,9,NERC10,63.2231404958678
2022-06-12,2022-06-18,2022-06-15,307.899917355372,7,NERC10,47.1074380165289
2022-07-05,2022-07-13,2022-07-07,307.473181818182,9,NERC10,45.4545454545455
2023-07-01,2023-07-10,2023-07-01,308.635991735537,10,NERC10,59.504132231405
2023-07-25,2023-08-15,2023-08-04,308.522644628099,22,NERC10,35.5371900826446
2023-08-25,2023-08-30,2023-08-26,309.642107438017,6,NERC10,50
2024-06-22,2024-07-10,2024-06-26,308.844462809917,19,NERC10,50.8264462809917
2024-07-30,2024-08-10,2024-08-09,307.72132231405,12,NERC10,55.7851239669422
1980-07-06,1980-07-12,1980-07-12,310.231172839506,7,NERC9,48.1481481481482
1980-07-13,1980-07-23,1980-07-16,311.813580246914,11,NERC9,37.6543209876543
1981-06-10,1981-06-15,1981-06-10,307.379382716049,6,NERC9,37.6543209876543
1981-07-19,1981-07-22,1981-07-21,310.084259259259,4,NERC9,30.2469135802469
1983-08-24,1983-08-31,1983-08-25,308.524074074074,8,NERC9,38.8888888888889
1986-07-14,1986-08-02,1986-07-31,312.761111111111,20,NERC9,37.037037037037
1987-07-29,1987-08-23,1987-08-22,309.551790123457,26,NERC9,38.2716049382716
1989-08-22,1989-09-03,1989-08-27,308.039197530864,13,NERC9,54.9382716049383
1993-07-26,1993-08-03,1993-07-31,310.054938271605,9,NERC9,53.0864197530864
1993-08-13,1993-08-23,1993-08-17,310.04962962963,11,NERC9,50.6172839506173
1995-07-12,1995-07-15,1995-07-12,309.413209876543,4,NERC9,41.9753086419753
1995-08-10,1995-08-23,1995-08-17,310.672469135802,14,NERC9,41.9753086419753
1998-07-06,1998-07-16,1998-07-07,311.432530864198,11,NERC9,44.4444444444444
1999-07-24,1999-08-03,1999-07-29,310.265061728395,11,NERC9,33.9506172839506
1999-08-07,1999-08-13,1999-08-13,311.375308641975,7,NERC9,42.5925925925926
2000-08-29,2000-09-05,2000-08-30,313.923024691358,8,NERC9,34.5679012345679
2001-07-21,2001-07-26,2001-07-21,309.033209876543,6,NERC9,41.9753086419753
2005-07-23,2005-07-27,2005-07-25,309.472469135802,5,NERC9,46.9135802469136
2005-08-20,2005-08-29,2005-08-21,310.985555555556,10,NERC9,56.1728395061729
2006-08-08,2006-08-11,2006-08-09,311.702901234568,4,NERC9,53.7037037037037
2006-08-18,2006-08-23,2006-08-18,311.219135802469,6,NERC9,48.7654320987654
2007-08-03,2007-08-07,2007-08-07,308.794135802469,5,NERC9,53.7037037037037
2007-08-11,2007-08-25,2007-08-13,312.730493827161,15,NERC9,20.9876543209877
2010-07-03,2010-08-23,2010-08-03,312.080555555556,52,NERC9,16.0493827160494
2011-07-11,2011-07-14,2011-07-11,312.129691358025,4,NERC9,37.6543209876543
2011-07-16,2011-08-14,2011-08-03,315.083765432099,30,NERC9,20.9876543209877
2012-07-29,2012-08-10,2012-08-01,311.381481481482,13,NERC9,27.7777777777778
2012-08-30,2012-09-02,2012-09-02,308.079691358025,4,NERC9,32.7160493827161
2015-07-24,2015-07-31,2015-07-28,309.533580246914,8,NERC9,24.6913580246914
2015-08-07,2015-08-11,2015-08-09,310.885061728395,5,NERC9,41.9753086419753
2016-07-21,2016-07-29,2016-07-22,309.283888888889,9,NERC9,50.6172839506173
2016-08-04,2016-08-16,2016-08-05,309.506790123457,13,NERC9,43.8271604938272
2019-07-09,2019-07-14,2019-07-11,307.343271604938,6,NERC9,61.1111111111111
2019-08-08,2019-08-18,2019-08-12,309.628827160494,11,NERC9,50.6172839506173
2020-08-25,2020-09-02,2020-08-29,308.038765432099,9,NERC9,38.8888888888889
2021-07-22,2021-08-02,2021-07-31,308.474197530864,12,NERC9,43.8271604938272
2021-08-22,2021-08-30,2021-08-24,307.888333333333,9,NERC9,35.8024691358025
2022-07-04,2022-07-13,2022-07-09,310.706728395062,10,NERC9,40.1234567901235
2022-07-19,2022-08-01,2022-07-20,310.941111111111,14,NERC9,27.1604938271605
2023-06-28,2023-08-15,2023-07-22,312.037716049383,49,NERC9,35.8024691358025
2023-08-20,2023-08-28,2023-08-24,313.234444444444,9,NERC9,51.8518518518519
2024-06-23,2024-06-27,2024-06-24,308.323641975309,5,NERC9,32.0987654320988
2024-07-03,2024-07-09,2024-07-03,308.034012345679,7,NERC9,50.6172839506173
2024-08-13,2024-08-19,2024-08-18,309.806666666667,7,NERC9,48.7654320987654
1989-07-05,1989-07-10,1989-07-05,305.740930232558,6,NERC7,63.953488372093
1990-06-25,1990-07-06,1990-06-29,305.460581395349,12,NERC7,56.9767441860465
1995-07-09,1995-07-13,1995-07-11,304.939069767442,5,NERC7,60.4651162790698
1995-09-02,1995-09-05,1995-09-04,303.371279069767,4,NERC7,54.6511627906977
1996-07-03,1996-07-08,1996-07-04,304.921976744186,6,NERC7,51.1627906976744
1998-07-18,1998-07-23,1998-07-19,306.93523255814,6,NERC7,58.1395348837209
1999-07-27,1999-07-30,1999-07-28,302.255813953488,4,NERC7,52.3255813953488
2000-07-12,2000-07-16,2000-07-14,304.771976744186,5,NERC7,54.6511627906977
2000-08-01,2000-08-05,2000-08-01,304.44488372093,5,NERC7,58.1395348837209
2001-07-04,2001-07-12,2001-07-06,305.536744186047,9,NERC7,59.3023255813954
2001-07-29,2001-08-02,2001-07-29,305.443837209302,5,NERC7,48.8372093023256
2001-08-03,2001-08-09,2001-08-05,303.793023255814,7,NERC7,55.8139534883721
2002-06-28,2002-07-03,2002-06-30,306.298372093023,6,NERC7,54.6511627906977
2003-07-13,2003-08-03,2003-07-13,307.103953488372,22,NERC7,63.953488372093
2004-07-12,2004-07-16,2004-07-12,304.207093023256,5,NERC7,52.3255813953488
2005-07-12,2005-07-17,2005-07-14,305.61988372093,6,NERC7,56.9767441860465
2005-07-19,2005-07-26,2005-07-20,307.049186046512,8,NERC7,37.2093023255814
2006-07-13,2006-08-04,2006-07-16,306.711511627907,23,NERC7,51.1627906976744
2007-07-16,2007-08-08,2007-07-16,304.40511627907,24,NERC7,58.1395348837209
2007-08-10,2007-08-20,2007-08-13,304.256860465116,11,NERC7,59.3023255813954
2008-07-31,2008-08-06,2008-08-01,306.092325581395,7,NERC7,54.6511627906977
2010-07-16,2010-07-24,2010-07-17,305.412790697674,9,NERC7,54.6511627906977
2011-07-16,2011-08-07,2011-07-31,304.330465116279,23,NERC7,58.1395348837209
2011-08-23,2011-08-29,2011-08-24,304.623720930233,7,NERC7,60.4651162790698
2012-06-23,2012-07-09,2012-06-25,306.577209302326,17,NERC7,60.4651162790698
2012-07-12,2012-08-03,2012-07-23,304.510348837209,23,NERC7,58.1395348837209
2013-09-04,2013-09-08,2013-09-05,303.013488372093,5,NERC7,56.9767441860465
2014-07-20,2014-07-28,2014-07-22,304.62023255814,9,NERC7,65.1162790697675
2015-08-13,2015-08-17,2015-08-14,302.737441860465,5,NERC7,51.1627906976744
2016-07-17,2016-07-28,2016-07-23,304.272906976744,12,NERC7,55.8139534883721
2017-07-18,2017-07-30,2017-07-19,304.026627906977,13,NERC7,58.1395348837209
2018-06-27,2018-06-29,2018-06-28,306.310465116279,3,NERC7,50
2018-07-07,2018-07-15,2018-07-10,304.553837209302,9,NERC7,58.1395348837209
2018-07-18,2018-07-26,2018-07-19,304.885930232558,9,NERC7,59.3023255813954
2019-07-11,2019-07-22,2019-07-19,305.651162790698,12,NERC7,58.1395348837209
2019-08-03,2019-08-11,2019-08-06,303.547906976744,9,NERC7,55.8139534883721
2020-08-17,2020-08-28,2020-08-18,305.287558139535,12,NERC7,61.6279069767442
2021-06-13,2021-06-20,2021-06-15,306.892093023256,8,NERC7,63.953488372093
2021-07-18,2021-08-03,2021-07-28,304.047558139535,17,NERC7,58.1395348837209
2022-07-08,2022-08-19,2022-07-09,306.085465116279,43,NERC7,54.6511627906977
2022-09-05,2022-09-08,2022-09-07,305.036860465116,4,NERC7,55.8139534883721
2023-07-21,2023-08-05,2023-07-24,306.261627906977,16,NERC7,60.4651162790698
2023-08-16,2023-08-25,2023-08-21,304.835465116279,10,NERC7,61.6279069767442
2024-06-24,2024-06-28,2024-06-25,304.87988372093,5,NERC7,51.1627906976744
2024-07-11,2024-07-20,2024-07-14,306.102558139535,10,NERC7,59.3023255813954
2024-07-24,2024-08-08,2024-07-25,305.096395348837,16,NERC7,55.8139534883721
1980-08-01,1980-08-16,1980-08-01,309.652532188841,16,NERC12,53.6480686695279
1983-07-03,1983-07-05,1983-07-03,305.256309012876,3,NERC12,53.2188841201717
1983-07-14,1983-07-25,1983-07-16,308.618540772532,12,NERC12,55.3648068669528
1986-07-08,1986-07-15,1986-07-09,308.369527896996,8,NERC12,56.6523605150215
1986-07-17,1986-07-30,1986-07-19,309.042618025751,14,NERC12,50.6437768240343
1987-07-07,1987-07-14,1987-07-09,307.526652360515,8,NERC12,59.2274678111588
1987-08-02,1987-08-08,1987-08-04,306.086738197425,7,NERC12,57.9399141630901
1988-07-15,1988-07-24,1988-07-16,308.61974248927,10,NERC12,52.3605150214592
1990-07-10,1990-07-14,1990-07-10,307.414806866953,5,NERC12,55.3648068669528
1991-07-20,1991-07-29,1991-07-23,307.422060085837,10,NERC12,66.9527896995708
1993-07-03,1993-07-16,1993-07-10,308.210386266094,14,NERC12,59.656652360515
1995-07-15,1995-07-19,1995-07-15,307.037896995708,5,NERC12,54.9356223175966
1995-07-21,1995-08-01,1995-07-23,306.134935622318,12,NERC12,64.3776824034335
1995-08-13,1995-08-15,1995-08-13,307.387682403433,3,NERC12,42.9184549356223
1997-08-14,1997-08-18,1997-08-17,306.714334763949,5,NERC12,60.0858369098713
1998-07-19,1998-07-25,1998-07-22,307.205321888412,7,NERC12,62.2317596566524
1999-07-05,1999-07-08,1999-07-05,307.81660944206,4,NERC12,39.4849785407725
1999-07-19,1999-07-27,1999-07-26,307.626094420601,9,NERC12,54.0772532188841
1999-07-29,1999-08-02,1999-07-31,310.53991416309,5,NERC12,49.7854077253219
2000-08-07,2000-08-10,2000-08-07,306.6830472103,4,NERC12,61.8025751072961
2001-08-09,2001-08-13,2001-08-09,306.979098712446,5,NERC12,53.2188841201717
2002-07-27,2002-08-01,2002-07-30,307.979484978541,6,NERC12,57.0815450643777
2005-07-12,2005-07-23,2005-07-19,305.15313304721,12,NERC12,60.9442060085837
2006-08-01,2006-08-11,2006-08-02,307.475407725322,11,NERC12,54.0772532188841
2007-08-02,2007-08-11,2007-08-09,308.346008583691,10,NERC12,63.0901287553648
2009-08-10,2009-08-12,2009-08-10,306.815665236052,3,NERC12,41.6309012875537
2010-06-22,2010-06-30,2010-06-24,308.818454935622,9,NERC12,51.931330472103
2010-07-19,2010-07-31,2010-07-25,309.969785407725,13,NERC12,38.6266094420601
2010-08-10,2010-08-18,2010-08-11,308.282489270386,9,NERC12,57.9399141630901
2011-07-19,2011-08-11,2011-07-29,308.824549356223,24,NERC12,61.3733905579399
2012-06-30,2012-07-13,2012-06-30,310.397253218884,14,NERC12,46.3519313304721
2012-07-17,2012-07-21,2012-07-17,306.672274678112,5,NERC12,64.3776824034335
2016-07-05,2016-07-09,2016-07-08,306.26686695279,5,NERC12,53.6480686695279
2016-07-22,2016-08-04,2016-07-25,307.615622317597,14,NERC12,42.9184549356223
2016-08-10,2016-08-21,2016-08-14,306.883090128755,12,NERC12,65.2360515021459
2017-07-20,2017-07-25,2017-07-21,306.830686695279,6,NERC12,62.2317596566524
2019-07-02,2019-07-23,2019-07-12,306.998540772532,22,NERC12,37.3390557939914
2019-08-16,2019-08-22,2019-08-22,305.77982832618,7,NERC12,60.5150214592275
2020-07-16,2020-08-03,2020-07-27,306.925236051502,19,NERC12,60.5150214592275
2021-08-10,2021-08-20,2021-08-13,306.345536480687,11,NERC12,60.9442060085837
2022-07-06,2022-07-10,2022-07-06,306.876394849785,5,NERC12,50.2145922746781
2022-07-19,2022-08-11,2022-07-24,306.56678111588,24,NERC12,56.2231759656653
2023-08-12,2023-08-16,2023-08-13,306.950772532189,5,NERC12,54.5064377682404
2024-07-05,2024-07-26,2024-07-16,308.027467811159,22,NERC12,50.2145922746781
2024-07-31,2024-08-11,2024-08-01,306.81965665236,12,NERC12,50.6437768240343
1982-07-16,1982-07-20,1982-07-18,302.59606557377,5,NERC15,40.9836065573771
1984-06-07,1984-06-11,1984-06-08,303.156229508197,5,NERC15,44.2622950819672
1987-07-06,1987-07-14,1987-07-11,302.686885245902,9,NERC15,54.0983606557377
1988-07-07,1988-07-13,1988-07-10,304.483442622951,7,NERC15,29.5081967213115
1988-08-02,1988-08-17,1988-08-03,304.838360655738,16,NERC15,42.6229508196721
1991-07-19,1991-07-24,1991-07-20,304.728360655738,6,NERC15,27.8688524590164
1993-07-06,1993-07-13,1993-07-06,303.639016393443,8,NERC15,52.4590163934426
1994-06-16,1994-06-20,1994-06-18,303.22737704918,5,NERC15,59.016393442623
1994-07-05,1994-07-10,1994-07-08,301.846557377049,6,NERC15,65.5737704918033
1994-07-20,1994-07-27,1994-07-21,302.545245901639,8,NERC15,36.0655737704918
1995-08-02,1995-08-05,1995-08-03,301.135737704918,4,NERC15,36.0655737704918
1999-07-02,1999-07-07,1999-07-05,304.368032786885,6,NERC15,65.5737704918033
2001-08-06,2001-08-10,2001-08-09,305.189672131148,5,NERC15,47.5409836065574
2002-08-11,2002-08-18,2002-08-14,305.194098360656,8,NERC15,55.7377049180328
2003-08-03,2003-08-06,2003-08-03,299.26868852459,4,NERC15,59.016393442623
2005-06-09,2005-06-15,2005-06-13,302.072459016393,7,NERC15,68.8524590163934
2005-06-26,2005-07-01,2005-06-27,302.297704918033,6,NERC15,50.8196721311476
2005-07-14,2005-07-21,2005-07-19,301.771967213115,8,NERC15,52.4590163934426
2006-07-26,2006-08-05,2006-08-01,304.578196721311,11,NERC15,49.1803278688525
2008-06-07,2008-06-10,2008-06-10,303.765245901639,4,NERC15,55.7377049180328
2010-07-06,2010-07-19,2010-07-07,304.662950819672,14,NERC15,47.5409836065574
2011-07-18,2011-07-26,2011-07-21,304.855737704918,9,NERC15,54.0983606557377
2012-06-20,2012-06-22,2012-06-20,303.731967213115,3,NERC15,22.9508196721311
2012-07-14,2012-07-18,2012-07-17,304.418852459016,5,NERC15,26.2295081967213
2013-07-02,2013-07-11,2013-07-06,301.475409836066,10,NERC15,45.9016393442623
2013-07-14,2013-07-23,2013-07-19,303.929016393443,10,NERC15,37.7049180327869
2015-08-16,2015-08-20,2015-08-17,301.865245901639,5,NERC15,44.2622950819672
2016-08-10,2016-08-19,2016-08-13,302.955409836066,10,NERC15,45.9016393442623
2018-06-28,2018-07-06,2018-07-01,305.404918032787,9,NERC15,62.2950819672131
2018-07-14,2018-07-17,2018-07-16,303.016721311475,4,NERC15,57.3770491803279
2018-07-23,2018-07-28,2018-07-26,299.929016393443,6,NERC15,54.0983606557377
2018-08-01,2018-08-09,2018-08-06,303.360819672131,9,NERC15,37.7049180327869
2018-09-02,2018-09-06,2018-09-05,303.578196721311,5,NERC15,45.9016393442623
2019-07-03,2019-07-06,2019-07-05,301.934590163934,4,NERC15,45.9016393442623
2020-07-07,2020-07-13,2020-07-09,304.045081967213,7,NERC15,49.1803278688525
2021-06-06,2021-06-09,2021-06-06,302.412131147541,4,NERC15,39.344262295082
2021-06-26,2021-07-03,2021-06-29,303.770819672131,8,NERC15,40.9836065573771
2021-08-05,2021-08-14,2021-08-12,303.870983606557,10,NERC15,39.344262295082
2021-08-21,2021-08-31,2021-08-26,303.437049180328,11,NERC15,39.344262295082
2022-08-03,2022-08-11,2022-08-07,304.479672131148,9,NERC15,42.6229508196721
2024-06-18,2024-06-27,2024-06-19,304.004590163934,10,NERC15,31.1475409836066
2024-07-03,2024-07-18,2024-07-14,303.125081967213,16,NERC15,40.9836065573771
2024-07-29,2024-08-07,2024-08-01,303.123770491803,10,NERC15,37.7049180327869
1980-07-20,1980-07-23,1980-07-20,302.20776119403,4,NERC5,44.7761194029851
1984-08-13,1984-08-15,1984-08-15,298.843582089552,3,NERC5,40.2985074626866
1987-07-09,1987-07-15,1987-07-12,300.818358208955,7,NERC5,37.3134328358209
1988-07-07,1988-07-13,1988-07-08,302.174626865672,7,NERC5,53.7313432835821
1988-07-28,1988-08-18,1988-07-30,303.905671641791,22,NERC5,38.8059701492537
1989-07-25,1989-07-28,1989-07-26,302.57447761194,4,NERC5,67.1641791044776
1991-07-19,1991-07-24,1991-07-20,304.784626865672,6,NERC5,49.2537313432836
1993-07-07,1993-07-13,1993-07-10,303.495671641791,7,NERC5,53.7313432835821
1994-07-06,1994-07-10,1994-07-10,300.413880597015,5,NERC5,50.7462686567164
1994-07-20,1994-08-04,1994-07-21,302.841343283582,16,NERC5,46.2686567164179
1995-07-24,1995-07-31,1995-07-31,301.579850746269,8,NERC5,44.7761194029851
1999-07-04,1999-07-07,1999-07-05,303.312537313433,4,NERC5,52.2388059701493
2002-07-01,2002-07-05,2002-07-03,304.591641791045,5,NERC5,46.2686567164179
2002-08-12,2002-08-19,2002-08-14,304.211194029851,8,NERC5,50.7462686567164
2003-08-04,2003-08-16,2003-08-14,299.96447761194,13,NERC5,49.2537313432836
2005-07-18,2005-07-21,2005-07-19,302.552835820895,4,NERC5,37.3134328358209
2006-08-01,2006-08-05,2006-08-02,304.467164179104,5,NERC5,58.2089552238806
2008-07-18,2008-07-21,2008-07-19,300.47671641791,4,NERC5,44.7761194029851
2009-08-15,2009-08-24,2009-08-18,302.735820895522,10,NERC5,50.7462686567164
2010-07-05,2010-07-25,2010-07-06,304.50447761194,21,NERC5,46.2686567164179
2010-09-01,2010-09-04,2010-09-01,303.479104477612,4,NERC5,38.8059701492537
2011-07-21,2011-07-25,2011-07-22,304.638208955224,5,NERC5,43.2835820895522
2012-07-13,2012-07-18,2012-07-14,301.970895522388,6,NERC5,50.7462686567164
2012-08-02,2012-08-06,2012-08-03,301.744776119403,5,NERC5,38.8059701492537
2013-07-04,2013-07-12,2013-07-05,302.585970149254,9,NERC5,52.2388059701493
2013-07-13,2013-07-24,2013-07-19,303.882835820896,12,NERC5,46.2686567164179
2014-07-14,2014-07-16,2014-07-14,299.756865671642,3,NERC5,41.7910447761194
2015-08-17,2015-08-22,2015-08-18,302.012835820896,6,NERC5,50.7462686567164
2018-06-29,2018-07-06,2018-07-01,303.966567164179,8,NERC5,56.7164179104478
2018-07-23,2018-07-31,2018-07-27,300.462985074627,9,NERC5,44.7761194029851
2018-08-01,2018-08-15,2018-08-06,303.361194029851,15,NERC5,46.2686567164179
2018-08-27,2018-08-30,2018-08-28,303.022537313433,4,NERC5,59.7014925373134
2019-07-29,2019-08-01,2019-07-30,302.598507462687,4,NERC5,55.2238805970149
2020-07-08,2020-07-14,2020-07-09,302.007611940298,7,NERC5,58.2089552238806
2021-06-26,2021-07-02,2021-06-29,303.112985074627,7,NERC5,50.7462686567164
2021-08-07,2021-08-15,2021-08-12,303.592686567164,9,NERC5,35.8208955223881
2021-08-18,2021-08-28,2021-08-26,303.12447761194,11,NERC5,41.7910447761194
2022-07-17,2022-07-26,2022-07-24,303.381343283582,10,NERC5,49.2537313432836
2022-08-04,2022-08-11,2022-08-07,303.572089552239,8,NERC5,50.7462686567164
2023-07-03,2023-07-22,2023-07-06,302.681641791045,20,NERC5,47.7611940298507
2023-09-06,2023-09-11,2023-09-06,301.965820895522,6,NERC5,49.2537313432836
2024-06-19,2024-06-22,2024-06-19,303.505074626866,4,NERC5,34.3283582089552
2024-07-05,2024-07-23,2024-07-15,302.679402985075,19,NERC5,32.8358208955224
2024-07-30,2024-08-07,2024-08-02,303.593432835821,9,NERC5,52.2388059701493
1980-07-10,1980-07-16,1980-07-14,308.854561403509,7,NERC4,35.0877192982456
1980-08-19,1980-08-23,1980-08-22,306.936666666667,5,NERC4,35.0877192982456
1981-07-14,1981-07-28,1981-07-14,308.829649122807,15,NERC4,36.8421052631579
1986-07-20,1986-07-23,1986-07-20,307.253684210526,4,NERC4,40.3508771929825
1986-07-29,1986-08-05,1986-08-01,308.169298245614,8,NERC4,40.3508771929825
1987-08-06,1987-08-14,1987-08-09,309.019122807018,9,NERC4,33.3333333333333
1993-07-19,1993-07-26,1993-07-24,307.178070175439,8,NERC4,35.0877192982456
1995-08-23,1995-08-29,1995-08-28,305.761929824561,7,NERC4,36.8421052631579
1997-07-02,1997-07-05,1997-07-04,307.571754385965,4,NERC4,26.3157894736842
1998-07-06,1998-07-20,1998-07-09,307.569298245614,15,NERC4,33.3333333333333
1999-07-22,1999-08-03,1999-08-02,308.82350877193,13,NERC4,35.0877192982456
1999-08-11,1999-08-16,1999-08-12,307.136140350877,6,NERC4,31.5789473684211
2002-07-16,2002-07-20,2002-07-17,307.544035087719,5,NERC4,31.5789473684211
2004-09-04,2004-09-09,2004-09-04,304.391578947368,6,NERC4,38.5964912280702
2005-08-22,2005-09-03,2005-08-22,306.74649122807,13,NERC4,36.8421052631579
2007-08-05,2007-08-17,2007-08-08,307.588596491228,13,NERC4,28.0701754385965
2008-08-20,2008-08-24,2008-08-20,303.20649122807,5,NERC4,26.3157894736842
2009-06-15,2009-06-23,2009-06-21,307.741403508772,9,NERC4,22.8070175438597
2010-07-11,2010-07-17,2010-07-17,306.508070175439,7,NERC4,35.0877192982456
2010-07-20,2010-08-30,2010-07-28,308.531052631579,42,NERC4,21.0526315789474
2011-07-31,2011-08-16,2011-07-31,308.235614035088,17,NERC4,29.8245614035088
2015-07-28,2015-08-02,2015-07-28,305.324912280702,6,NERC4,29.8245614035088
2016-07-09,2016-07-13,2016-07-12,307.400350877193,5,NERC4,33.3333333333333
2019-08-07,2019-08-21,2019-08-12,306.626315789474,15,NERC4,29.8245614035088
2019-08-27,2019-09-06,2019-09-05,307.587192982456,11,NERC4,45.6140350877193
2020-07-07,2020-07-18,2020-07-11,307.191228070175,12,NERC4,33.3333333333333
2020-08-21,2020-09-08,2020-09-04,307.704912280702,19,NERC4,24.5614035087719
2022-07-05,2022-07-16,2022-07-13,306.486666666667,12,NERC4,36.8421052631579
2023-06-13,2023-08-24,2023-08-08,308.688596491228,73,NERC4,17.5438596491228
2023-08-26,2023-09-02,2023-08-26,307.623684210526,8,NERC4,36.8421052631579
2024-06-22,2024-08-15,2024-08-08,308.101929824561,55,NERC4,40.3508771929825
1980-07-04,1980-07-22,1980-07-15,311.70610738255,19,NERC20,52.3489932885906
1980-08-17,1980-08-21,1980-08-20,308.588993288591,5,NERC20,58.3892617449665
1981-06-13,1981-06-15,1981-06-14,304.83711409396,3,NERC20,62.4161073825503
1983-07-14,1983-07-25,1983-07-23,309.248926174497,12,NERC20,49.6644295302014
1983-08-17,1983-08-28,1983-08-26,310.020604026846,12,NERC20,65.7718120805369
1987-07-18,1987-08-04,1987-08-02,310.046577181208,18,NERC20,67.1140939597316
1987-08-14,1987-08-17,1987-08-16,308.539463087248,4,NERC20,69.7986577181208
1988-07-14,1988-07-19,1988-07-14,311.201342281879,6,NERC20,72.4832214765101
1988-08-08,1988-08-19,1988-08-16,313.085167785235,12,NERC20,63.0872483221477
1989-07-10,1989-07-12,1989-07-10,307.581342281879,3,NERC20,34.2281879194631
1994-06-18,1994-06-23,1994-06-19,306.83644295302,6,NERC20,41.6107382550336
1995-07-10,1995-07-17,1995-07-13,309.474295302013,8,NERC20,44.2953020134228
1995-08-03,1995-08-21,1995-08-18,308.586912751678,19,NERC20,51.6778523489933
1997-07-25,1997-07-28,1997-07-26,310.344899328859,4,NERC20,38.255033557047
1998-06-23,1998-06-30,1998-06-25,307.813020134228,8,NERC20,61.744966442953
1999-07-16,1999-08-01,1999-07-29,311.028657718121,17,NERC20,71.1409395973154
2001-07-18,2001-07-26,2001-07-22,308.478322147651,9,NERC20,58.3892617449665
2006-07-26,2006-08-04,2006-08-02,311.96322147651,10,NERC20,57.7181208053691
2007-08-05,2007-08-16,2007-08-12,311.712080536913,12,NERC20,55.0335570469799
2007-08-19,2007-08-24,2007-08-23,309.612617449664,6,NERC20,43.6241610738255
2009-06-20,2009-06-26,2009-06-23,307.587651006711,7,NERC20,45.6375838926175
2010-07-20,2010-07-26,2010-07-24,308.056711409396,7,NERC20,54.3624161073826
2010-08-03,2010-08-05,2010-08-03,310.345906040268,3,NERC20,31.5436241610738
2010-08-07,2010-08-15,2010-08-12,310.164630872483,9,NERC20,45.6375838926175
2011-07-10,2011-08-09,2011-08-02,311.717046979866,31,NERC20,55.0335570469799
2012-06-28,2012-07-10,2012-07-07,313.530738255034,13,NERC20,44.2953020134228
2012-07-16,2012-07-20,2012-07-19,312.712684563758,5,NERC20,58.3892617449665
2012-07-22,2012-07-27,2012-07-25,313.622147651007,6,NERC20,65.7718120805369
2015-07-17,2015-07-20,2015-07-17,306.539060402685,4,NERC20,54.3624161073826
2015-07-25,2015-07-29,2015-07-29,306.319395973154,5,NERC20,63.0872483221477
2016-07-20,2016-07-28,2016-07-24,308.118590604027,9,NERC20,51.006711409396
2017-07-20,2017-07-24,2017-07-22,308.739530201342,5,NERC20,48.993288590604
2018-06-17,2018-06-20,2018-06-17,307.070067114094,4,NERC20,54.3624161073826
2018-06-26,2018-07-06,2018-06-29,308.821409395973,11,NERC20,57.7181208053691
2018-07-14,2018-07-16,2018-07-14,307.767651006711,3,NERC20,23.489932885906
2018-08-27,2018-08-30,2018-08-27,309.106174496644,4,NERC20,29.5302013422819
2019-07-18,2019-07-22,2019-07-19,307.337046979866,5,NERC20,41.6107382550336
2020-07-07,2020-07-10,2020-07-08,306.164362416107,4,NERC20,42.9530201342282
2021-08-09,2021-08-13,2021-08-10,308.321812080537,5,NERC20,45.6375838926175
2021-08-24,2021-08-29,2021-08-24,307.841140939597,6,NERC20,52.3489932885906
2022-07-04,2022-07-09,2022-07-05,309.332080536913,6,NERC20,58.3892617449665
2023-07-26,2023-07-31,2023-07-26,311.215838926175,6,NERC20,54.3624161073826
2024-07-14,2024-07-17,2024-07-15,308.832214765101,4,NERC20,37.5838926174497
2024-07-28,2024-08-02,2024-07-31,309.131744966443,6,NERC20,54.3624161073826
2024-08-25,2024-08-30,2024-08-27,310.552818791946,6,NERC20,41.6107382550336
