region,year,cold_dur_temp11,cold_dur_temp12,cold_dur_temp13,cold_dur_temp14,cold_dur_temp21,cold_dur_temp22,cold_dur_temp23,cold_dur_temp24,cold_dur_temp31,cold_dur_temp32,cold_dur_temp33,cold_dur_temp34,cold_dur_temp41,cold_dur_temp42,cold_dur_temp43,cold_dur_temp44,heat_dur_temp11,heat_dur_temp12,heat_dur_temp13,heat_dur_temp14,heat_dur_temp21,heat_dur_temp22,heat_dur_temp23,heat_dur_temp24,heat_dur_temp31,heat_dur_temp32,heat_dur_temp33,heat_dur_temp34,heat_dur_temp41,heat_dur_temp42,heat_dur_temp43,heat_dur_temp44
NERC1,1980,0,0,0,0,0,0,1,2,0,0,2,0,0,0,1,0,0,0,2,0,0,0,1,2,0,0,0,0,0,0,0,1
NERC1,1981,0,0,0,1,0,0,0,1,0,2,0,0,0,0,0,0,2,1,0,0,1,0,0,1,0,0,2,1,0,0,0,0
NERC1,1982,0,0,0,1,2,1,1,0,0,0,1,0,1,1,0,0,0,0,1,0,0,0,1,0,1,2,0,0,1,0,0,0
NERC1,1983,0,2,0,1,0,2,1,0,0,2,0,0,0,0,0,0,2,2,1,0,0,0,0,0,0,1,0,0,0,1,0,0
NERC1,1984,0,0,2,1,0,1,0,0,0,1,2,0,1,0,0,0,0,1,0,0,0,0,0,0,3,0,0,0,0,0,1,0
NERC1,1985,0,0,0,0,0,3,0,0,0,1,0,0,2,1,0,0,0,0,1,1,0,1,0,1,0,0,0,1,0,0,0,0
NERC1,1986,0,0,0,0,0,0,0,1,0,1,0,1,1,0,0,0,1,1,0,0,0,0,0,0,0,1,0,0,0,0,0,1
NERC1,1987,0,0,0,1,0,0,1,0,1,1,0,1,2,1,0,0,0,1,0,0,0,1,0,0,0,0,0,0,1,0,0,0
NERC1,1988,0,0,2,1,0,2,0,2,1,0,2,0,1,0,0,0,2,1,1,0,1,1,0,0,0,0,0,0,0,0,1,0
NERC1,1989,1,1,0,3,1,0,1,0,1,0,2,0,1,0,0,0,0,0,1,1,2,0,0,0,0,0,0,1,0,0,0,1
NERC1,1990,0,0,1,2,0,1,1,0,0,3,0,0,3,0,0,0,1,1,0,0,0,1,0,0,0,2,0,0,0,0,0,1
NERC1,1991,0,0,1,2,0,0,2,0,1,0,0,0,1,0,0,0,1,0,0,0,1,0,0,0,1,0,0,0,0,0,0,0
NERC1,1992,0,0,1,4,0,0,0,0,0,0,1,0,1,2,0,0,0,0,0,0,0,0,1,0,0,1,0,0,0,0,1,0
NERC1,1993,1,0,0,2,0,1,0,0,0,0,1,0,1,0,0,0,0,0,0,1,0,1,0,0,0,0,0,0,0,0,0,1
NERC1,1994,0,2,0,2,0,1,1,1,1,1,0,0,1,0,0,0,0,1,1,0,0,1,0,0,0,0,0,0,0,0,1,1
NERC1,1995,0,0,0,2,0,0,0,1,0,1,0,0,0,1,0,0,0,0,0,0,1,0,0,1,0,0,0,0,0,0,1,1
NERC1,1996,0,0,0,0,0,0,0,0,0,1,0,0,1,3,0,0,0,0,0,0,0,1,0,0,0,0,0,1,0,0,1,1
NERC1,1997,0,1,0,2,0,0,0,0,1,0,1,0,3,0,1,0,1,0,0,0,1,0,0,1,0,0,0,0,0,2,0,0
NERC1,1998,0,0,0,4,0,0,1,0,1,2,1,0,1,0,0,0,0,0,1,0,1,0,1,0,0,1,1,0,0,0,0,1
NERC1,1999,1,0,0,2,0,0,1,1,0,0,2,0,0,1,0,0,2,0,0,0,1,1,0,0,0,0,0,1,0,1,0,0
NERC1,2000,0,0,1,1,0,0,4,0,0,0,0,0,1,0,1,0,0,0,0,0,1,1,0,0,0,0,1,0,0,1,0,1
NERC1,2001,0,0,0,2,0,0,0,0,1,0,1,0,3,1,1,0,1,0,1,0,1,0,1,0,0,1,0,1,0,0,0,0
NERC1,2002,0,0,2,0,0,0,2,0,1,0,1,0,2,1,0,0,0,0,0,1,0,2,1,0,0,0,1,0,0,0,0,0
NERC1,2003,0,1,0,3,0,0,0,0,1,1,0,1,0,1,0,0,0,1,0,0,1,0,0,0,1,0,0,1,0,0,0,2
NERC1,2004,0,0,1,0,0,1,0,1,2,1,0,0,1,0,0,0,0,1,0,0,0,0,1,0,0,0,2,0,0,0,0,0
NERC1,2005,0,0,1,1,1,1,0,0,0,1,0,0,0,1,0,0,1,0,1,0,0,0,1,0,1,0,0,0,0,0,0,1
NERC1,2006,0,0,1,1,0,1,0,1,0,1,2,0,2,1,0,0,1,0,0,0,0,0,1,0,1,0,0,0,0,0,0,1
NERC1,2007,0,1,0,1,0,2,0,1,0,1,0,0,2,1,0,0,1,0,1,0,0,1,0,0,0,0,1,1,1,1,1,0
NERC1,2008,0,0,1,1,2,0,0,0,0,0,1,1,2,0,0,0,0,0,0,0,1,2,0,0,0,1,0,0,0,0,0,1
NERC1,2009,0,0,1,1,0,1,1,0,2,0,0,0,1,1,0,0,0,2,0,0,0,0,0,0,0,1,2,0,0,0,0,1
NERC1,2010,1,1,1,2,0,0,0,0,0,1,0,0,1,0,0,0,0,0,0,0,1,1,0,0,0,1,0,0,0,0,1,1
NERC1,2011,0,1,2,3,0,0,0,0,1,0,0,0,3,1,0,0,2,1,0,1,0,1,0,0,0,0,0,0,0,0,2,1
NERC1,2012,0,0,3,0,0,0,1,1,0,0,0,0,1,1,0,0,1,0,0,0,3,0,1,0,1,0,1,0,0,0,0,1
NERC1,2013,0,0,0,1,0,1,0,1,0,0,0,0,3,2,0,0,0,0,0,0,2,0,0,0,1,1,0,0,0,0,1,1
NERC1,2014,0,0,1,1,0,0,1,0,0,0,0,0,1,1,0,0,1,0,0,0,1,0,0,0,1,0,0,0,0,0,1,0
NERC1,2015,0,0,1,0,0,0,0,0,1,0,0,0,2,0,1,0,1,0,1,0,0,0,0,0,0,0,0,0,0,1,2,1
NERC1,2016,0,0,0,1,1,2,0,0,0,0,0,0,1,2,0,0,0,1,0,0,0,1,0,0,0,1,0,1,0,0,0,1
NERC1,2017,0,0,0,0,0,0,0,2,1,0,0,0,1,0,0,0,1,1,0,0,0,0,1,0,0,2,0,1,0,0,0,1
NERC1,2018,0,0,0,0,0,0,1,0,1,1,0,0,0,1,0,0,0,1,0,0,0,0,0,0,0,1,1,0,0,0,0,1
NERC1,2019,0,0,0,0,0,0,1,1,2,1,1,0,1,1,0,0,0,1,0,0,0,0,0,2,0,0,0,1,0,0,2,0
NERC1,2020,0,0,0,0,0,1,2,3,1,0,2,1,0,0,0,0,0,0,0,0,0,0,0,0,0,0,0,1,0,0,0,3
NERC1,2021,0,0,0,0,0,1,2,3,1,1,3,0,0,0,0,0,0,0,0,0,1,0,0,0,0,0,2,1,0,1,0,2
NERC1,2022,0,0,0,0,0,0,1,1,1,0,1,2,2,1,0,0,1,0,0,0,0,0,0,1,1,0,0,0,0,0,1,1
NERC1,2023,0,0,0,0,0,0,2,2,1,0,0,2,0,2,0,0,0,0,0,0,0,0,1,0,0,0,2,1,0,0,0,1
NERC1,2024,0,0,0,0,0,0,1,1,0,0,1,0,1,0,0,0,1,0,0,0,0,0,1,0,0,0,1,0,0,0,0,1
NERC10,1980,0,1,0,1,1,0,1,0,2,0,1,1,1,1,0,0,0,0,0,1,0,0,0,1,0,0,0,1,0,0,0,2
NERC10,1981,0,0,1,1,0,1,0,0,3,0,0,0,3,0,0,0,0,0,0,1,0,0,2,1,0,0,1,0,0,0,1,1
NERC10,1982,0,0,0,2,0,1,0,0,0,0,0,0,2,0,0,0,0,0,0,0,3,0,0,0,1,1,0,0,0,1,0,0
NERC10,1983,0,1,0,3,1,0,1,1,0,0,0,0,2,0,0,0,0,0,0,0,0,0,0,0,0,1,0,0,0,0,1,2
NERC10,1984,0,0,0,1,1,2,1,0,1,1,1,0,2,0,0,0,1,0,0,0,0,0,1,0,0,0,1,0,0,0,0,0
NERC10,1985,0,3,1,0,1,0,0,0,1,0,0,0,4,1,0,0,2,0,0,0,0,0,0,1,0,1,0,0,0,0,0,0
NERC10,1986,0,2,2,2,0,0,0,0,0,0,0,0,1,2,0,0,2,0,0,0,1,0,0,0,0,1,0,1,0,0,0,1
NERC10,1987,1,0,5,4,0,2,1,0,1,0,0,0,0,0,0,0,0,1,0,0,0,2,0,0,0,1,0,0,0,0,0,1
NERC10,1988,0,0,1,0,0,2,2,0,2,0,1,0,2,0,0,0,0,0,0,0,0,0,1,0,0,1,0,1,0,0,1,1
NERC10,1989,0,0,0,2,0,1,0,2,2,0,0,0,2,0,0,0,2,1,0,0,0,0,0,0,0,2,0,0,0,1,0,0
NERC10,1990,0,1,0,1,0,2,1,0,0,0,0,0,0,0,0,0,0,1,3,0,0,1,0,0,0,0,1,0,0,0,0,3
NERC10,1991,0,2,0,2,1,1,1,1,0,0,0,1,0,0,0,0,4,0,0,0,1,0,0,0,0,0,0,0,0,1,2,0
NERC10,1992,0,0,1,2,0,0,0,1,0,0,1,1,1,0,0,0,1,0,0,0,0,2,0,0,0,1,0,0,0,0,1,0
NERC10,1993,0,1,2,3,0,0,0,0,2,0,0,2,1,0,0,0,0,0,0,0,0,0,2,0,0,0,1,0,0,0,2,1
NERC10,1994,0,2,2,1,0,0,0,0,0,1,0,0,1,1,0,0,4,0,0,0,1,0,0,0,0,0,0,0,0,0,0,0
NERC10,1995,0,0,3,0,0,0,0,0,1,2,0,0,2,1,0,0,0,0,0,1,0,0,1,0,0,2,0,1,0,0,0,2
NERC10,1996,0,2,2,2,0,0,0,0,0,1,0,1,5,0,0,0,1,0,0,1,1,0,2,0,0,0,1,0,0,0,0,0
NERC10,1997,0,0,1,2,0,0,0,0,0,1,2,0,1,0,0,0,0,0,0,0,0,0,0,1,0,2,1,0,0,0,0,0
NERC10,1998,0,1,1,3,0,0,0,0,0,1,0,0,0,0,0,0,0,1,2,0,0,0,0,1,0,1,1,1,0,0,0,1
NERC10,1999,0,0,1,0,0,0,0,0,0,3,0,0,1,1,0,0,0,0,0,0,0,0,1,2,0,1,0,2,0,0,0,0
NERC10,2000,0,1,1,1,0,0,0,0,1,2,0,0,2,0,1,0,0,0,0,0,0,0,0,0,0,0,1,0,0,0,0,1
NERC10,2001,0,1,3,1,0,0,0,0,0,1,0,1,1,2,0,0,1,1,0,0,0,0,0,0,1,1,1,0,0,0,0,0
NERC10,2002,0,0,1,2,0,0,0,0,2,1,2,0,1,0,0,0,0,2,1,1,2,0,0,0,0,0,0,1,0,0,0,0
NERC10,2003,0,2,1,2,0,0,0,0,0,0,2,0,2,1,0,0,2,1,0,0,1,1,0,0,0,2,0,0,0,0,0,0
NERC10,2004,0,0,0,1,0,0,0,0,2,3,0,0,1,2,0,0,2,1,0,0,0,0,0,0,0,2,1,1,0,0,0,0
NERC10,2005,0,0,1,2,0,0,0,0,1,0,1,0,0,1,2,0,3,0,0,0,0,0,0,0,1,1,0,0,0,0,2,0
NERC10,2006,0,0,1,1,0,0,0,0,1,1,3,0,0,0,0,0,0,0,0,0,0,1,1,0,0,1,1,0,0,0,0,2
NERC10,2007,0,0,3,3,0,0,0,0,1,1,0,0,0,1,0,0,0,0,0,2,1,0,0,0,0,0,1,0,0,0,0,1
NERC10,2008,0,1,0,1,1,0,0,4,2,0,0,1,2,0,1,0,1,0,0,0,0,0,0,1,0,1,0,0,0,0,0,1
NERC10,2009,0,0,0,0,0,2,0,1,0,0,0,2,4,0,1,0,2,0,0,0,1,0,0,1,0,1,1,0,0,0,0,1
NERC10,2010,0,0,0,0,0,0,3,3,1,0,0,0,5,1,1,0,1,1,0,0,0,0,0,0,0,0,0,0,0,0,0,3
NERC10,2011,0,0,0,0,0,0,0,1,0,0,0,0,1,2,0,0,0,0,0,0,0,0,0,0,0,0,0,1,0,0,0,2
NERC10,2012,0,0,0,0,0,1,1,0,1,1,1,0,1,0,0,0,1,1,0,0,0,0,1,0,1,1,1,2,0,0,0,0
NERC10,2013,0,0,0,0,0,2,3,3,0,0,2,1,0,2,1,0,2,0,0,0,1,1,1,0,0,1,0,0,0,0,0,0
NERC10,2014,0,0,0,0,1,1,3,1,0,1,0,1,3,0,1,0,1,0,1,0,1,4,0,0,1,0,0,0,0,0,0,0
NERC10,2015,0,0,0,0,0,3,1,1,0,0,1,0,2,0,0,0,1,1,2,1,1,0,1,1,0,0,0,0,0,1,0,1
NERC10,2016,0,0,0,0,0,1,0,2,1,2,1,0,1,2,0,0,0,2,1,0,0,0,0,0,0,0,1,1,0,0,0,2
NERC10,2017,0,0,0,0,0,2,1,0,0,1,0,0,1,0,1,1,1,0,0,0,3,0,1,0,0,2,0,0,0,1,1,0
NERC10,2018,0,0,0,0,0,0,1,4,0,0,1,1,2,0,0,0,0,0,0,0,2,0,1,0,0,1,1,0,1,1,1,0
NERC10,2019,0,0,0,0,0,2,1,1,0,2,0,1,1,0,0,0,1,0,1,0,0,0,0,0,0,0,0,0,0,0,4,0
NERC10,2020,0,0,0,0,0,0,0,3,0,1,1,1,0,1,0,0,2,0,1,0,0,0,0,0,1,1,0,0,0,2,2,0
NERC10,2021,0,0,0,0,0,1,1,1,0,0,2,2,0,0,0,0,0,0,0,0,3,2,0,0,1,0,0,0,0,2,1,0
NERC10,2022,0,0,0,0,0,1,5,3,0,0,1,0,3,1,0,0,0,0,0,0,2,3,0,0,1,0,1,0,0,0,2,1
NERC10,2023,0,0,0,0,0,0,2,2,0,2,1,1,0,0,0,0,0,0,0,0,0,0,0,1,0,0,1,1,0,0,0,5
NERC10,2024,0,0,0,0,0,1,0,1,1,0,0,0,1,0,3,0,0,0,0,0,0,0,2,1,0,1,0,0,0,0,2,2
NERC11,1980,0,1,1,1,1,0,0,0,3,0,0,0,1,1,0,0,0,0,3,0,0,0,0,1,0,0,0,3,0,0,0,2
NERC11,1981,0,0,1,3,0,0,1,0,2,0,0,0,2,0,0,0,0,1,1,0,1,0,0,0,0,0,3,0,0,0,1,0
NERC11,1982,0,0,0,1,0,2,0,0,0,1,0,0,2,0,0,0,3,0,0,0,2,0,1,0,0,0,0,0,0,2,0,0
NERC11,1983,0,0,3,2,1,0,0,0,0,0,0,0,1,2,0,0,1,0,0,0,1,0,1,0,0,0,0,0,0,1,0,2
NERC11,1984,0,1,0,1,1,1,0,0,0,0,1,0,2,0,0,0,2,0,0,0,0,0,0,0,0,1,0,0,0,0,0,0
NERC11,1985,0,0,1,0,0,2,0,0,0,0,0,0,6,0,0,0,1,2,0,0,0,1,0,0,0,1,0,0,1,0,0,0
NERC11,1986,0,0,4,1,0,0,2,0,0,0,0,0,2,1,0,0,1,0,0,0,1,0,0,0,0,1,0,1,0,0,0,1
NERC11,1987,0,1,0,4,0,0,1,0,0,0,0,0,1,0,0,0,2,1,0,0,1,0,1,0,0,0,0,0,1,1,1,1
NERC11,1988,0,0,1,1,0,2,1,0,2,1,1,0,1,0,0,0,0,0,0,2,0,0,0,1,0,0,0,0,0,0,0,3
NERC11,1989,0,1,0,2,0,1,0,1,0,0,0,0,2,0,0,0,0,1,0,0,1,0,0,0,0,1,1,0,0,2,0,0
NERC11,1990,0,1,0,0,0,1,0,0,0,1,0,0,0,0,0,0,1,0,3,0,0,0,0,2,0,1,1,1,0,0,0,0
NERC11,1991,0,1,1,5,1,1,2,0,0,0,0,0,0,0,0,0,3,1,1,0,0,0,1,0,3,0,0,0,0,1,1,0
NERC11,1992,0,0,0,2,0,0,1,0,0,1,0,0,1,0,0,0,3,0,0,0,1,0,1,0,1,0,0,0,0,0,0,0
NERC11,1993,0,0,1,3,2,2,1,0,0,0,0,0,0,1,0,0,0,2,1,0,0,0,0,0,0,0,0,0,0,0,0,2
NERC11,1994,0,0,1,1,1,1,1,0,0,0,0,0,1,1,0,0,0,0,0,0,0,0,0,0,0,0,0,0,0,3,0,0
NERC11,1995,0,1,0,0,0,0,0,0,1,0,0,0,3,2,0,0,0,1,1,1,0,0,0,0,0,0,0,0,0,0,1,2
NERC11,1996,0,0,5,1,0,0,3,0,2,0,0,0,3,0,0,0,0,0,0,0,2,1,3,0,0,0,0,0,0,0,0,0
NERC11,1997,0,0,0,2,0,0,3,1,0,0,0,1,1,0,0,0,2,0,0,0,0,2,0,0,0,0,0,1,0,2,0,0
NERC11,1998,0,1,0,0,0,0,0,0,0,1,0,0,1,0,0,0,1,2,1,0,0,1,0,0,1,0,0,0,0,0,0,1
NERC11,1999,0,0,1,2,0,0,0,0,1,0,0,0,1,1,0,0,1,1,0,1,0,0,0,0,1,0,1,0,0,0,0,1
NERC11,2000,0,1,1,2,0,0,0,0,0,1,0,0,2,1,1,0,0,0,0,0,0,1,1,0,0,0,0,1,0,0,0,0
NERC11,2001,0,1,0,2,0,0,0,0,0,2,2,0,1,1,0,0,0,1,0,0,0,1,0,0,0,0,0,1,0,1,0,1
NERC11,2002,0,0,3,1,0,0,0,0,0,3,1,0,0,1,0,0,1,1,0,0,1,0,1,0,0,0,2,0,0,0,0,1
NERC11,2003,0,0,1,0,0,0,0,0,0,1,0,2,2,1,0,0,2,0,0,0,0,2,0,0,0,1,0,0,0,0,0,0
NERC11,2004,0,0,2,1,0,0,0,0,1,2,0,0,2,1,0,0,0,0,0,0,1,0,0,0,1,1,1,0,0,0,0,0
NERC11,2005,0,0,0,3,0,0,0,0,0,1,0,1,0,2,1,0,3,0,0,0,0,0,0,0,1,0,2,0,0,0,0,2
NERC11,2006,0,1,0,2,0,0,0,0,1,1,1,0,0,0,1,0,0,0,0,0,0,0,1,1,0,0,0,5,0,0,0,1
NERC11,2007,0,0,0,5,0,0,0,0,0,0,0,1,2,0,0,0,0,0,1,1,0,2,1,0,0,0,0,0,0,0,0,2
NERC11,2008,0,3,2,2,0,0,0,0,2,1,1,2,1,0,0,0,2,1,1,0,0,1,0,1,0,0,1,1,0,0,0,1
NERC11,2009,0,0,1,0,0,0,0,2,2,0,5,0,1,0,0,0,1,0,0,0,0,0,2,0,1,1,0,0,0,0,0,0
NERC11,2010,0,0,0,0,0,0,2,2,2,1,1,1,1,3,0,0,1,0,0,0,0,0,0,0,0,0,2,0,0,0,0,3
NERC11,2011,0,0,0,0,0,0,0,1,1,1,0,1,1,2,0,0,0,0,1,0,0,0,0,1,0,0,2,1,0,0,1,1
NERC11,2012,0,0,0,0,0,0,3,2,0,3,0,0,0,0,0,0,0,0,0,1,0,0,0,0,1,0,1,0,0,0,0,3
NERC11,2013,0,0,0,0,0,0,5,3,1,1,2,1,1,1,0,0,0,1,0,0,0,2,0,0,1,0,0,0,0,1,0,0
NERC11,2014,0,0,0,0,0,0,1,0,2,2,0,0,2,3,0,0,2,2,0,0,0,1,0,0,1,0,1,0,0,0,0,0
NERC11,2015,0,0,0,0,0,0,2,1,1,0,0,1,3,0,0,0,3,0,0,0,0,1,0,0,0,0,1,2,0,0,1,0
NERC11,2016,0,0,0,0,0,1,0,2,1,3,1,0,2,0,0,0,0,0,0,1,0,0,0,0,0,0,0,0,0,1,4,0
NERC11,2017,0,0,0,0,0,0,1,3,0,0,1,0,1,1,0,0,2,1,0,0,0,1,1,0,1,2,0,1,0,0,0,0
NERC11,2018,0,0,0,0,0,1,2,2,0,0,0,0,2,0,0,0,0,0,0,0,4,3,2,0,0,0,2,0,0,1,1,1
NERC11,2019,0,0,0,0,0,0,1,1,1,5,0,0,0,0,0,0,0,0,0,0,2,0,0,2,0,0,1,0,0,1,2,0
NERC11,2020,0,0,0,0,0,1,0,2,0,2,0,0,0,0,0,0,0,0,0,0,2,0,0,0,1,2,0,0,0,2,1,0
NERC11,2021,0,0,0,0,0,0,1,0,0,0,0,1,1,0,1,1,0,0,0,0,1,0,0,0,1,1,0,0,0,1,3,0
NERC11,2022,0,0,0,0,0,1,3,2,1,0,1,1,3,0,1,0,0,0,0,0,2,1,0,1,0,0,0,1,0,0,1,2
NERC11,2023,0,0,0,0,0,1,2,2,0,0,0,0,0,0,0,0,0,0,0,0,0,1,0,0,0,1,1,3,0,0,0,1
NERC11,2024,0,0,0,0,0,0,1,2,0,0,0,0,1,1,0,0,0,0,0,0,0,1,4,0,0,1,1,1,0,0,0,3
NERC12,1980,0,0,0,0,1,2,0,0,1,0,0,0,2,0,0,0,0,0,1,0,0,1,0,1,0,0,2,0,0,0,0,2
NERC12,1981,0,1,0,3,1,1,0,0,1,0,0,0,3,1,0,0,0,1,1,1,0,0,2,0,1,0,1,2,0,0,0,0
NERC12,1982,0,0,2,3,1,0,0,0,0,0,0,0,2,0,0,0,3,0,0,0,1,0,0,0,0,0,1,0,1,0,0,0
NERC12,1983,1,0,3,2,0,0,1,0,0,1,0,0,2,0,0,0,0,1,0,1,0,0,0,1,0,1,1,1,0,0,0,1
NERC12,1984,1,0,0,0,0,1,0,2,1,1,1,0,1,1,1,0,0,0,0,0,2,0,0,1,0,1,0,0,0,1,0,0
NERC12,1985,0,0,2,1,0,0,1,0,1,0,0,0,2,2,0,0,2,1,0,0,0,1,1,0,0,0,0,0,0,0,0,0
NERC12,1986,0,0,1,1,1,1,1,1,0,1,0,0,1,1,0,0,0,1,1,0,1,0,1,0,0,0,1,0,0,0,0,2
NERC12,1987,0,0,2,1,0,2,1,0,0,0,0,1,1,0,1,0,2,0,0,0,0,1,1,0,0,0,1,0,0,0,1,2
NERC12,1988,0,1,1,2,0,0,0,1,1,1,0,0,3,0,0,0,0,1,0,0,0,0,0,0,0,0,0,0,0,0,0,2
NERC12,1989,0,0,3,1,2,1,1,0,0,0,0,0,1,1,0,0,3,2,0,0,0,0,1,1,0,2,1,0,0,0,0,0
NERC12,1990,0,0,1,0,1,0,0,1,0,0,0,0,0,0,0,0,0,1,2,0,0,1,0,0,0,0,1,0,0,0,0,1
NERC12,1991,0,1,1,2,1,0,0,1,0,0,0,0,0,0,1,0,1,0,1,0,0,1,1,0,0,0,0,0,0,0,2,1
NERC12,1992,0,0,2,0,0,0,0,0,0,0,0,0,0,1,0,0,2,0,0,0,0,0,0,0,0,0,0,0,0,1,0,1
NERC12,1993,0,1,1,1,4,0,0,0,0,1,0,0,0,0,1,0,0,2,2,0,0,0,1,1,0,0,0,1,0,0,0,1
NERC12,1994,0,2,1,0,0,0,1,0,0,1,0,0,1,1,0,0,0,0,0,0,1,2,0,0,2,0,0,0,0,1,1,0
NERC12,1995,0,0,1,1,0,1,0,0,2,0,0,1,1,1,0,0,1,0,1,0,0,0,0,1,0,0,0,1,0,0,1,0
NERC12,1996,0,0,1,4,0,2,0,0,0,1,0,1,3,1,0,0,1,2,0,0,0,0,1,1,0,0,0,0,0,1,0,0
NERC12,1997,0,0,0,3,0,0,0,0,1,1,1,1,1,0,0,0,0,1,0,0,0,1,0,0,1,0,1,0,0,0,1,0
NERC12,1998,1,1,0,2,0,0,0,0,0,1,1,0,0,0,0,0,2,2,0,0,0,0,0,0,0,0,0,0,0,0,0,3
NERC12,1999,0,0,2,1,0,0,0,0,1,0,3,0,0,2,0,0,0,0,0,3,1,1,0,0,0,0,0,3,0,0,0,1
NERC12,2000,0,0,0,0,0,0,0,0,0,1,0,0,3,0,1,0,1,0,0,0,0,1,0,1,2,0,1,0,0,0,0,0
NERC12,2001,0,0,2,1,0,0,0,0,0,0,3,0,1,1,0,0,0,0,0,0,2,0,0,0,0,0,0,0,0,0,0,1
NERC12,2002,0,1,1,2,0,0,0,0,0,1,0,1,1,1,0,0,0,0,0,0,1,0,0,2,0,0,1,0,0,0,1,1
NERC12,2003,0,1,2,4,0,0,0,0,0,0,1,0,2,1,0,0,3,1,0,0,0,1,0,0,0,1,0,0,0,1,0,0
NERC12,2004,1,0,3,2,0,0,0,0,0,1,1,0,3,0,0,0,2,0,0,0,1,1,0,0,0,0,2,0,0,0,0,0
NERC12,2005,0,0,0,7,0,0,0,0,1,0,2,0,1,0,2,0,1,1,0,0,2,1,1,0,0,0,1,1,0,1,1,0
NERC12,2006,0,1,0,2,0,0,0,0,0,2,0,1,0,0,0,0,2,1,1,0,0,3,0,0,0,1,0,0,0,0,0,1
NERC12,2007,0,0,0,3,0,1,0,3,0,1,0,1,1,1,0,0,1,0,0,1,1,0,1,0,0,0,0,1,0,0,0,2
NERC12,2008,0,0,0,0,1,1,1,3,1,2,1,0,0,0,1,0,1,1,0,1,1,0,0,0,0,1,1,1,0,0,0,1
NERC12,2009,0,0,0,0,0,2,1,0,2,2,1,0,1,1,0,0,1,0,1,0,0,0,1,0,0,1,0,0,1,0,0,0
NERC12,2010,0,0,0,0,0,0,0,0,1,1,0,1,5,0,1,0,0,1,1,0,0,0,0,2,0,0,1,0,0,0,0,3
NERC12,2011,0,0,0,0,0,0,0,0,0,0,0,2,1,1,1,0,0,2,0,0,0,1,2,1,0,0,0,0,0,1,0,1
NERC12,2012,0,0,0,0,0,0,0,1,1,1,1,0,0,0,0,0,2,0,0,0,0,0,0,0,0,0,0,0,0,1,0,2
NERC12,2013,0,0,0,0,0,2,4,2,0,1,3,0,1,0,0,0,1,0,0,0,2,0,0,0,1,1,0,0,0,1,0,0
NERC12,2014,0,0,0,0,0,1,1,4,2,1,1,1,2,2,0,0,1,2,1,0,0,0,0,0,0,1,2,0,0,0,0,0
NERC12,2015,0,0,0,0,1,1,0,1,2,1,0,1,2,1,0,0,0,0,0,0,1,1,1,0,0,0,2,1,0,0,0,1
NERC12,2016,0,0,0,0,0,1,0,3,0,1,2,0,2,0,1,0,0,0,0,0,0,1,0,0,0,0,2,0,0,0,0,3
NERC12,2017,0,0,0,0,0,1,1,1,0,1,0,1,1,2,0,0,0,0,0,0,2,1,0,0,2,0,0,0,0,2,2,0
NERC12,2018,0,0,0,0,0,1,1,2,0,0,1,0,2,0,0,0,0,0,0,0,1,0,0,0,2,1,0,0,2,1,3,0
NERC12,2019,0,0,0,0,0,0,1,3,1,1,1,0,1,0,0,0,0,0,0,0,1,0,0,0,0,1,1,0,0,0,2,1
NERC12,2020,0,0,0,0,0,0,1,0,0,1,0,0,0,1,0,0,0,0,0,0,5,0,0,0,0,0,2,0,1,1,0,1
NERC12,2021,0,0,0,0,0,0,1,0,0,1,2,0,0,1,0,0,0,0,0,0,0,1,0,0,1,3,1,0,0,1,1,0
NERC12,2022,0,0,0,0,0,2,3,0,0,1,1,1,2,1,0,0,0,0,0,0,0,0,0,0,1,1,0,0,0,0,2,1
NERC12,2023,0,0,0,0,0,1,1,1,0,0,1,0,0,0,0,0,0,0,0,0,0,0,1,0,0,1,1,4,0,0,1,0
NERC12,2024,0,0,0,0,0,2,0,1,1,1,0,0,0,0,1,0,0,0,0,0,0,0,0,1,0,1,1,1,0,0,0,3
NERC15,1980,0,1,1,3,1,1,0,1,0,0,0,1,1,2,0,0,1,0,1,0,0,0,0,0,0,0,1,0,0,0,0,2
NERC15,1981,1,0,0,3,0,2,2,0,1,1,0,0,2,0,0,0,2,3,1,0,0,0,0,0,0,1,0,0,0,0,0,1
NERC15,1982,0,1,2,0,0,1,2,0,0,0,0,0,2,1,0,0,3,1,0,0,0,0,0,0,0,0,0,0,0,0,0,1
NERC15,1983,0,1,2,1,0,0,0,0,0,0,0,0,3,0,0,0,0,0,0,0,0,1,2,1,0,0,3,0,0,0,1,0
NERC15,1984,0,0,0,2,1,2,0,0,0,1,1,0,2,0,0,0,2,0,1,0,1,1,0,0,0,1,0,1,0,1,0,0
NERC15,1985,0,0,2,1,1,0,0,0,1,2,0,0,1,2,0,0,3,0,0,0,0,1,1,0,0,0,0,0,0,0,1,0
NERC15,1986,0,0,3,1,1,1,0,0,1,1,0,0,1,1,0,0,2,1,0,0,2,0,0,0,1,1,0,1,0,0,0,0
NERC15,1987,1,2,0,3,0,1,0,1,0,0,0,0,2,0,0,0,2,1,0,1,0,0,1,0,0,0,0,1,0,0,1,1
NERC15,1988,0,0,4,1,0,1,0,0,2,0,1,0,1,0,0,0,0,0,0,1,0,0,0,0,0,0,0,0,0,0,1,3
NERC15,1989,0,1,1,2,1,0,3,0,0,2,0,0,1,1,0,0,1,1,2,0,1,0,0,0,1,0,0,1,0,0,2,0
NERC15,1990,0,1,0,2,0,0,0,0,0,0,0,0,1,0,0,0,2,2,0,1,1,0,1,0,0,0,0,0,0,0,1,0
NERC15,1991,0,1,1,1,1,1,0,0,0,0,0,0,0,0,0,0,1,4,1,1,0,0,1,1,0,0,1,1,0,0,0,1
NERC15,1992,0,0,3,1,0,1,0,1,0,0,0,0,0,2,1,0,1,1,0,0,0,1,0,0,0,0,0,0,0,0,0,0
NERC15,1993,0,0,0,0,0,0,0,1,2,1,0,0,3,0,0,0,0,2,1,1,0,0,1,0,0,2,0,1,0,0,0,1
NERC15,1994,2,0,2,0,0,0,0,0,2,0,1,0,3,0,0,0,2,1,0,0,0,0,0,0,0,0,2,0,0,0,2,1
NERC15,1995,0,0,3,2,0,0,0,0,0,1,1,0,1,0,1,1,1,0,1,0,1,0,0,0,0,0,1,1,0,0,2,0
NERC15,1996,1,0,0,3,0,0,0,0,1,0,0,0,2,1,0,0,2,1,0,0,1,1,0,0,0,0,0,0,0,0,0,0
NERC15,1997,0,0,1,4,0,0,0,0,0,0,0,0,1,0,1,0,1,1,1,1,0,0,0,0,0,0,0,1,0,0,0,0
NERC15,1998,0,0,2,1,0,0,0,0,0,0,0,2,0,0,0,0,2,1,0,0,0,1,0,0,1,0,3,0,0,0,0,0
NERC15,1999,0,2,2,1,0,0,0,0,0,0,3,0,0,1,0,0,0,1,0,1,0,1,0,0,0,0,1,2,1,0,0,2
NERC15,2000,0,0,0,2,0,0,0,0,0,1,0,1,2,2,0,0,2,1,1,0,0,0,0,0,2,1,0,0,0,0,0,0
NERC15,2001,0,0,2,2,0,0,0,0,0,0,2,0,0,1,0,1,2,0,1,1,0,0,0,0,0,0,0,0,0,0,0,1
NERC15,2002,0,1,2,2,0,0,0,0,0,0,0,0,0,0,0,0,1,1,0,1,0,1,1,0,0,0,0,1,0,0,0,2
NERC15,2003,1,1,1,1,0,0,0,0,0,1,0,0,2,0,0,0,2,1,1,1,1,0,0,0,0,0,0,0,0,0,1,1
NERC15,2004,0,1,0,0,1,0,0,1,0,2,0,1,2,0,0,0,2,1,0,0,0,1,0,0,0,1,0,0,0,0,0,0
NERC15,2005,0,0,0,0,0,0,0,1,0,2,3,0,1,0,1,0,0,0,1,0,1,0,0,0,1,0,0,1,0,1,2,1
NERC15,2006,0,0,0,0,0,0,0,2,1,0,1,0,0,0,1,0,0,0,0,0,0,1,1,0,0,1,0,0,1,0,0,2
NERC15,2007,0,0,0,0,0,0,3,1,2,1,0,1,1,0,0,0,0,0,0,0,1,0,3,1,0,0,0,0,0,0,1,0
NERC15,2008,0,0,0,0,1,2,0,2,1,1,1,2,0,0,0,0,0,0,0,0,2,2,0,0,1,0,1,1,0,0,0,1
NERC15,2009,0,0,0,0,1,0,3,4,1,1,1,0,3,0,0,0,0,0,0,0,0,0,0,0,0,0,1,0,1,0,1,0
NERC15,2010,0,0,0,0,0,0,1,1,0,1,3,0,0,2,0,1,0,0,0,0,0,1,1,3,0,1,1,0,0,0,0,1
NERC15,2011,0,0,0,0,0,2,0,1,0,1,0,1,3,2,0,0,0,0,0,0,4,2,2,1,0,0,1,1,0,0,0,1
NERC15,2012,0,0,0,0,0,1,0,1,0,1,0,0,0,0,0,1,0,0,0,0,0,2,0,0,0,2,1,2,0,1,0,2
NERC15,2013,0,0,0,0,0,1,1,2,1,1,1,1,1,0,0,0,0,0,0,0,2,0,1,0,0,1,0,0,1,0,0,2
NERC15,2014,0,0,0,0,0,1,0,2,1,0,0,0,6,0,0,0,0,0,0,0,1,1,0,0,1,3,1,0,0,0,0,0
NERC15,2015,0,0,0,0,0,0,0,2,1,0,1,0,4,1,0,0,0,0,0,0,2,0,0,0,0,2,2,1,0,0,1,0
NERC15,2016,0,0,0,0,0,0,0,3,0,2,0,1,1,0,0,0,0,0,0,0,1,0,0,0,0,1,0,0,0,1,2,2
NERC15,2017,0,0,0,0,0,0,2,1,0,2,1,1,0,1,0,0,0,0,0,0,3,2,0,0,1,4,0,1,0,0,1,0
NERC15,2018,0,0,0,0,0,1,1,4,0,1,0,0,1,0,0,0,0,0,0,0,1,0,0,0,0,0,1,1,0,1,1,3
NERC15,2019,0,0,0,0,0,0,2,1,0,2,0,0,2,0,1,0,0,0,0,0,1,2,0,0,1,0,0,0,0,1,3,1
NERC15,2020,0,0,0,0,0,1,1,2,0,0,2,0,0,0,0,0,0,0,0,0,2,2,0,0,0,2,1,0,0,0,1,2
NERC15,2021,0,0,0,0,0,0,3,0,0,1,2,0,0,1,0,0,0,0,0,0,0,0,1,0,0,0,1,0,0,0,1,4
NERC15,2022,0,0,0,0,0,1,1,1,1,2,0,0,1,3,0,0,0,0,0,0,2,1,1,0,0,1,3,1,0,0,1,2
NERC15,2023,0,0,0,0,0,0,0,0,1,0,0,0,0,0,0,0,0,0,0,0,1,1,0,0,1,0,0,1,0,1,0,2
NERC15,2024,0,0,0,0,0,0,1,0,0,2,0,0,0,0,0,0,0,0,0,0,0,1,1,0,1,1,0,0,0,0,0,3
NERC17,1980,0,0,1,1,0,1,0,0,1,1,1,0,1,1,0,0,0,2,0,0,0,1,1,1,0,0,0,1,0,0,1,1
NERC17,1981,0,0,0,0,0,0,0,0,0,1,0,0,2,0,0,0,1,1,0,0,0,2,1,0,0,0,0,0,0,0,0,1
NERC17,1982,0,0,3,1,0,2,0,0,0,0,0,0,3,0,0,0,3,2,0,0,0,0,1,0,0,0,0,0,0,0,1,0
NERC17,1983,0,0,0,0,0,0,0,1,0,1,1,0,1,0,0,0,0,0,2,0,0,0,1,1,0,0,2,0,0,0,0,2
NERC17,1984,0,0,0,0,0,1,0,0,1,1,1,0,1,0,0,0,1,4,1,0,1,0,0,0,0,0,1,0,0,0,1,0
NERC17,1985,0,0,0,0,0,0,0,0,0,0,0,0,3,1,0,0,0,3,1,0,0,0,0,0,0,0,0,0,0,0,1,0
NERC17,1986,1,0,1,1,0,0,0,0,2,2,0,0,1,0,0,0,4,0,0,0,2,0,0,0,0,0,0,1,0,0,1,1
NERC17,1987,0,0,1,1,0,1,0,0,0,0,0,0,1,1,0,0,1,0,0,0,0,0,0,0,1,1,1,1,0,0,2,1
NERC17,1988,0,1,1,0,0,0,1,1,0,2,0,0,2,0,0,0,0,0,0,1,0,0,0,0,0,0,0,1,0,0,0,4
NERC17,1989,0,0,2,3,0,1,0,1,0,1,0,1,1,1,0,0,1,0,0,1,3,0,2,0,0,0,0,1,0,0,1,0
NERC17,1990,0,0,0,1,0,0,0,0,0,1,1,0,0,0,0,0,0,1,0,2,1,2,0,0,0,0,1,1,0,0,0,0
NERC17,1991,0,0,1,2,0,1,0,1,0,0,0,0,1,0,0,0,1,1,1,1,0,0,0,2,0,0,0,1,0,0,1,1
NERC17,1992,0,0,1,1,0,0,0,0,0,0,1,2,1,0,0,0,0,1,1,0,0,0,0,0,0,0,0,0,0,1,0,0
NERC17,1993,1,1,1,1,0,1,0,1,1,0,0,0,1,1,0,0,3,0,0,0,0,1,0,0,0,1,0,2,0,0,0,1
NERC17,1994,0,1,1,1,0,0,0,0,2,1,0,0,2,0,0,0,1,0,0,0,0,1,0,0,0,0,1,0,0,0,1,1
NERC17,1995,0,0,1,1,0,0,0,3,0,2,0,0,1,0,1,0,1,0,1,0,1,0,0,0,0,0,0,0,0,0,1,2
NERC17,1996,0,1,2,2,0,0,2,0,1,1,0,0,2,0,0,0,0,2,1,0,0,1,0,0,1,1,1,0,0,0,0,0
NERC17,1997,0,0,0,3,0,1,0,0,0,0,0,0,1,0,0,0,1,1,0,1,0,0,2,0,0,0,0,0,0,0,0,1
NERC17,1998,0,0,1,0,0,0,1,0,0,0,1,0,0,0,0,0,2,0,0,0,0,1,1,0,0,0,0,1,1,0,0,1
NERC17,1999,0,0,2,2,0,1,1,0,0,0,1,0,1,0,0,0,0,1,1,0,0,0,0,0,0,0,2,0,0,0,0,2
NERC17,2000,0,1,3,1,0,1,0,0,0,0,0,1,2,0,0,0,3,0,0,0,2,0,1,0,1,2,0,0,1,0,0,0
NERC17,2001,0,0,2,3,0,0,1,0,0,0,1,0,0,2,0,0,2,0,0,0,0,3,0,1,0,1,0,1,0,0,0,0
NERC17,2002,0,0,3,2,0,0,1,0,0,0,1,0,0,0,0,0,0,2,0,1,0,0,1,0,0,0,1,1,0,0,0,3
NERC17,2003,1,0,0,1,0,1,0,0,0,1,0,0,1,1,0,0,1,1,1,1,0,0,0,0,1,1,0,0,0,0,1,0
NERC17,2004,0,1,1,0,1,0,0,0,0,1,0,0,3,1,0,0,1,0,1,0,1,1,0,0,1,2,0,0,0,0,0,0
NERC17,2005,0,0,1,0,1,1,1,2,0,0,0,0,1,1,1,0,1,0,0,0,0,1,0,1,0,0,0,1,0,1,2,1
NERC17,2006,0,0,1,3,0,0,0,0,0,1,0,0,0,0,0,0,2,1,1,0,0,1,1,0,1,0,0,0,0,0,0,2
NERC17,2007,0,1,0,5,0,0,0,0,0,1,0,0,2,0,0,0,2,1,1,1,1,0,2,1,0,0,0,1,0,0,0,0
NERC17,2008,0,1,1,0,0,2,0,2,1,1,0,1,1,1,0,0,1,2,0,0,0,1,0,0,1,1,1,0,0,0,1,0
NERC17,2009,0,0,0,0,0,2,3,3,2,0,0,0,2,0,0,0,0,1,0,0,0,0,1,0,1,0,0,0,0,0,1,0
NERC17,2010,0,0,0,0,0,0,2,2,0,0,0,0,2,2,0,0,1,2,1,0,1,0,1,1,0,0,0,2,0,0,1,2
NERC17,2011,0,0,0,0,0,1,0,1,1,0,0,0,2,1,0,0,2,0,0,1,0,1,1,1,0,0,1,0,0,0,0,2
NERC17,2012,0,0,0,0,0,0,1,0,0,0,3,0,0,0,0,0,0,0,1,0,1,0,0,3,0,0,0,1,1,0,0,2
NERC17,2013,0,0,0,0,0,0,1,2,0,2,5,1,1,1,0,0,0,0,0,0,3,2,1,0,0,0,0,0,0,2,0,1
NERC17,2014,0,0,0,0,1,1,1,0,0,0,1,1,4,0,0,0,0,0,0,0,3,1,2,0,0,2,0,0,0,0,0,0
NERC17,2015,0,0,0,0,0,0,0,0,1,1,0,0,3,0,0,0,0,0,0,0,0,1,0,0,0,1,2,0,1,1,1,0
NERC17,2016,0,0,0,0,0,1,0,1,0,3,0,0,1,1,0,0,0,0,0,0,1,2,0,0,0,1,1,0,0,2,1,1
NERC17,2017,0,0,0,0,0,0,1,3,0,1,0,1,1,0,0,0,0,0,0,0,1,1,0,0,2,2,1,0,0,0,1,0
NERC17,2018,0,0,0,0,0,0,3,0,0,0,0,1,1,1,0,0,0,0,0,0,2,0,0,0,3,0,2,1,0,0,2,1
NERC17,2019,0,0,0,0,0,0,0,3,1,1,2,0,1,0,0,0,0,0,0,0,1,0,1,0,1,1,2,0,0,1,1,1
NERC17,2020,0,0,0,0,0,1,0,1,0,0,1,0,0,0,0,0,0,0,0,0,2,0,0,0,2,1,3,0,0,0,1,1
NERC17,2021,0,0,0,0,0,0,0,1,0,0,1,0,1,0,0,0,0,0,0,0,0,0,0,0,0,2,0,0,0,1,2,4
NERC17,2022,0,0,0,0,0,1,0,2,1,2,1,0,1,1,0,0,0,0,0,0,0,1,0,0,2,1,3,0,0,0,1,2
NERC17,2023,0,0,0,0,0,0,0,0,0,1,0,0,0,0,0,0,0,0,0,0,1,1,0,0,1,2,0,2,0,1,1,1
NERC17,2024,0,0,0,0,0,0,1,1,0,0,0,0,1,0,0,0,0,0,0,0,2,1,0,0,1,1,0,0,0,0,0,4
NERC18,1980,0,1,0,2,0,2,2,0,0,1,0,0,0,1,1,0,2,1,2,0,0,1,1,1,0,0,1,1,0,0,0,1
NERC18,1981,0,0,0,2,0,1,1,1,1,2,1,0,0,0,0,0,0,2,0,0,0,0,0,1,0,1,0,1,0,1,0,0
NERC18,1982,0,0,0,2,0,0,0,0,1,1,0,0,2,0,0,0,1,1,0,0,1,0,0,0,0,3,1,0,0,0,0,0
NERC18,1983,0,0,0,1,0,1,0,0,0,1,1,1,1,0,0,0,1,0,0,1,0,1,0,0,0,0,2,1,0,1,1,3
NERC18,1984,0,0,1,0,0,0,0,1,1,0,0,0,1,0,1,0,1,2,1,0,1,0,0,1,0,0,0,0,0,0,1,0
NERC18,1985,1,0,2,1,0,1,0,0,2,0,0,0,3,0,0,0,1,0,1,1,0,0,0,0,0,0,0,0,0,0,1,0
NERC18,1986,0,0,2,1,0,0,0,0,2,0,1,0,1,0,0,0,1,1,0,0,0,2,1,0,0,2,1,0,0,0,0,0
NERC18,1987,0,0,0,0,0,0,0,0,0,1,0,0,0,0,0,0,1,0,0,0,0,0,0,2,0,0,0,0,0,0,2,1
NERC18,1988,1,0,3,1,0,0,1,0,0,0,0,1,3,0,0,0,0,0,1,2,0,0,0,1,1,0,0,4,0,0,0,1
NERC18,1989,0,0,1,4,0,1,1,0,0,1,0,0,2,1,0,0,1,1,1,1,0,0,0,0,0,0,0,2,0,0,0,1
NERC18,1990,0,0,1,2,1,0,0,0,0,0,0,0,1,0,0,0,3,1,0,0,0,1,1,1,1,1,0,1,0,0,0,0
NERC18,1991,0,0,3,3,0,0,1,0,0,0,0,0,2,1,0,0,6,1,0,0,2,0,0,0,0,0,0,0,1,0,2,1
NERC18,1992,0,0,0,2,0,0,0,0,0,1,0,0,0,1,0,0,0,0,1,0,0,0,0,0,0,0,0,0,0,0,0,0
NERC18,1993,1,2,1,0,0,0,0,0,0,0,1,0,2,2,1,0,1,0,0,0,3,0,0,0,2,1,0,0,1,0,0,0
NERC18,1994,0,0,0,0,0,0,1,0,0,1,0,0,2,1,0,0,0,0,1,0,0,1,1,0,0,0,1,0,0,0,1,0
NERC18,1995,0,0,2,0,0,0,1,0,0,2,1,1,0,1,0,0,1,1,1,0,0,0,0,0,1,0,1,0,0,1,2,1
NERC18,1996,0,1,1,0,0,0,0,2,1,3,0,0,1,1,0,0,2,0,0,0,0,1,0,0,0,0,2,0,0,0,0,0
NERC18,1997,0,0,2,1,1,1,1,1,1,0,0,0,1,0,0,0,0,0,1,0,0,0,1,0,0,1,0,1,0,1,0,1
NERC18,1998,0,0,0,1,0,0,2,0,0,0,1,0,0,1,0,0,0,1,0,0,0,0,0,0,0,0,1,1,0,2,0,0
NERC18,1999,0,0,0,0,0,0,0,0,0,0,1,0,1,0,0,0,2,0,1,0,0,2,0,0,0,0,1,1,0,1,0,1
NERC18,2000,0,1,1,3,0,0,0,0,0,0,0,0,1,0,1,0,0,1,1,0,0,0,2,0,0,0,0,0,0,0,1,0
NERC18,2001,1,0,3,4,1,2,0,2,1,0,0,0,1,0,0,0,0,0,1,0,0,0,0,0,0,1,1,0,0,1,0,2
NERC18,2002,0,1,0,1,0,0,0,1,0,0,0,0,0,0,0,0,0,1,1,0,2,0,0,1,0,0,0,1,0,0,1,2
NERC18,2003,0,1,2,0,0,0,0,1,0,1,1,1,0,2,0,0,0,0,0,1,0,1,0,2,0,0,0,1,0,0,0,1
NERC18,2004,0,1,1,0,0,0,1,0,1,2,1,0,0,1,0,0,0,2,0,0,0,0,2,0,0,1,0,0,0,0,0,0
NERC18,2005,0,0,1,0,0,0,0,0,0,1,1,0,1,0,0,1,2,0,0,0,0,0,0,0,0,0,0,3,0,0,0,3
NERC18,2006,0,0,0,0,0,0,0,0,1,0,0,0,0,0,0,0,0,1,0,1,0,1,2,0,0,0,0,1,0,0,0,1
NERC18,2007,0,0,1,2,0,0,0,0,0,1,1,0,1,0,1,0,1,2,1,1,0,1,2,1,0,1,0,2,0,0,0,1
NERC18,2008,0,1,0,2,0,1,1,0,1,1,0,0,4,0,0,0,1,1,0,0,0,2,0,0,0,0,0,0,1,1,0,0
NERC18,2009,0,0,2,2,0,0,1,1,0,2,1,0,2,0,0,0,1,0,0,0,0,2,0,0,0,0,0,0,0,0,0,1
NERC18,2010,0,0,0,0,0,0,0,2,0,2,0,1,1,1,0,1,2,1,1,0,2,0,0,0,0,1,0,0,2,2,1,0
NERC18,2011,0,0,0,0,0,1,1,1,1,1,2,0,1,0,0,0,1,0,1,1,1,1,1,1,0,1,0,0,0,0,0,1
NERC18,2012,0,0,0,0,0,0,0,3,0,0,2,0,0,0,0,0,1,1,0,1,0,0,1,0,0,0,0,0,0,0,0,3
NERC18,2013,0,0,0,0,1,1,2,2,2,1,0,1,0,1,0,0,0,0,1,0,0,0,1,0,0,1,0,0,1,0,1,1
NERC18,2014,0,0,0,0,0,0,2,2,0,0,1,0,4,0,0,0,3,1,1,0,2,0,0,0,1,0,0,0,0,1,0,0
NERC18,2015,0,0,0,0,1,0,0,0,0,1,0,0,2,1,0,0,1,0,0,0,1,1,0,0,1,0,2,0,0,1,1,0
NERC18,2016,0,0,0,0,0,0,0,2,1,1,0,0,2,0,0,0,0,0,0,0,2,3,0,0,1,3,1,0,0,0,1,1
NERC18,2017,0,0,0,0,0,0,1,1,0,1,0,0,1,1,0,0,0,0,0,0,1,1,2,0,0,0,0,0,1,0,1,0
NERC18,2018,0,0,0,0,0,0,1,1,0,0,0,0,0,3,0,0,0,0,0,0,2,0,0,0,0,1,3,1,1,0,2,1
NERC18,2019,0,0,0,0,1,1,1,2,0,2,1,0,2,0,0,0,0,0,0,0,2,0,0,0,3,0,0,0,1,1,0,1
NERC18,2020,0,0,0,0,0,0,0,3,1,1,0,0,0,1,0,0,0,0,0,0,2,2,0,0,0,0,3,0,0,0,1,1
NERC18,2021,0,0,0,0,0,0,2,2,0,0,0,0,1,0,0,0,0,0,0,0,1,0,3,0,1,0,3,2,1,0,0,2
NERC18,2022,0,0,0,0,0,1,0,1,0,3,3,0,3,0,0,0,0,0,0,0,0,1,0,1,0,1,1,2,0,1,0,1
NERC18,2023,0,0,0,0,0,1,0,2,0,0,0,0,1,0,0,0,0,0,0,0,0,1,0,1,0,0,0,2,2,1,1,1
NERC18,2024,0,0,0,0,0,0,0,1,0,0,0,0,1,0,0,0,0,0,0,0,2,0,0,0,1,2,0,0,0,1,2,1
NERC2,1980,0,0,1,2,0,0,0,2,2,0,0,0,0,0,0,0,1,0,2,0,0,0,0,0,0,0,1,1,0,0,0,1
NERC2,1981,0,0,0,1,1,0,2,2,0,0,0,0,0,0,0,0,1,0,1,0,0,0,1,0,0,0,0,2,0,0,0,1
NERC2,1982,0,0,2,2,2,1,0,0,1,2,0,0,1,1,0,0,2,1,0,1,0,1,1,0,0,0,0,1,0,0,0,1
NERC2,1983,0,3,1,2,0,1,0,2,0,0,2,0,0,0,0,0,0,0,0,0,0,0,0,1,1,0,0,0,1,0,1,2
NERC2,1984,0,2,0,0,0,0,1,0,0,0,1,1,1,1,0,0,0,2,1,1,0,0,0,1,1,0,0,0,0,0,0,3
NERC2,1985,0,1,0,2,0,1,0,0,1,1,1,0,3,0,0,1,0,1,0,0,0,2,1,1,0,0,0,0,0,0,0,1
NERC2,1986,0,0,0,1,0,0,0,0,0,0,0,1,1,0,0,0,3,0,0,0,1,0,0,0,0,2,0,0,0,0,0,0
NERC2,1987,0,0,1,0,0,0,0,0,0,0,0,0,4,2,0,0,1,1,0,0,0,0,0,0,0,0,1,0,0,0,1,1
NERC2,1988,1,0,1,2,0,1,1,0,1,0,0,0,1,0,1,0,0,1,0,0,0,0,0,0,0,0,0,0,0,0,0,2
NERC2,1989,0,1,1,1,0,1,0,0,1,0,0,1,2,0,1,0,2,2,0,0,0,0,0,1,0,0,0,1,0,0,0,0
NERC2,1990,0,0,0,1,0,1,0,0,1,1,0,0,2,2,0,0,1,0,2,0,0,0,0,0,0,1,1,1,0,0,0,1
NERC2,1991,0,0,2,1,0,0,1,1,0,2,1,0,0,0,1,0,0,0,0,0,2,2,1,0,0,1,2,0,0,0,0,0
NERC2,1992,0,0,1,2,0,0,1,0,0,0,1,0,1,0,0,0,1,1,0,0,2,0,0,0,0,2,1,0,0,0,0,1
NERC2,1993,0,1,1,3,0,0,1,1,1,0,0,0,0,1,0,0,1,0,0,0,1,0,1,0,0,0,1,0,0,0,0,1
NERC2,1994,0,0,2,1,0,2,1,0,0,1,1,0,1,1,1,0,1,1,0,0,0,0,1,0,0,0,1,0,0,0,0,1
NERC2,1995,0,0,0,0,0,0,0,0,0,2,0,1,0,0,1,0,1,1,0,0,0,2,1,0,2,0,0,0,0,1,0,1
NERC2,1996,0,0,0,0,0,0,0,0,0,1,0,0,1,0,0,0,1,1,0,0,0,0,1,0,0,0,1,2,0,0,0,2
NERC2,1997,0,1,1,3,0,0,0,1,1,0,1,0,0,1,0,0,2,0,0,0,2,1,0,0,0,1,0,0,0,0,0,1
NERC2,1998,0,1,2,2,0,0,0,0,0,2,1,0,2,0,0,0,0,0,0,0,1,0,1,0,0,0,1,1,0,0,0,2
NERC2,1999,0,0,2,2,1,0,0,0,0,1,0,0,1,1,0,0,0,0,0,0,0,0,0,0,0,0,1,0,0,0,1,0
NERC2,2000,0,0,2,2,0,1,0,0,0,0,0,0,0,1,0,0,0,0,0,1,2,1,1,0,0,0,2,0,0,0,1,0
NERC2,2001,0,1,4,0,0,1,0,0,0,1,1,1,2,1,0,0,0,0,0,0,0,1,2,0,0,2,0,1,0,0,0,0
NERC2,2002,0,1,0,1,1,0,0,0,0,0,0,1,2,2,0,0,0,0,0,0,0,0,0,0,0,0,1,3,0,0,0,0
NERC2,2003,0,0,1,1,0,0,0,1,0,0,3,0,1,0,0,0,1,1,0,0,0,1,1,0,3,2,0,0,0,0,0,1
NERC2,2004,0,0,1,3,0,0,1,3,1,0,0,0,0,1,0,0,0,1,0,0,2,0,0,0,0,0,1,0,0,0,1,0
NERC2,2005,0,0,2,2,0,0,1,1,0,0,1,0,0,0,0,0,0,0,0,0,0,0,0,0,0,0,1,0,0,1,0,1
NERC2,2006,0,2,0,0,1,0,0,0,1,1,2,0,2,0,0,0,1,2,0,0,1,3,0,0,0,0,0,0,0,0,0,2
NERC2,2007,0,3,1,0,1,0,1,0,1,0,0,0,1,0,1,0,1,1,0,0,0,1,0,0,1,0,0,1,0,0,0,1
NERC2,2008,0,0,1,2,1,0,2,0,0,2,0,0,1,0,1,0,1,1,0,0,2,0,0,0,0,1,2,2,0,0,0,0
NERC2,2009,0,0,0,0,0,0,1,2,1,2,0,0,2,1,0,0,0,0,2,0,0,1,1,0,0,0,1,0,0,0,0,2
NERC2,2010,0,0,0,0,1,0,1,2,0,0,1,1,1,0,0,0,1,0,0,0,0,1,0,1,0,0,1,0,0,0,0,1
NERC2,2011,0,0,0,0,0,1,1,3,0,2,0,1,2,0,1,0,4,0,0,0,0,0,1,0,0,0,0,0,0,0,2,0
NERC2,2012,0,0,0,0,2,0,1,1,2,2,0,0,2,0,0,0,2,0,0,0,2,1,0,0,0,0,2,0,0,0,0,1
NERC2,2013,0,0,0,0,0,1,0,0,1,0,2,0,4,0,0,0,1,0,0,0,0,1,0,0,0,0,0,0,1,1,0,1
NERC2,2014,0,0,0,0,0,0,0,0,0,0,0,0,1,1,0,0,0,1,0,0,1,2,0,0,1,0,0,0,0,0,2,0
NERC2,2015,0,0,0,0,0,0,0,0,2,0,0,0,1,1,0,0,0,0,1,0,1,0,0,0,0,2,0,0,1,0,3,1
NERC2,2016,0,0,0,0,0,0,2,2,3,1,0,0,0,0,0,0,1,1,0,0,0,1,1,0,0,1,1,1,0,0,1,0
NERC2,2017,0,0,0,0,0,0,0,2,1,0,0,0,0,2,0,0,3,1,0,0,0,1,0,0,0,0,1,0,0,0,1,3
NERC2,2018,0,0,0,0,0,2,1,2,0,0,0,0,1,0,1,0,0,0,1,0,0,0,0,0,0,1,0,0,0,0,0,1
NERC2,2019,0,0,0,0,0,0,0,1,0,2,1,1,2,0,1,0,0,0,0,0,0,1,1,1,1,1,0,0,0,1,1,0
NERC2,2020,0,0,0,0,0,0,2,3,1,1,0,1,0,0,0,0,1,1,0,0,1,1,0,1,0,1,0,1,0,0,0,2
NERC2,2021,0,0,0,0,0,0,1,1,1,0,1,0,1,1,0,0,0,0,0,0,0,1,0,0,0,2,1,1,0,0,2,2
NERC2,2022,0,0,0,0,0,0,1,2,0,2,0,1,1,1,0,0,1,1,0,0,0,1,0,0,1,0,0,0,1,0,2,1
NERC2,2023,0,0,0,0,1,0,0,1,0,1,0,0,2,2,0,0,1,0,1,0,2,0,1,0,0,0,1,0,0,0,1,1
NERC2,2024,0,0,0,0,0,0,1,0,0,1,0,0,0,1,1,0,1,1,0,0,0,1,0,0,0,0,0,0,0,0,1,4
NERC20,1980,0,0,1,0,1,0,0,0,2,1,0,1,1,0,0,0,1,3,0,0,1,0,0,2,0,0,2,0,0,0,0,2
NERC20,1981,0,0,1,1,0,0,1,1,2,2,0,0,1,0,0,0,2,1,0,0,1,2,1,0,1,0,1,0,0,0,0,0
NERC20,1982,0,0,2,1,0,0,0,1,1,0,1,0,2,0,0,0,1,0,0,0,1,0,0,0,0,1,1,0,0,0,1,0
NERC20,1983,0,0,1,0,0,1,0,0,0,0,1,0,1,0,0,0,0,1,1,0,0,0,0,0,0,0,1,1,0,0,1,2
NERC20,1984,0,1,1,0,0,0,0,0,1,0,0,0,1,0,2,0,1,0,1,0,1,0,0,0,1,0,1,0,0,0,0,0
NERC20,1985,0,0,0,1,1,0,1,0,0,1,1,0,4,0,0,0,1,2,0,0,1,0,1,0,0,0,0,0,0,0,1,0
NERC20,1986,0,0,1,2,1,0,1,0,1,0,0,1,1,0,0,0,1,1,0,0,1,0,0,0,1,1,0,0,0,0,0,2
NERC20,1987,0,0,0,0,0,0,1,1,0,0,0,0,1,0,0,0,2,0,0,1,0,0,0,0,1,0,0,1,0,1,0,2
NERC20,1988,0,0,1,3,0,2,1,0,2,0,0,0,1,1,0,0,2,0,1,1,0,0,0,0,0,0,0,2,0,0,0,2
NERC20,1989,0,0,1,1,0,1,0,1,1,0,0,0,2,0,0,0,2,0,0,0,0,1,1,0,2,1,1,0,0,0,0,0
NERC20,1990,1,0,0,0,0,0,0,0,0,0,0,0,0,1,0,0,2,0,0,1,0,0,1,2,0,1,1,1,0,0,0,0
NERC20,1991,0,2,2,1,0,1,0,1,0,1,1,0,0,0,0,0,0,0,2,1,1,1,0,0,1,0,2,1,0,1,0,0
NERC20,1992,0,0,0,2,0,0,0,0,0,0,1,0,1,0,0,0,0,0,0,1,0,0,1,0,0,0,0,0,0,0,1,0
NERC20,1993,0,1,2,1,1,0,2,0,0,0,0,0,0,2,0,0,1,1,0,0,0,0,0,0,0,1,2,0,0,1,2,0
NERC20,1994,0,0,0,0,1,0,0,0,0,1,1,0,1,2,0,0,1,0,1,0,0,0,1,0,0,0,1,0,0,0,1,0
NERC20,1995,0,0,0,2,0,0,0,2,2,0,0,0,1,1,2,0,1,0,0,0,0,0,0,0,0,0,0,0,0,1,0,2
NERC20,1996,0,0,0,1,0,1,1,2,1,2,0,0,2,0,0,0,1,1,0,0,1,1,1,1,0,1,1,0,0,0,0,0
NERC20,1997,0,0,1,3,1,0,1,0,0,0,0,0,1,0,0,0,0,1,0,0,0,0,0,2,0,1,1,0,0,1,0,0
NERC20,1998,0,1,1,0,0,0,0,1,1,1,0,0,0,1,0,0,0,1,0,1,1,0,0,0,0,1,0,1,0,0,1,0
NERC20,1999,0,0,0,0,0,0,1,0,0,0,0,0,1,0,1,0,0,0,1,0,1,0,0,0,0,1,0,0,0,1,0,1
NERC20,2000,0,0,1,2,0,0,0,0,1,0,0,0,1,1,0,0,1,0,1,0,0,0,0,1,1,1,1,1,0,0,0,1
NERC20,2001,0,1,1,1,1,0,1,1,1,1,2,0,0,1,0,0,1,1,0,1,0,0,0,0,0,0,1,1,0,0,1,1
NERC20,2002,0,0,2,2,0,1,2,0,0,0,1,0,0,0,0,0,0,1,1,1,1,0,1,1,0,0,1,0,0,2,0,0
NERC20,2003,0,0,1,2,0,2,2,1,0,1,0,0,1,0,0,0,0,0,0,1,0,0,0,1,0,0,0,0,0,0,1,0
NERC20,2004,0,1,2,0,0,1,0,0,0,0,0,0,1,3,0,0,1,1,0,0,1,0,0,0,0,0,2,0,0,1,0,0
NERC20,2005,0,0,0,2,0,1,0,0,0,1,0,0,0,1,1,0,0,0,0,0,0,0,0,1,1,0,0,2,0,0,1,1
NERC20,2006,0,0,0,1,1,0,0,0,1,1,0,0,0,0,0,0,1,0,1,2,2,0,1,0,0,0,0,1,0,0,0,2
NERC20,2007,0,0,0,2,0,0,0,0,0,1,1,0,2,0,0,0,3,1,0,2,3,0,1,0,0,0,0,0,0,0,0,2
NERC20,2008,0,0,1,2,0,0,0,1,2,4,1,0,1,1,0,0,3,0,1,0,1,0,0,0,0,1,1,0,1,0,0,0
NERC20,2009,0,0,2,2,0,1,0,1,0,1,2,0,1,1,0,0,2,0,0,0,0,0,1,0,0,0,0,0,0,0,1,0
NERC20,2010,0,0,0,1,0,0,0,2,0,1,1,0,1,2,1,0,0,0,0,0,0,2,0,2,1,1,0,0,0,1,1,2
NERC20,2011,0,0,1,0,0,0,1,1,1,0,0,0,1,1,0,0,2,1,2,0,0,0,0,1,0,1,0,1,0,0,0,1
NERC20,2012,0,0,0,0,0,1,0,0,0,0,1,1,0,0,0,0,0,0,0,0,0,0,0,1,0,0,0,2,0,1,1,1
NERC20,2013,0,0,2,2,1,2,1,0,1,0,3,0,0,2,0,0,0,1,0,0,0,1,0,0,0,0,0,0,0,1,1,0
NERC20,2014,0,0,1,3,0,0,0,0,1,2,0,0,3,0,1,0,2,3,0,1,0,1,0,0,0,2,0,0,0,0,0,1
NERC20,2015,0,1,1,0,0,1,0,0,0,0,0,0,3,0,0,0,1,0,0,0,2,1,1,0,0,2,0,0,1,1,0,0
NERC20,2016,0,1,0,0,1,1,1,0,0,2,0,0,1,0,0,1,0,0,0,0,3,1,1,0,0,3,0,0,1,0,3,0
NERC20,2017,0,0,0,1,0,0,0,1,0,0,0,0,0,2,0,0,0,0,0,0,2,0,0,0,0,1,0,0,0,0,1,1
NERC20,2018,0,0,0,0,0,1,2,1,0,1,0,1,2,0,0,0,0,0,0,0,0,1,1,0,0,0,3,1,0,1,3,1
NERC20,2019,0,0,0,0,0,0,3,3,1,2,0,1,1,0,0,0,0,0,0,0,3,3,0,0,0,0,0,0,0,1,2,0
NERC20,2020,0,0,0,0,0,0,0,1,1,1,0,1,0,1,0,0,0,0,0,0,1,0,0,0,2,1,0,0,0,3,0,0
NERC20,2021,0,0,0,0,0,0,1,1,0,0,0,0,1,0,0,0,0,0,0,0,1,1,0,0,0,1,2,0,1,0,1,1
NERC20,2022,0,0,0,0,0,0,0,1,0,2,0,2,4,0,0,0,0,0,0,0,1,1,0,2,0,0,0,0,0,0,1,2
NERC20,2023,0,0,0,0,0,0,0,3,0,0,0,0,0,1,0,0,0,0,0,0,0,1,1,0,0,1,1,1,0,0,0,2
NERC20,2024,0,0,0,0,0,0,1,1,0,0,0,1,1,0,0,0,0,0,0,0,1,0,1,0,0,1,1,1,0,1,0,2
NERC3,1980,0,1,2,1,3,2,0,0,0,1,1,0,0,0,0,0,1,0,1,1,0,2,0,0,0,0,2,2,0,0,0,1
NERC3,1981,0,2,1,1,0,1,0,1,0,0,1,0,1,0,0,0,2,0,0,0,2,3,0,0,0,0,1,0,0,0,1,0
NERC3,1982,0,2,2,2,1,0,1,0,0,0,0,0,1,0,0,0,1,1,1,1,0,0,0,0,0,0,0,0,0,0,0,0
NERC3,1983,0,0,1,5,0,0,2,0,0,0,0,0,1,0,0,0,2,0,0,0,0,0,0,0,0,0,1,0,0,2,0,0
NERC3,1984,0,0,0,2,0,3,0,0,0,0,1,0,1,0,0,0,2,0,0,0,0,1,0,0,0,0,1,1,0,0,0,0
NERC3,1985,1,1,0,1,0,1,0,0,0,1,0,0,5,0,0,0,0,0,1,1,0,0,0,1,0,1,1,0,0,0,0,1
NERC3,1986,0,0,2,2,0,0,0,0,1,0,1,0,0,1,0,0,3,2,1,0,1,0,0,0,0,0,0,0,0,0,0,1
NERC3,1987,0,1,1,5,0,0,0,0,0,3,2,0,0,1,0,0,2,0,0,0,0,0,0,0,0,1,0,0,0,0,0,1
NERC3,1988,0,0,1,1,0,0,0,0,2,2,2,1,1,0,0,0,0,0,0,0,1,2,0,0,1,0,1,0,0,0,0,2
NERC3,1989,0,1,3,2,0,0,0,0,0,1,0,1,3,0,0,0,2,0,1,0,1,0,0,0,1,1,0,0,0,0,0,0
NERC3,1990,0,1,0,1,0,0,0,0,1,0,1,0,0,0,0,0,0,0,0,0,0,1,1,0,1,0,0,0,0,0,0,1
NERC3,1991,0,0,4,1,0,0,0,0,0,0,2,0,0,1,0,0,1,3,1,0,2,1,0,0,0,0,0,0,0,0,0,0
NERC3,1992,0,0,1,0,0,0,0,0,1,1,0,1,0,1,0,0,0,3,0,0,0,0,0,0,0,0,1,0,0,0,0,0
NERC3,1993,0,2,0,2,0,0,0,0,0,1,3,0,1,1,1,0,1,0,0,0,2,0,1,0,0,0,0,0,0,0,2,0
NERC3,1994,0,1,3,1,0,0,0,0,2,0,0,0,2,0,0,0,1,1,0,2,1,0,1,1,0,0,0,1,0,0,0,0
NERC3,1995,0,1,2,2,0,0,0,0,1,1,0,0,0,2,0,0,0,0,0,0,2,1,0,0,0,0,1,1,0,0,0,1
NERC3,1996,0,3,2,2,0,0,0,0,1,0,0,1,6,0,0,0,0,0,0,0,0,0,0,0,0,1,0,1,0,0,0,3
NERC3,1997,0,0,0,2,0,0,0,0,0,0,2,0,3,1,0,0,1,0,0,0,1,0,3,0,0,0,0,0,0,0,1,0
NERC3,1998,0,0,0,3,0,0,0,0,0,0,0,1,1,1,0,0,0,0,1,2,0,0,0,0,0,0,1,2,0,1,1,2
NERC3,1999,0,1,2,1,0,0,0,0,0,1,0,1,1,1,0,0,2,0,1,0,1,1,0,0,0,1,0,0,0,0,0,1
NERC3,2000,0,1,0,4,0,0,0,0,0,1,0,1,4,0,0,0,0,2,1,0,1,0,0,0,0,0,0,0,0,0,0,1
NERC3,2001,0,2,0,2,0,0,0,0,0,1,0,1,2,0,1,0,1,1,0,0,0,0,1,1,0,0,0,0,0,0,1,1
NERC3,2002,0,0,1,2,0,0,0,0,1,0,3,1,2,2,0,0,1,1,0,1,0,1,0,0,0,1,0,0,0,0,0,0
NERC3,2003,0,2,2,3,0,0,0,0,1,1,0,0,0,2,1,1,0,1,0,1,0,2,0,0,0,2,1,0,0,0,0,2
NERC3,2004,0,1,4,0,0,0,0,0,2,1,0,1,1,1,0,0,1,0,1,0,0,0,0,0,0,0,1,0,0,0,1,0
NERC3,2005,1,0,0,0,0,0,2,3,0,1,0,0,2,0,0,0,1,0,1,0,0,0,0,0,0,3,0,0,0,0,0,1
NERC3,2006,0,0,0,0,1,0,1,2,1,1,0,0,1,0,0,0,0,4,2,0,0,0,0,0,0,0,1,0,0,0,1,0
NERC3,2007,0,0,0,0,0,1,3,3,0,1,1,1,3,0,0,0,5,0,0,0,1,0,0,0,0,0,0,0,0,0,0,1
NERC3,2008,0,0,0,0,0,1,0,2,2,1,0,0,2,1,1,0,3,0,0,0,0,1,0,0,2,0,2,0,0,0,0,1
NERC3,2009,0,0,0,0,0,2,2,0,0,0,1,1,3,1,0,0,0,1,1,1,0,0,1,1,0,1,0,1,0,0,0,2
NERC3,2010,0,0,0,0,1,1,2,2,2,2,0,0,2,0,0,0,1,0,0,0,0,0,0,0,1,1,0,0,0,2,1,1
NERC3,2011,0,0,0,0,0,1,1,1,0,0,1,0,4,0,0,0,0,0,0,0,0,0,1,0,0,0,0,1,0,0,0,4
NERC3,2012,0,0,0,0,1,3,1,1,0,0,0,0,1,1,0,0,0,1,1,0,0,0,0,0,1,0,0,1,0,0,1,2
NERC3,2013,0,0,0,0,0,1,2,2,0,2,1,0,1,3,0,1,0,0,0,0,0,1,3,0,0,0,2,0,0,0,0,0
NERC3,2014,0,0,0,0,0,1,2,1,3,1,0,1,3,1,0,0,0,0,0,0,2,0,3,0,1,1,1,0,0,0,0,0
NERC3,2015,0,0,0,0,0,2,3,1,1,0,1,0,2,0,0,0,0,0,0,0,1,1,1,0,1,1,0,1,0,0,0,0
NERC3,2016,0,0,0,0,0,0,2,1,1,1,0,0,0,1,2,0,0,0,0,0,3,1,0,0,1,0,0,0,0,0,3,1
NERC3,2017,0,0,0,0,0,0,0,1,0,0,1,1,2,0,0,0,0,0,0,0,1,1,0,1,1,2,0,0,0,1,0,1
NERC3,2018,0,0,0,0,0,1,0,2,1,0,1,1,2,0,0,0,0,0,0,0,1,0,1,0,0,2,5,0,1,0,0,1
NERC3,2019,0,0,0,0,1,1,1,7,1,2,0,1,0,0,2,0,0,0,0,0,1,0,2,0,1,0,0,1,0,0,2,1
NERC3,2020,0,0,0,0,0,2,1,0,0,2,1,2,0,0,1,0,0,0,0,0,2,0,1,0,0,1,0,0,0,1,1,3
NERC3,2021,0,0,0,0,0,0,1,1,0,0,2,0,1,1,0,0,0,0,0,0,1,3,0,0,2,1,0,0,0,2,0,0
NERC3,2022,0,0,0,0,1,3,2,1,1,0,0,1,4,1,0,0,0,0,0,0,0,1,0,0,1,0,3,2,1,0,0,4
NERC3,2023,0,0,0,0,0,0,3,4,0,0,2,0,0,1,0,0,0,0,0,0,0,0,1,0,0,0,0,0,0,0,0,5
NERC3,2024,0,0,0,0,0,0,1,2,0,1,0,0,1,0,0,0,0,0,0,0,1,0,1,0,0,2,0,0,0,3,0,3
NERC4,1980,0,0,2,2,1,0,2,1,0,1,0,0,3,0,0,0,0,1,2,1,0,0,1,1,0,0,0,0,0,0,0,1
NERC4,1981,0,0,1,3,0,0,0,1,3,0,0,1,2,1,1,0,0,0,1,0,1,0,0,0,0,0,1,0,0,0,0,1
NERC4,1982,1,1,0,3,0,0,0,0,1,0,0,0,1,0,0,0,1,0,0,0,0,1,0,0,0,1,0,0,0,0,0,0
NERC4,1983,0,1,4,3,1,0,1,0,0,0,1,0,1,0,0,0,1,0,0,0,0,2,0,1,0,0,0,0,0,0,1,1
NERC4,1984,0,0,1,2,0,1,1,0,3,0,0,0,0,2,0,0,1,0,0,0,0,0,0,0,0,0,0,0,0,0,0,0
NERC4,1985,0,0,1,1,2,1,0,0,2,0,0,0,3,1,0,0,0,0,0,0,1,0,0,0,1,1,0,0,0,0,0,0
NERC4,1986,0,0,0,0,1,2,0,0,0,1,0,0,1,0,0,0,1,0,0,0,1,0,0,1,0,0,0,0,0,0,0,1
NERC4,1987,1,2,2,0,1,4,0,1,0,1,0,0,0,0,0,0,1,0,1,0,0,2,1,0,0,0,0,0,0,0,0,3
NERC4,1988,0,2,1,2,2,1,2,0,2,0,0,0,0,0,0,0,3,0,0,0,0,0,0,0,1,0,1,0,0,1,0,0
NERC4,1989,1,0,2,1,1,0,2,0,0,0,0,0,2,0,1,0,2,1,0,0,1,0,0,0,0,0,1,0,0,0,0,0
NERC4,1990,0,1,0,2,0,0,0,1,0,0,0,0,0,0,1,0,3,2,0,0,1,2,0,0,0,0,1,1,0,0,0,0
NERC4,1991,0,1,2,0,0,1,1,0,1,0,2,0,0,0,0,0,2,1,2,0,0,0,1,0,0,0,1,0,0,0,0,0
NERC4,1992,0,1,0,6,0,0,1,0,1,1,0,0,0,0,1,0,1,0,1,0,0,0,0,0,0,0,0,0,1,0,1,0
NERC4,1993,1,1,3,5,0,0,0,0,1,1,0,1,0,0,0,0,0,1,0,1,0,0,1,0,0,0,0,2,0,0,0,1
NERC4,1994,0,2,2,1,0,0,0,0,0,0,0,1,0,0,0,0,0,0,0,0,0,0,0,0,0,0,0,0,0,0,0,0
NERC4,1995,0,2,1,4,0,0,0,0,0,1,1,0,3,0,0,0,0,0,1,0,0,1,0,0,0,1,0,0,0,1,2,0
NERC4,1996,1,0,1,0,0,0,0,0,4,0,2,1,2,0,0,0,1,3,0,0,0,1,1,0,0,0,0,0,0,0,1,0
NERC4,1997,0,0,0,3,0,0,0,0,0,1,2,0,1,0,0,1,0,0,0,1,1,1,0,0,0,1,1,0,0,0,1,0
NERC4,1998,0,1,0,3,0,0,0,0,0,1,2,1,0,1,1,0,0,0,0,3,1,1,1,0,1,0,0,2,0,1,0,1
NERC4,1999,0,2,0,4,0,0,0,0,1,1,0,0,0,2,0,0,1,0,0,0,1,1,2,0,0,0,2,0,0,0,0,1
NERC4,2000,0,0,0,1,0,0,0,0,4,1,0,1,1,1,0,0,1,1,0,1,0,0,0,0,0,0,0,0,0,0,0,1
NERC4,2001,0,1,1,1,0,0,0,0,1,0,0,0,2,1,0,0,1,0,1,0,0,1,0,0,0,0,0,0,0,0,0,0
NERC4,2002,0,1,4,2,0,0,0,0,2,2,0,0,1,1,0,0,1,0,0,0,0,1,0,0,0,1,0,0,0,0,1,0
NERC4,2003,0,1,3,3,0,0,0,0,0,1,0,1,2,1,0,0,3,1,0,0,0,1,0,0,0,0,0,0,0,0,0,0
NERC4,2004,0,0,0,0,0,1,0,2,1,3,1,0,1,1,1,0,0,0,0,0,1,0,0,0,1,2,0,0,1,1,0,0
NERC4,2005,0,0,0,0,0,0,4,2,1,0,1,1,1,2,0,1,0,1,0,0,2,1,1,1,2,0,0,0,0,0,1,2
NERC4,2006,0,0,0,0,0,0,1,3,0,0,0,0,3,1,1,0,2,0,2,0,0,0,0,0,0,1,0,1,0,0,0,0
NERC4,2007,0,0,0,0,0,0,2,3,0,2,0,0,1,0,0,0,1,0,1,1,1,0,2,0,1,1,0,0,0,0,0,2
NERC4,2008,0,0,0,0,0,2,1,2,1,1,1,1,1,1,0,0,1,1,0,0,0,0,0,0,1,2,0,0,0,0,0,0
NERC4,2009,0,0,0,0,0,3,1,1,0,1,0,0,3,2,0,0,1,1,1,0,0,0,0,0,0,0,2,1,0,1,0,0
NERC4,2010,0,0,0,0,0,1,0,2,0,1,2,0,7,0,1,0,0,0,0,0,0,0,0,2,0,0,1,2,0,0,0,4
NERC4,2011,0,0,0,0,1,0,1,0,0,0,3,0,1,1,1,0,0,1,0,0,0,0,2,1,0,1,0,2,0,0,0,2
NERC4,2012,0,0,0,0,0,0,2,2,1,1,0,0,2,0,1,0,1,0,0,0,0,0,0,0,2,2,0,0,0,0,0,0
NERC4,2013,0,0,0,0,0,1,0,0,0,2,0,0,1,2,1,2,1,1,1,0,0,0,0,0,2,2,0,0,0,0,0,0
NERC4,2014,0,0,0,0,1,1,1,1,0,1,1,0,1,2,1,0,0,1,1,1,0,0,0,0,0,0,0,1,0,0,1,0
NERC4,2015,0,0,0,0,0,0,0,1,1,1,0,0,0,2,0,0,2,2,1,0,1,0,0,0,0,2,0,0,0,0,1,1
NERC4,2016,0,0,0,0,0,1,0,0,1,1,1,1,0,1,1,0,0,0,0,0,1,1,0,0,2,0,0,0,0,0,1,2
NERC4,2017,0,0,0,0,0,0,1,1,1,1,0,0,0,1,1,0,0,0,0,0,1,1,1,0,1,3,2,0,0,1,1,2
NERC4,2018,0,0,0,0,0,2,0,4,1,3,2,0,1,1,0,0,0,0,0,0,4,0,2,0,0,3,1,0,0,0,1,1
NERC4,2019,0,0,0,0,1,1,1,2,0,0,1,0,0,1,0,1,0,0,0,0,0,0,0,0,0,0,3,1,0,0,1,3
NERC4,2020,0,0,0,0,0,0,1,1,2,1,0,0,1,1,1,0,0,0,0,0,0,1,0,1,1,0,0,0,0,2,0,3
NERC4,2021,0,0,0,0,0,0,3,1,1,0,0,0,1,0,1,0,0,0,0,0,4,0,0,0,0,0,1,0,0,1,2,1
NERC4,2022,0,0,0,0,0,1,1,1,1,0,0,0,2,0,0,0,0,0,0,0,0,0,3,1,0,1,1,2,0,1,0,3
NERC4,2023,0,0,0,0,0,0,2,3,0,0,1,0,1,0,0,0,0,0,0,0,2,1,1,0,0,1,1,0,0,0,0,4
NERC4,2024,0,0,0,0,0,0,1,3,0,1,2,1,0,1,2,0,0,0,0,0,1,2,0,0,0,0,0,0,0,0,5,3
NERC5,1980,1,2,2,3,1,0,0,1,0,0,1,0,2,1,0,0,0,1,0,0,0,1,1,0,0,0,1,2,0,0,0,1
NERC5,1981,0,0,1,3,0,2,1,0,0,0,0,0,2,0,0,0,1,1,0,0,0,1,1,0,0,0,1,0,0,0,0,1
NERC5,1982,0,2,3,1,0,1,0,1,0,0,0,0,2,1,0,0,0,1,1,0,0,0,0,0,0,0,0,0,0,0,0,1
NERC5,1983,0,1,0,2,0,0,0,0,0,0,0,0,3,0,0,0,0,1,1,2,0,1,2,1,0,1,1,1,0,0,0,1
NERC5,1984,0,1,1,1,0,0,1,0,0,0,0,0,2,1,1,0,1,1,1,0,0,1,0,0,0,1,0,1,0,1,1,0
NERC5,1985,0,0,2,2,0,0,0,0,0,0,0,0,2,1,1,0,5,0,0,0,0,1,1,0,0,0,0,0,0,0,0,0
NERC5,1986,0,0,2,3,3,0,1,0,0,1,0,0,0,1,1,0,1,0,0,0,0,0,0,0,1,1,0,0,0,1,0,0
NERC5,1987,0,3,0,4,0,0,0,2,1,0,0,1,2,0,0,0,1,1,0,1,0,1,0,1,0,0,0,1,0,1,0,0
NERC5,1988,0,0,2,0,1,1,0,0,1,1,2,0,1,0,0,0,1,0,0,0,0,0,0,1,0,0,0,0,0,0,1,2
NERC5,1989,0,2,1,1,0,0,0,0,3,1,3,0,1,0,0,0,1,1,2,0,0,0,1,0,1,0,1,1,0,0,0,0
NERC5,1990,0,0,2,0,0,0,0,0,0,0,2,0,1,0,0,0,2,0,1,0,0,0,0,0,0,2,1,0,0,0,1,0
NERC5,1991,0,0,6,2,0,0,0,0,0,2,1,0,0,0,0,0,2,2,1,0,0,0,0,1,0,0,0,0,0,0,1,1
NERC5,1992,0,1,2,2,0,0,0,0,0,2,0,2,2,0,0,0,2,0,0,0,0,0,0,0,0,2,0,0,0,0,0,0
NERC5,1993,0,0,0,1,0,0,0,0,1,1,2,0,4,0,0,0,0,0,1,0,1,2,0,0,0,0,0,1,0,0,0,1
NERC5,1994,0,0,1,0,0,0,0,0,1,1,0,0,4,1,0,0,4,0,1,0,0,0,0,1,0,0,1,0,0,0,0,1
NERC5,1995,0,0,1,2,0,0,0,0,0,1,2,0,1,0,1,0,1,0,0,2,0,0,0,0,0,0,1,1,0,0,1,0
NERC5,1996,1,1,0,2,0,0,0,0,1,1,0,0,2,0,0,0,2,0,0,0,0,1,0,0,1,0,0,0,0,1,0,0
NERC5,1997,0,0,4,4,0,0,0,0,1,0,0,1,0,0,0,0,1,0,1,1,0,0,0,0,0,0,0,0,0,0,0,1
NERC5,1998,0,1,2,1,0,0,0,0,0,1,1,0,0,0,0,0,2,1,0,0,0,1,0,0,0,1,2,1,0,0,0,0
NERC5,1999,0,0,0,4,0,0,0,0,2,2,1,0,0,0,0,0,0,0,0,1,0,1,1,0,0,1,0,1,1,0,0,2
NERC5,2000,0,0,1,1,0,0,0,0,1,0,0,1,2,1,0,0,1,0,0,0,1,0,0,0,0,2,0,0,0,0,0,0
NERC5,2001,0,2,2,2,0,0,0,0,0,0,3,1,0,0,0,0,1,1,1,1,0,0,1,0,1,0,0,0,0,0,0,1
NERC5,2002,0,0,2,1,0,1,1,1,0,1,0,0,0,0,0,0,0,1,1,1,0,0,1,0,0,0,0,0,0,0,0,3
NERC5,2003,0,0,0,0,1,2,1,2,0,0,0,0,3,0,0,0,1,0,1,0,0,0,0,1,1,0,0,0,0,1,1,0
NERC5,2004,0,0,0,0,1,2,0,2,0,1,0,0,2,0,0,0,1,0,0,0,0,2,0,0,1,1,0,0,0,1,0,0
NERC5,2005,0,0,0,0,0,0,2,1,0,1,2,1,1,0,0,0,1,0,2,1,0,0,0,0,1,0,1,1,0,0,1,2
NERC5,2006,0,0,0,0,0,0,0,0,1,1,0,1,0,1,0,0,1,0,0,0,1,0,1,0,0,1,0,0,0,1,1,2
NERC5,2007,0,0,0,0,0,1,1,0,2,2,1,0,1,1,0,0,0,0,1,1,1,1,0,1,0,0,0,0,0,0,0,1
NERC5,2008,0,0,0,0,1,2,1,3,1,0,2,1,1,0,0,0,4,0,0,0,0,0,0,0,0,1,1,1,1,0,1,0
NERC5,2009,0,0,0,0,1,1,2,5,1,3,1,0,2,0,0,0,1,0,0,0,0,0,0,0,0,0,1,0,0,1,0,1
NERC5,2010,0,0,0,0,0,0,0,4,0,0,0,1,1,1,0,0,0,0,2,0,0,1,1,0,0,0,2,0,0,0,0,2
NERC5,2011,0,0,0,0,1,3,0,1,0,1,0,0,2,2,0,0,1,1,1,1,1,0,1,0,2,1,0,0,0,1,0,1
NERC5,2012,0,0,0,0,0,1,0,2,0,1,0,0,0,0,1,0,0,0,0,0,1,1,1,0,1,0,0,1,0,1,2,1
NERC5,2013,0,0,0,0,1,1,0,1,0,0,2,1,2,0,0,0,0,0,0,0,3,0,1,0,1,0,2,0,0,0,0,2
NERC5,2014,0,0,0,0,0,0,1,1,0,2,0,1,3,2,0,0,0,0,0,0,0,3,1,0,0,1,1,0,0,1,0,0
NERC5,2015,0,0,0,0,0,1,0,1,1,0,0,1,4,1,0,0,0,0,0,0,1,0,1,0,0,1,1,0,0,0,1,1
NERC5,2016,0,0,0,0,0,0,0,2,1,1,1,0,1,0,0,0,0,0,0,0,3,0,2,0,0,0,1,1,0,0,1,2
NERC5,2017,0,0,0,0,0,0,0,3,0,3,0,0,2,0,1,0,0,0,0,0,4,3,1,1,1,3,0,0,0,0,1,0
NERC5,2018,0,0,0,0,0,2,0,2,0,0,0,0,1,0,2,0,0,0,0,0,0,1,0,0,0,1,0,2,0,1,0,2
NERC5,2019,0,0,0,0,0,0,2,1,0,1,0,0,1,3,1,0,0,0,0,0,1,1,0,0,1,0,2,0,0,1,1,1
NERC5,2020,0,0,0,0,0,2,3,1,0,0,1,0,0,0,0,0,0,0,0,0,3,1,1,0,1,1,0,0,0,1,1,2
NERC5,2021,0,0,0,0,1,1,0,2,0,0,1,0,0,2,0,1,0,0,0,0,1,2,0,0,0,1,1,1,0,0,1,3
NERC5,2022,0,0,0,0,1,0,1,0,1,0,2,0,1,4,0,0,0,0,0,0,1,1,1,0,0,2,0,0,0,0,1,2
NERC5,2023,0,0,0,0,0,1,0,0,0,0,0,0,1,0,0,0,0,0,0,0,0,0,0,0,2,0,0,0,1,0,2,1
NERC5,2024,0,0,0,0,0,0,1,1,0,0,1,0,0,0,0,0,0,0,0,0,0,2,0,0,2,0,0,0,0,0,0,3
NERC6,1980,0,0,0,0,0,0,0,0,2,1,0,0,1,0,1,0,0,0,0,0,0,0,1,1,0,0,1,0,0,0,0,0
NERC6,1981,0,0,0,1,0,1,1,0,0,0,0,0,1,0,0,0,1,1,0,0,0,1,2,0,0,0,0,0,0,0,0,1
NERC6,1982,0,0,0,0,0,1,1,0,1,0,0,0,3,0,0,0,1,0,0,0,0,1,1,1,0,0,1,0,0,0,1,0
NERC6,1983,0,1,0,0,0,0,2,0,0,0,1,0,1,0,0,0,3,0,1,0,1,1,0,1,0,0,0,1,0,0,0,0
NERC6,1984,0,0,1,4,0,0,1,0,0,0,0,0,2,1,0,0,2,0,0,0,1,0,3,0,0,0,0,0,0,0,0,0
NERC6,1985,0,0,0,0,1,0,0,1,0,2,1,1,3,0,0,0,0,0,1,0,0,0,1,0,0,0,1,0,0,0,0,2
NERC6,1986,0,0,1,0,0,1,0,1,0,0,0,0,0,1,0,0,2,5,0,0,0,0,0,0,0,0,2,1,0,0,1,0
NERC6,1987,0,0,0,0,0,0,1,0,0,1,0,0,2,1,0,0,0,0,1,0,1,0,0,1,0,0,1,1,0,0,0,0
NERC6,1988,0,0,3,1,0,0,0,0,0,1,0,0,3,0,0,0,1,1,1,0,0,1,0,1,0,0,0,3,0,0,0,0
NERC6,1989,0,0,0,1,1,0,2,0,2,0,1,0,1,0,0,0,0,1,0,0,0,0,0,0,0,0,1,0,0,0,0,0
NERC6,1990,0,0,1,2,0,0,0,2,0,0,0,0,2,0,0,0,0,1,1,0,0,0,0,0,0,1,1,1,0,0,0,2
NERC6,1991,0,0,0,3,0,2,0,0,1,0,0,0,1,0,0,0,2,1,0,0,0,2,1,0,0,1,0,1,0,0,1,0
NERC6,1992,0,0,2,1,0,0,1,1,1,1,0,0,0,1,0,0,1,0,0,0,0,0,0,0,0,0,0,2,0,0,0,2
NERC6,1993,0,1,0,1,0,0,0,0,2,0,0,0,2,0,1,0,2,0,0,0,0,0,0,0,0,0,1,0,0,0,0,0
NERC6,1994,0,0,1,0,0,1,0,1,0,0,0,0,0,3,0,0,0,0,0,0,0,0,0,0,0,2,0,0,0,0,0,1
NERC6,1995,0,1,0,1,1,0,0,0,0,0,0,1,0,1,0,0,2,0,0,0,1,2,0,0,0,1,1,0,0,0,0,0
NERC6,1996,0,0,2,1,0,2,1,0,1,0,0,0,1,0,0,0,1,0,1,0,0,1,0,0,0,0,0,2,0,0,0,2
NERC6,1997,0,0,1,2,0,2,0,0,1,1,1,0,0,0,0,0,1,2,0,0,1,1,0,0,1,1,0,0,0,0,0,0
NERC6,1998,0,0,0,1,0,0,0,1,0,2,1,0,1,0,0,0,0,0,0,0,0,0,0,0,1,0,1,0,0,0,1,2
NERC6,1999,0,0,0,2,0,1,0,0,0,0,1,0,0,0,0,0,0,0,0,0,0,1,0,0,0,3,0,0,0,0,1,0
NERC6,2000,0,0,0,1,0,0,0,0,0,1,2,0,0,1,0,0,1,0,1,0,0,2,1,0,0,0,0,0,0,0,1,0
NERC6,2001,0,0,1,1,0,0,0,2,0,1,0,1,0,2,0,0,0,0,0,0,0,0,1,0,2,0,0,0,0,0,0,1
NERC6,2002,0,0,1,0,0,1,1,0,0,1,1,1,1,2,0,0,1,1,0,0,0,0,0,0,0,0,1,2,0,0,0,1
NERC6,2003,0,1,0,1,0,0,0,0,0,2,2,0,0,0,0,0,2,3,0,0,0,0,2,0,1,0,1,1,0,0,0,1
NERC6,2004,0,0,1,3,0,0,1,1,0,0,1,0,1,0,0,0,1,0,0,0,0,0,0,0,0,1,0,0,0,0,2,1
NERC6,2005,0,0,0,1,0,0,1,1,0,0,0,0,1,2,0,0,2,0,0,0,0,1,0,0,0,0,1,0,0,0,1,1
NERC6,2006,0,0,0,1,0,0,0,0,0,1,2,0,2,0,0,0,1,0,0,0,2,1,0,0,0,1,1,0,0,0,0,2
NERC6,2007,0,1,1,0,0,1,0,1,0,1,1,0,1,1,1,0,1,0,0,0,1,0,3,0,1,0,0,0,0,0,0,1
NERC6,2008,0,1,2,1,0,0,1,0,0,2,0,0,2,0,0,0,2,1,0,0,0,0,0,0,0,1,1,0,0,0,0,2
NERC6,2009,0,0,1,1,1,0,0,0,1,0,1,0,1,2,0,0,1,1,0,0,0,1,0,1,1,0,0,0,0,0,1,1
NERC6,2010,1,1,1,1,0,0,0,1,1,0,0,0,0,0,0,0,2,0,1,0,0,0,0,0,0,0,2,0,1,0,1,0
NERC6,2011,0,0,2,0,0,1,0,1,3,0,1,0,1,0,0,0,3,1,0,0,0,0,0,0,0,1,0,0,0,0,1,0
NERC6,2012,0,0,2,1,0,3,1,0,0,1,0,0,0,0,0,0,0,0,0,0,2,0,0,0,0,1,0,0,0,0,2,1
NERC6,2013,0,0,2,1,0,0,0,1,0,0,0,0,3,0,0,0,1,1,0,0,0,1,0,0,0,2,0,0,0,2,1,1
NERC6,2014,0,0,2,0,1,0,0,1,0,0,0,0,1,1,0,0,1,0,0,0,0,1,0,1,0,0,0,1,0,0,2,0
NERC6,2015,0,0,0,1,0,0,0,1,1,1,0,0,1,0,0,0,0,1,0,0,0,2,1,0,0,1,0,2,0,0,0,1
NERC6,2016,0,0,0,1,0,0,1,0,3,0,1,0,1,0,0,0,1,2,0,0,0,1,0,0,0,0,2,0,0,0,1,0
NERC6,2017,0,0,0,3,0,0,0,0,0,0,2,0,2,2,0,0,2,0,0,0,1,0,0,1,0,1,0,1,0,1,1,2
NERC6,2018,0,0,0,2,0,0,1,1,0,0,0,0,1,0,1,0,1,0,0,0,0,0,0,0,0,1,0,0,0,1,0,3
NERC6,2019,0,1,0,0,0,0,1,2,0,1,1,0,2,0,0,0,0,2,0,0,1,1,1,0,0,0,0,0,1,0,1,1
NERC6,2020,0,0,0,0,0,1,2,4,0,0,0,0,0,1,0,0,0,0,0,0,2,0,0,0,1,1,1,0,0,0,1,2
NERC6,2021,0,0,0,0,0,0,1,2,0,1,1,0,1,1,0,0,0,0,0,0,1,1,1,0,0,0,1,0,0,0,0,3
NERC6,2022,0,0,0,0,0,3,1,1,2,1,1,1,1,0,0,0,0,0,0,0,1,1,1,0,0,0,0,0,0,0,1,4
NERC6,2023,0,0,0,0,0,0,0,3,2,2,0,0,0,1,0,0,0,0,0,0,4,0,0,0,0,1,1,1,1,0,1,1
NERC6,2024,0,0,0,0,0,0,0,0,0,0,0,0,1,0,0,1,0,0,0,0,2,1,0,0,0,0,0,2,0,0,0,2
NERC7,1980,0,0,0,0,0,1,2,0,0,1,1,0,1,0,0,0,1,2,0,1,0,1,3,0,0,1,0,0,0,0,0,0
NERC7,1981,1,1,0,4,0,0,0,0,0,0,0,0,0,1,0,0,0,1,1,0,0,1,1,0,0,0,0,0,0,1,1,0
NERC7,1982,0,1,1,3,1,0,0,0,0,1,0,0,2,0,0,0,2,1,0,0,1,0,0,0,1,0,0,0,1,0,1,0
NERC7,1983,0,1,1,0,0,0,0,1,0,1,1,0,1,1,1,0,3,0,0,0,0,0,0,0,1,2,0,0,1,0,0,0
NERC7,1984,0,1,2,1,0,0,1,0,0,0,0,1,1,0,0,0,1,0,0,0,2,1,0,0,0,1,0,0,0,0,0,0
NERC7,1985,0,1,2,1,0,1,0,0,1,0,0,0,2,3,0,0,1,0,0,0,0,1,1,0,0,0,1,0,0,0,0,0
NERC7,1986,0,0,0,1,1,0,0,0,0,0,0,1,1,0,0,0,0,0,0,0,1,2,1,0,0,0,0,0,0,0,0,0
NERC7,1987,0,0,0,2,0,1,1,1,0,0,0,0,3,0,0,0,1,1,0,0,0,0,0,0,0,0,0,0,0,0,1,0
NERC7,1988,0,1,5,3,0,1,1,1,1,1,1,0,1,0,0,0,4,1,0,0,1,0,1,0,0,0,1,0,0,1,0,0
NERC7,1989,0,0,0,1,0,1,0,0,1,0,0,1,2,1,0,0,1,0,1,0,0,0,0,0,0,0,0,0,0,0,0,1
NERC7,1990,0,0,2,2,0,0,1,0,1,0,0,0,1,0,0,0,0,1,0,0,0,1,0,0,0,0,0,0,0,0,0,1
NERC7,1991,0,0,1,1,0,0,0,0,0,1,0,0,2,0,0,0,3,0,0,1,0,0,0,0,2,1,0,0,0,0,0,0
NERC7,1992,0,0,0,2,0,0,0,0,0,1,0,0,1,2,0,0,0,0,0,0,0,1,0,1,0,0,0,0,0,0,0,0
NERC7,1993,0,1,0,3,0,0,1,0,1,0,0,0,2,1,0,0,0,0,0,0,1,0,0,0,0,1,0,0,0,0,0,0
NERC7,1994,0,0,2,1,0,1,1,0,0,0,1,0,1,0,0,0,0,0,2,0,0,1,0,1,0,0,2,1,0,0,0,1
NERC7,1995,0,1,1,3,0,0,1,0,0,0,0,0,0,3,0,0,0,0,0,0,0,1,0,0,0,0,0,2,0,0,1,1
NERC7,1996,1,1,0,1,2,3,0,0,1,0,0,0,2,0,0,0,1,1,0,0,0,1,0,1,0,0,0,0,0,0,1,1
NERC7,1997,0,0,1,3,1,1,0,0,0,1,1,0,1,0,2,0,0,1,0,0,0,0,0,0,2,1,0,1,0,0,0,0
NERC7,1998,0,0,1,3,0,0,0,1,0,0,0,1,1,1,0,0,0,2,1,1,0,2,0,0,1,0,0,1,0,0,1,1
NERC7,1999,0,0,1,2,0,1,2,0,0,0,0,0,0,0,0,0,3,1,0,0,2,0,0,0,0,0,0,0,0,1,0,1
NERC7,2000,0,0,1,5,0,2,0,0,0,1,0,0,0,0,1,0,1,1,0,0,1,0,1,0,0,0,3,0,0,0,0,1
NERC7,2001,0,0,0,1,1,0,2,2,0,1,0,1,0,1,0,0,1,0,1,0,0,1,0,0,0,0,0,0,0,0,1,2
NERC7,2002,0,0,1,0,0,1,2,1,0,0,0,0,1,2,1,0,0,1,4,0,1,1,0,1,0,0,1,0,0,0,0,2
NERC7,2003,0,0,1,0,1,0,1,0,1,0,0,0,1,0,1,0,0,0,1,0,0,1,0,0,0,0,0,0,0,0,0,3
NERC7,2004,0,1,0,1,0,0,0,0,2,0,1,0,1,1,0,0,0,0,0,0,0,0,1,0,0,0,0,0,0,0,1,0
NERC7,2005,0,0,0,2,0,0,0,0,0,1,1,0,1,1,0,0,1,0,0,0,0,0,0,0,1,1,0,1,0,0,0,2
NERC7,2006,0,1,0,2,0,0,0,0,0,0,2,1,2,0,0,0,2,2,2,0,0,0,0,0,0,1,0,0,0,0,0,2
NERC7,2007,0,0,0,2,0,0,0,0,0,2,3,0,4,0,0,0,0,1,0,0,1,0,1,1,0,0,0,0,0,0,2,1
NERC7,2008,0,3,1,3,0,0,0,0,1,1,1,0,1,1,0,0,1,1,1,1,0,0,0,0,0,0,0,0,0,0,1,1
NERC7,2009,0,1,0,0,0,1,0,3,1,0,0,0,2,1,0,0,1,3,0,0,0,1,1,0,0,1,1,0,0,0,0,0
NERC7,2010,0,0,0,0,1,1,1,1,1,2,1,0,0,0,0,0,0,0,3,0,1,0,0,0,1,2,0,0,0,0,1,1
NERC7,2011,0,0,0,0,0,0,0,1,2,1,0,0,3,0,0,0,0,0,1,1,0,0,0,0,0,1,0,0,0,0,0,3
NERC7,2012,0,0,0,0,0,2,2,2,0,1,0,0,0,1,1,0,2,0,0,1,0,0,0,0,0,1,1,0,0,0,1,1
NERC7,2013,0,0,0,0,0,0,1,1,0,2,2,1,2,1,0,0,0,0,0,0,1,0,0,0,2,0,1,3,0,1,2,0
NERC7,2014,0,0,0,0,1,0,1,0,0,1,0,1,3,0,0,0,0,0,0,0,3,0,0,1,0,1,0,0,0,0,1,0
NERC7,2015,0,0,0,0,0,1,1,0,2,1,0,1,1,1,1,0,0,0,0,0,2,1,0,0,2,3,1,0,0,1,0,1
NERC7,2016,0,0,0,0,0,1,0,3,2,0,1,1,0,1,0,0,0,0,0,0,0,1,0,0,0,3,1,1,0,0,2,1
NERC7,2017,0,0,0,0,0,0,0,0,0,3,1,0,1,0,0,0,0,0,0,0,2,1,2,0,0,0,0,0,0,0,1,0
NERC7,2018,0,0,0,0,0,2,1,0,0,0,1,2,1,1,0,0,0,0,0,0,1,0,0,0,0,2,1,1,0,0,0,1
NERC7,2019,0,0,0,0,0,0,2,0,3,1,2,0,1,1,0,0,0,0,0,0,0,1,1,0,0,0,1,2,0,0,1,1
NERC7,2020,0,0,0,0,0,0,3,1,2,0,1,0,0,1,1,0,0,0,0,0,1,2,1,1,1,0,0,0,0,0,1,3
NERC7,2021,0,0,0,0,0,0,2,2,0,0,0,0,1,0,0,0,0,0,0,0,2,2,0,1,0,0,1,0,0,0,1,3
NERC7,2022,0,0,0,0,1,3,0,2,2,0,1,1,2,1,0,0,0,0,0,0,1,0,0,0,1,0,1,2,0,0,1,1
NERC7,2023,0,0,0,0,0,0,3,0,2,0,1,3,1,0,1,0,0,0,0,0,0,0,0,0,1,0,2,0,0,0,0,3
NERC7,2024,0,0,0,0,0,1,1,1,0,0,1,0,1,0,0,0,0,0,0,0,0,1,0,1,2,0,0,0,0,0,0,4
NERC8,1980,0,0,0,5,2,1,0,0,0,1,0,0,2,0,0,0,0,0,1,0,0,1,0,1,0,0,0,1,0,0,1,2
NERC8,1981,0,0,1,0,0,0,1,1,0,3,0,0,1,0,0,0,0,1,1,0,2,1,0,0,0,2,0,0,0,0,1,0
NERC8,1982,0,0,1,1,0,0,3,0,0,0,0,0,2,0,0,0,0,0,0,0,1,2,0,0,0,1,0,0,0,1,0,0
NERC8,1983,0,0,0,1,0,0,0,1,0,0,0,1,1,1,0,0,0,2,0,0,1,0,0,0,0,0,1,0,0,1,2,0
NERC8,1984,0,2,0,0,0,0,2,0,0,0,0,0,1,0,0,0,1,3,0,0,0,0,1,0,0,0,0,0,0,0,0,0
NERC8,1985,0,0,1,1,1,0,0,0,0,2,0,0,5,0,0,0,0,1,1,1,0,0,2,0,0,0,0,0,0,0,0,0
NERC8,1986,0,1,0,1,0,2,0,0,0,0,0,0,1,0,0,0,1,0,1,0,1,0,0,0,1,0,0,0,1,0,0,1
NERC8,1987,0,0,1,0,0,0,1,1,0,1,1,0,0,1,0,0,0,1,0,1,2,0,0,0,0,0,1,0,1,0,0,1
NERC8,1988,0,0,0,2,1,0,2,0,1,0,0,0,1,1,0,0,2,0,0,1,0,1,0,0,0,0,2,0,0,0,0,1
NERC8,1989,0,0,0,4,0,1,0,0,0,1,0,0,2,0,0,0,0,1,0,0,2,0,0,0,0,1,0,0,0,1,0,0
NERC8,1990,0,0,0,1,1,0,0,0,0,0,0,0,1,0,0,0,2,1,0,1,0,1,0,0,0,1,0,1,0,0,1,0
NERC8,1991,0,1,5,1,0,0,0,0,0,1,1,0,0,0,0,0,4,0,1,0,0,0,0,0,0,0,1,0,1,0,1,0
NERC8,1992,0,0,0,0,0,0,0,0,0,0,0,1,0,1,0,0,1,0,0,0,1,1,0,0,0,1,0,0,0,0,0,0
NERC8,1993,0,2,2,3,0,0,2,1,1,0,2,0,0,1,0,0,0,0,0,0,1,0,0,0,1,1,1,0,2,0,1,0
NERC8,1994,0,0,1,0,1,0,0,0,1,1,0,0,1,1,0,0,0,0,0,0,0,0,1,0,1,0,0,0,0,0,1,0
NERC8,1995,0,0,0,1,1,2,1,1,0,1,0,1,0,1,0,0,1,1,0,1,0,0,0,0,1,2,0,0,0,1,0,0
NERC8,1996,0,0,0,1,0,1,1,0,3,1,1,0,2,0,0,0,1,0,0,0,0,0,0,1,0,0,2,2,0,0,0,0
NERC8,1997,0,0,0,1,0,0,2,1,0,0,0,0,2,0,1,0,0,1,0,0,0,0,3,0,0,0,0,0,0,0,0,1
NERC8,1998,0,0,2,1,0,0,0,0,1,0,0,0,1,0,0,0,0,1,2,0,0,0,0,1,0,0,0,1,0,0,2,0
NERC8,1999,0,0,0,2,0,0,0,0,0,0,1,0,1,0,0,0,2,0,1,0,0,0,0,0,1,0,0,1,0,0,0,1
NERC8,2000,0,0,0,2,0,0,0,0,0,0,0,0,1,0,1,0,0,0,0,0,0,1,0,0,0,0,0,2,0,0,0,3
NERC8,2001,0,0,0,1,1,2,0,1,1,1,1,0,0,1,0,0,1,0,1,0,0,0,0,1,0,0,1,0,0,0,0,1
NERC8,2002,0,0,2,0,0,1,1,0,1,2,0,0,0,0,0,0,1,0,0,0,1,1,1,0,0,0,0,1,0,0,2,0
NERC8,2003,0,0,1,3,0,1,1,0,0,3,0,0,1,0,0,0,0,1,1,0,1,0,0,0,0,1,0,2,0,0,0,0
NERC8,2004,0,0,2,2,1,1,0,0,2,2,0,0,0,0,0,0,0,1,0,0,0,1,1,0,0,0,0,0,0,0,0,0
NERC8,2005,0,1,0,2,0,0,0,0,1,0,0,1,1,1,1,0,1,0,2,0,0,0,3,0,0,0,0,0,0,0,0,1
NERC8,2006,0,0,0,1,1,0,1,0,1,0,0,0,0,1,0,0,1,1,0,0,0,1,1,0,0,0,0,1,0,0,0,3
NERC8,2007,0,0,1,1,0,0,0,0,0,1,2,1,2,1,0,0,1,0,0,0,1,0,0,0,0,0,0,0,0,0,0,1
NERC8,2008,0,0,1,4,1,1,0,0,0,0,1,0,2,1,1,0,3,0,0,0,2,0,0,0,0,0,0,1,0,0,1,0
NERC8,2009,0,0,2,4,0,0,2,0,1,0,0,0,1,2,0,0,0,1,0,0,0,0,0,0,0,0,0,1,0,0,2,0
NERC8,2010,0,0,0,0,0,2,1,0,0,0,0,1,1,2,0,0,2,1,0,0,1,1,1,0,1,1,0,0,0,0,0,1
NERC8,2011,0,0,0,2,0,0,1,0,0,0,1,0,3,1,0,0,0,2,0,0,0,0,0,1,0,0,0,2,0,0,0,2
NERC8,2012,0,1,1,0,0,0,1,0,0,0,0,0,0,1,0,0,0,0,0,1,0,1,0,0,0,0,0,2,0,0,0,2
NERC8,2013,0,0,0,3,0,2,1,0,0,0,3,0,2,0,2,0,0,1,0,0,0,0,0,1,0,0,1,0,0,1,0,1
NERC8,2014,0,1,2,0,0,0,0,0,3,1,0,1,2,1,0,0,0,3,1,1,1,0,2,0,0,2,0,1,0,0,0,0
NERC8,2015,0,0,0,0,0,1,1,0,1,2,0,0,2,1,0,0,1,0,0,0,1,0,0,0,0,1,1,0,0,2,0,0
NERC8,2016,0,0,0,0,0,0,1,2,1,1,0,0,0,2,1,0,0,0,0,0,0,0,0,0,1,1,0,0,0,2,1,1
NERC8,2017,0,0,0,0,0,0,1,0,0,0,0,1,2,0,0,0,2,0,0,0,0,2,1,0,0,1,1,1,0,0,0,0
NERC8,2018,0,0,0,0,0,0,0,3,0,1,3,0,2,1,0,0,0,1,0,0,0,1,0,0,0,0,3,2,0,0,1,1
NERC8,2019,0,0,0,0,0,1,2,3,3,2,0,0,0,1,0,0,1,0,0,0,2,0,0,0,1,2,0,0,1,0,1,1
NERC8,2020,0,0,0,0,0,0,2,0,0,2,1,1,0,0,0,0,0,0,0,0,3,1,0,0,0,1,2,0,0,1,1,0
NERC8,2021,0,0,0,0,0,0,0,2,0,0,0,1,1,0,0,0,0,0,0,0,6,0,0,0,0,0,1,0,0,1,1,0
NERC8,2022,0,0,0,0,0,0,2,1,3,1,1,1,2,2,0,1,0,0,0,0,0,1,1,0,0,0,0,0,0,0,2,3
NERC8,2023,0,0,0,0,0,0,1,3,0,0,0,0,0,1,0,0,0,0,0,0,0,0,0,1,0,0,0,3,0,0,0,2
NERC8,2024,0,0,0,0,0,0,0,1,0,0,0,0,1,0,0,0,0,0,0,0,0,0,0,0,1,0,0,2,0,0,2,2
NERC9,1980,0,1,1,3,2,0,0,2,2,0,0,0,2,0,0,0,0,1,0,0,1,1,1,2,0,0,2,0,0,0,0,1
NERC9,1981,0,0,0,1,1,0,0,0,2,1,0,0,1,1,0,0,0,0,0,1,1,1,0,0,0,0,0,0,0,1,1,1
NERC9,1982,0,1,2,2,0,1,0,0,0,0,0,1,1,1,0,0,1,0,0,0,1,1,0,0,0,1,0,0,0,0,1,0
NERC9,1983,0,0,4,1,1,0,1,1,0,0,0,0,1,0,1,0,2,0,0,0,1,1,0,0,1,0,0,0,0,0,2,0
NERC9,1984,0,0,1,1,3,1,0,0,1,0,1,0,1,0,0,0,0,0,1,0,0,0,0,0,0,0,0,0,0,0,0,0
NERC9,1985,0,0,0,2,1,1,0,0,2,1,0,0,5,0,0,0,0,0,2,0,1,1,0,0,0,0,0,0,0,0,0,0
NERC9,1986,1,0,3,2,0,0,0,0,1,1,0,1,0,0,0,0,0,3,0,0,2,0,0,0,0,0,0,0,0,0,0,1
NERC9,1987,0,0,4,1,0,1,0,1,0,0,1,0,0,1,0,0,2,0,1,0,2,0,0,0,0,0,0,0,0,0,2,0
NERC9,1988,0,0,1,1,1,0,3,0,1,1,0,0,1,0,0,0,0,0,0,0,0,2,1,0,1,0,2,0,0,0,0,1
NERC9,1989,0,0,1,2,0,1,0,0,1,0,0,0,2,1,0,0,0,0,0,0,3,0,0,0,2,0,0,0,0,0,1,0
NERC9,1990,0,1,0,0,0,0,1,0,1,0,0,0,0,0,0,0,0,0,1,2,0,0,1,0,0,0,0,2,0,0,0,0
NERC9,1991,0,1,2,1,0,2,0,2,0,1,0,0,0,0,0,0,2,0,0,0,2,1,0,0,1,1,0,0,0,0,0,0
NERC9,1992,0,0,0,1,0,0,0,2,0,0,0,0,1,0,0,0,2,0,0,0,1,1,0,0,0,2,0,0,0,0,0,0
NERC9,1993,0,1,2,1,1,2,0,1,0,1,0,0,0,0,0,0,1,1,1,0,0,0,1,0,0,0,1,1,0,0,0,1
NERC9,1994,0,1,2,0,0,0,0,0,1,1,1,1,1,1,0,0,0,2,0,0,1,1,0,0,0,0,0,0,0,0,0,0
NERC9,1995,1,1,1,3,0,0,0,0,1,0,1,0,0,2,0,0,1,1,0,0,0,0,1,0,0,1,0,0,0,0,0,3
NERC9,1996,0,2,2,3,0,0,0,0,1,1,1,0,4,0,0,0,2,1,0,0,0,0,1,0,0,1,0,1,0,0,0,0
NERC9,1997,0,0,1,0,0,0,0,0,0,1,1,0,1,0,2,0,0,0,0,0,0,0,0,0,0,0,1,0,0,0,1,0
NERC9,1998,0,1,0,2,0,0,0,0,0,0,0,1,1,1,0,0,0,2,0,1,1,0,0,2,0,0,1,1,0,0,0,3
NERC9,1999,0,0,0,2,0,0,0,0,1,0,0,0,1,0,1,0,0,0,0,1,0,0,0,0,0,1,0,1,0,1,0,1
NERC9,2000,0,2,0,1,0,0,0,0,0,0,1,0,3,1,1,0,1,0,0,0,0,0,0,2,0,0,0,2,0,0,0,1
NERC9,2001,0,1,1,0,0,0,0,0,0,0,2,0,2,1,1,0,0,1,1,0,2,1,0,0,0,0,1,0,0,0,0,0
NERC9,2002,0,0,2,2,0,0,0,0,2,2,0,0,1,0,0,1,1,1,0,0,0,0,0,1,0,0,0,0,0,0,0,0
NERC9,2003,0,1,4,4,0,0,0,0,0,1,1,1,2,1,0,0,0,1,0,0,0,0,0,0,1,0,1,0,0,0,0,0
NERC9,2004,0,1,1,0,0,0,0,0,1,3,1,0,2,0,1,0,1,0,0,0,0,1,0,0,0,1,1,0,0,0,0,0
NERC9,2005,1,0,1,1,0,0,0,0,0,1,0,0,1,0,1,0,0,1,2,0,0,0,0,0,0,1,0,0,1,0,1,1
NERC9,2006,0,0,2,2,0,0,0,0,1,1,0,1,1,1,0,0,1,1,0,1,0,0,0,0,0,1,0,1,0,0,0,2
NERC9,2007,0,0,1,2,0,0,0,0,0,1,1,0,1,1,1,0,4,0,0,0,1,0,0,0,0,0,0,0,0,0,1,1
NERC9,2008,0,1,2,0,0,2,1,1,1,2,1,0,2,0,0,0,2,0,0,0,2,0,1,0,0,1,0,2,0,0,0,0
NERC9,2009,0,0,0,0,0,0,1,2,0,5,0,0,1,1,0,0,0,0,1,0,1,0,1,0,0,1,1,1,0,0,0,0
NERC9,2010,0,0,0,0,0,0,1,2,3,1,0,0,2,1,0,0,0,0,0,0,0,1,0,0,0,0,0,0,0,1,2,2
NERC9,2011,0,0,0,0,0,0,1,1,0,1,0,0,3,0,1,1,0,0,0,0,0,0,0,2,0,0,0,2,0,0,1,3
NERC9,2012,0,0,0,0,0,1,1,0,1,3,1,0,0,0,0,0,0,0,1,1,0,0,1,0,0,0,2,1,0,0,0,1
NERC9,2013,0,0,0,0,0,0,2,3,0,0,1,3,1,2,2,0,1,1,0,0,0,0,0,0,0,0,2,0,0,0,0,0
NERC9,2014,0,0,0,0,0,0,0,2,1,3,0,0,3,1,1,0,0,2,0,0,0,2,0,0,0,0,0,0,0,0,0,0
NERC9,2015,0,0,0,0,0,1,1,3,1,0,0,0,3,0,0,0,0,2,0,0,0,0,1,0,1,0,0,0,1,0,1,2
NERC9,2016,0,0,0,0,0,2,0,4,1,1,2,0,0,1,0,0,1,0,0,0,1,1,0,0,0,3,0,0,0,2,2,0
NERC9,2017,0,0,0,0,0,0,0,0,0,1,0,1,1,1,0,0,1,0,1,0,1,0,0,0,0,1,1,0,0,0,1,0
NERC9,2018,0,0,0,0,0,0,2,2,0,0,1,1,2,1,0,0,2,1,0,0,0,1,0,0,1,0,3,0,0,0,2,1
NERC9,2019,0,0,0,0,0,2,0,4,1,2,1,0,1,0,0,0,0,0,0,0,0,0,0,0,1,1,0,0,0,0,2,0
NERC9,2020,0,0,0,0,0,1,4,0,0,1,0,0,0,1,0,0,0,1,0,1,0,1,1,0,0,2,1,0,0,2,0,0
NERC9,2021,0,0,0,0,0,0,0,2,0,0,0,1,1,1,0,0,0,0,0,0,2,0,0,0,2,1,0,0,0,1,1,0
NERC9,2022,0,0,0,0,0,1,4,1,0,2,0,0,3,1,0,1,0,0,0,0,1,0,2,1,1,0,0,0,0,0,0,3
NERC9,2023,0,0,0,0,0,1,2,5,0,0,1,1,0,0,0,0,0,0,0,0,0,0,1,1,0,0,0,1,0,0,0,4
NERC9,2024,0,0,0,0,0,1,2,2,0,0,0,0,1,0,0,0,0,0,0,0,0,0,0,0,1,1,1,0,0,1,2,2
