start_date,end_date,centroid_date,lowest_temperature_k,duration_days,nerc_id,spatial_coverage,inter_event_recovery_interval_days,cumulative_heat_stress_index,yearly_max_heat_wave_intensity,yearly_max_heat_wave_duration,yearly_max_heat_wave_intensity_trend,yearly_max_heat_wave_duration_trend
1980-01-05,1980-01-11,1980-01-11,262.381392415454,7,NERC,52.8888888888889,6.0,1836.669746908178,274.328018588722,18,,
1980-01-17,1980-02-01,1980-01-28,256.732658543115,16,NERC,67.1111111111111,-7.0,5944.392283598018,274.328018588722,18,,
1980-01-25,1980-02-01,1980-01-27,256.815153403712,8,NERC,53.4883720930233,-6.0,7998.913510827714,274.328018588722,18,,
1980-01-26,1980-02-04,1980-01-29,246.192652631364,10,NERC,40.5063291139241,-8.0,10460.840037141355,274.328018588722,18,,
1980-01-27,1980-02-05,1980-01-31,256.584219129576,10,NERC,56.25,-9.0,13026.682228437116,274.328018588722,18,,
1980-01-27,1980-02-05,1980-02-01,251.761582540879,10,NERC,42.2818791946309,-7.0,15544.298053845905,274.328018588722,18,,
1980-01-29,1980-02-15,1980-02-01,256.530138643466,18,NERC,69.4214876033058,-16.0,20161.840549428292,274.328018588722,18,,
1980-01-29,1980-02-07,1980-02-01,256.141392806438,10,NERC,54.3650793650794,-9.0,22723.254477492672,274.328018588722,18,,
1980-01-30,1980-02-15,1980-02-02,260.959951326255,17,NERC,63.9484978540773,-14.0,27159.573650039005,274.328018588722,18,,
1980-01-30,1980-02-09,1980-02-01,255.586731485284,11,NERC,85.2459016393443,-10.0,29971.027696377132,274.328018588722,18,,
1980-01-30,1980-02-07,1980-02-01,254.540225873747,9,NERC,67.1641791044776,-8.0,32261.889729240855,274.328018588722,18,,
1980-02-01,1980-02-13,1980-02-02,265.683429473681,13,NERC,38.0165289256198,-11.0,35715.77431239871,274.328018588722,18,,
1980-02-01,1980-02-06,1980-02-01,266.890737516502,6,NERC,51.8518518518519,-5.0,37317.118737497716,274.328018588722,18,,
1980-02-02,1980-02-10,1980-02-02,274.328018588722,9,NERC,68.421052631579,-2.0,39786.070904796215,274.328018588722,18,,
1980-02-08,1980-02-13,1980-02-12,258.806095568241,6,NERC,55.625,-3.0,41338.90747820566,274.328018588722,18,,
1980-02-10,1980-02-12,1980-02-10,269.036030158089,3,NERC,48.1481481481482,14.0,42146.015568679926,274.328018588722,18,,
1980-02-26,1980-03-03,1980-03-01,251.526892023983,7,NERC,88.5245901639344,-5.0,43906.70381284781,274.328018588722,18,,
1980-02-27,1980-03-03,1980-03-01,253.720975229971,6,NERC,57.3412698412698,-4.0,45429.02966422764,274.328018588722,18,,
1980-02-28,1980-03-03,1980-03-01,252.403821882736,5,NERC,67.1641791044776,-2.0,46691.04877364132,274.328018588722,18,,
1980-03-01,1980-03-05,1980-03-03,256.970960267018,5,NERC,66.9527896995708,275.0,47975.90357497641,274.328018588722,18,,
1980-12-05,1980-12-09,1980-12-07,262.564515058366,5,NERC,67.5555555555556,11.0,49288.72615026824,274.328018588722,18,,
1980-12-20,1980-12-22,1980-12-21,271.112947611006,3,NERC,36.7021276595745,12.0,50102.06499310125,274.328018588722,18,,
1981-01-03,1981-01-18,1981-01-12,259.938641335246,16,NERC,60.9442060085837,-15.0,4159.018261363936,274.111953103757,23,-0.2160654849649859,5.0
1981-01-03,1981-01-22,1981-01-05,245.507405071976,20,NERC,67.1641791044776,-19.0,9069.166362803455,274.111953103757,23,-0.2160654849649859,5.0
1981-01-03,1981-01-21,1981-01-12,248.576790728664,19,NERC,51.984126984127,-18.0,13792.125386648073,274.111953103757,23,-0.2160654849649859,5.0
1981-01-03,1981-01-23,1981-01-12,247.863416568049,21,NERC,86.8852459016394,-19.0,18997.2571345771,274.111953103757,23,-0.2160654849649859,5.0
1981-01-04,1981-01-18,1981-01-12,254.448553077644,15,NERC,64.8760330578512,-13.0,22813.985430741763,274.111953103757,23,-0.2160654849649859,5.0
1981-01-05,1981-01-27,1981-01-13,269.385064752285,23,NERC,70.1754385964912,-17.0,29009.841920044317,274.111953103757,23,-0.2160654849649859,5.0
1981-01-10,1981-01-15,1981-01-12,262.646408324648,6,NERC,36.3636363636364,2.0,30585.720369992203,274.111953103757,23,-0.2160654849649859,5.0
1981-01-17,1981-01-20,1981-01-17,271.90032126808,4,NERC,65.9574468085106,8.0,31673.321655064523,274.111953103757,23,-0.2160654849649859,5.0
1981-01-28,1981-01-31,1981-01-31,274.050952371793,4,NERC,61.1111111111111,2.0,32769.5254645517,274.111953103757,23,-0.2160654849649859,5.0
1981-02-02,1981-02-05,1981-02-03,255.615709269844,4,NERC,40.9395973154362,-2.0,33791.98830163107,274.111953103757,23,-0.2160654849649859,5.0
1981-02-03,1981-02-06,1981-02-03,259.937478205166,4,NERC,63.2231404958678,-3.0,34831.73821445173,274.111953103757,23,-0.2160654849649859,5.0
1981-02-03,1981-02-07,1981-02-05,252.732745175589,5,NERC,52.1825396825397,-4.0,36095.401940329684,274.111953103757,23,-0.2160654849649859,5.0
1981-02-03,1981-02-07,1981-02-05,263.427440137305,5,NERC,56.6523605150215,312.0,37412.539141016205,274.111953103757,23,-0.2160654849649859,5.0
1981-02-03,1981-02-06,1981-02-04,274.111953103757,4,NERC,73.6842105263158,-3.0,38508.98695343123,274.111953103757,23,-0.2160654849649859,5.0
1981-12-16,1981-12-19,1981-12-18,248.001046030439,4,NERC,45.5696202531646,-2.0,39500.99113755299,274.111953103757,23,-0.2160654849649859,5.0
1981-12-17,1981-12-20,1981-12-19,266.969181304349,4,NERC,67.283950617284,-3.0,40568.867862770385,274.111953103757,23,-0.2160654849649859,5.0
1981-12-17,1981-12-21,1981-12-19,258.397708718951,5,NERC,76.8595041322314,-2.0,41860.85640636514,274.111953103757,23,-0.2160654849649859,5.0
1981-12-19,1981-12-22,1981-12-21,263.456028960962,4,NERC,72.9613733905579,10.0,42914.68052220899,274.111953103757,23,-0.2160654849649859,5.0
1982-01-01,1982-01-08,1982-01-03,273.099071440961,8,NERC,87.037037037037,-7.0,2184.792571527688,274.681101207425,26,0.5691481036679988,3.0
1982-01-01,1982-01-16,1982-01-06,255.189070455449,16,NERC,75.1111111111111,-15.0,6267.817698814872,274.681101207425,26,0.5691481036679988,3.0
1982-01-01,1982-01-26,1982-01-17,231.428978638604,26,NERC,43.2489451476793,-20.0,12284.971143418576,274.681101207425,26,0.5691481036679988,3.0
1982-01-06,1982-01-18,1982-01-10,248.943155494644,13,NERC,41.5625,-11.0,15521.232164848949,274.681101207425,26,0.5691481036679988,3.0
1982-01-07,1982-01-22,1982-01-10,241.158890409209,16,NERC,51.006711409396,-14.0,19379.77441139629,274.681101207425,26,0.5691481036679988,3.0
1982-01-08,1982-01-19,1982-01-11,253.882399481162,12,NERC,28.5123966942149,-11.0,22426.363205170237,274.681101207425,26,0.5691481036679988,3.0
1982-01-08,1982-02-02,1982-01-17,242.067358401115,26,NERC,35.7142857142857,-24.0,28720.114523599226,274.681101207425,26,0.5691481036679988,3.0
1982-01-08,1982-01-18,1982-01-11,257.276987297926,11,NERC,64.8148148148148,-10.0,31550.161383876413,274.681101207425,26,0.5691481036679988,3.0
1982-01-08,1982-01-19,1982-01-17,248.319777080951,12,NERC,69.0082644628099,-11.0,34529.99870884782,274.681101207425,26,0.5691481036679988,3.0
1982-01-08,1982-01-31,1982-01-18,248.753807291382,24,NERC,90.1639344262295,-23.0,40500.090083840994,274.681101207425,26,0.5691481036679988,3.0
1982-01-08,1982-01-17,1982-01-11,259.91032951541,10,NERC,34.5744680851064,-9.0,43099.19337899509,274.681101207425,26,0.5691481036679988,3.0
1982-01-09,1982-02-01,1982-01-18,245.958992925796,24,NERC,64.1791044776119,-22.0,49002.2092092142,274.681101207425,26,0.5691481036679988,3.0
1982-01-10,1982-01-17,1982-01-12,269.226528644395,8,NERC,68.421052631579,-7.0,51156.02143836935,274.681101207425,26,0.5691481036679988,3.0
1982-01-10,1982-01-28,1982-01-11,254.752695595826,19,NERC,52.3605150214592,-10.0,55996.32265469005,274.681101207425,26,0.5691481036679988,3.0
1982-01-18,1982-01-23,1982-01-22,272.584141815039,6,NERC,90.7407407407407,7.0,57631.82750558029,274.681101207425,26,0.5691481036679988,3.0
1982-01-30,1982-02-12,1982-02-05,246.680678327822,14,NERC,61.6279069767442,-12.0,61085.357002169796,274.681101207425,26,0.5691481036679988,3.0
1982-01-31,1982-02-12,1982-02-06,237.21036535134,13,NERC,51.2658227848101,-10.0,64169.091751737215,274.681101207425,26,0.5691481036679988,3.0
1982-02-02,1982-02-12,1982-02-05,259.075252805608,11,NERC,76.0,-10.0,67018.9195325989,274.681101207425,26,0.5691481036679988,3.0
1982-02-02,1982-02-13,1982-02-06,254.608790767861,12,NERC,57.8125,-10.0,70074.22502181322,274.681101207425,26,0.5691481036679988,3.0
1982-02-03,1982-02-13,1982-02-10,243.863410569337,11,NERC,47.6510067114094,-9.0,72756.72253807593,274.681101207425,26,0.5691481036679988,3.0
1982-02-04,1982-02-10,1982-02-06,268.314071674698,7,NERC,42.5531914893617,314.0,74634.92103979882,274.681101207425,26,0.5691481036679988,3.0
1982-12-21,1982-12-31,1982-12-29,270.702531737261,11,NERC,79.5454545454546,-7.0,77612.64888890869,274.681101207425,26,0.5691481036679988,3.0
1982-12-24,1982-12-31,1982-12-29,254.751555405832,8,NERC,75.5813953488372,-7.0,79650.66133215535,274.681101207425,26,0.5691481036679988,3.0
1982-12-24,1982-12-31,1982-12-29,263.475071112015,8,NERC,80.8888888888889,-3.0,81758.46190105147,274.681101207425,26,0.5691481036679988,3.0
1982-12-28,1982-12-31,1982-12-30,272.338211776411,4,NERC,56.9148936170213,-2.0,82847.81474815712,274.681101207425,26,0.5691481036679988,3.0
1982-12-29,1982-12-31,1982-12-30,274.681101207425,3,NERC,53.7037037037037,16.0,83671.85805177939,274.681101207425,26,0.5691481036679988,3.0
1983-01-16,1983-01-22,1983-01-20,252.374092399187,7,NERC,86.8852459016394,-6.0,1766.618646794309,272.950904353479,32,-1.7301968539459835,6.0
1983-01-16,1983-01-22,1983-01-19,249.711304111003,7,NERC,74.6268656716418,-6.0,3514.5977755713297,272.950904353479,32,-1.7301968539459835,6.0
1983-01-16,1983-01-23,1983-01-19,263.691651668488,8,NERC,51.931330472103,-5.0,5624.130988919234,272.950904353479,32,-1.7301968539459835,6.0
1983-01-18,1983-01-24,1983-01-19,272.950904353479,7,NERC,64.8148148148148,-6.0,7534.787319393587,272.950904353479,32,-1.7301968539459835,6.0
1983-01-18,1983-01-26,1983-01-19,267.69426762583,9,NERC,42.5619834710744,-7.0,9944.035728026058,272.950904353479,32,-1.7301968539459835,6.0
1983-01-19,1983-01-23,1983-01-23,272.241609649934,5,NERC,62.7659574468085,17.0,11305.243776275727,272.950904353479,32,-1.7301968539459835,6.0
1983-02-09,1983-02-12,1983-02-10,251.756241805104,4,NERC,76.1194029850746,287.0,12312.268743496143,272.950904353479,32,-1.7301968539459835,6.0
1983-11-26,1983-11-29,1983-11-27,271.76233015347,4,NERC,70.4545454545455,1.0,13399.318064110023,272.950904353479,32,-1.7301968539459835,6.0
1983-11-30,1983-12-31,1983-12-25,247.040812882219,32,NERC,41.875,-28.0,21304.62407634103,272.950904353479,32,-1.7301968539459835,6.0
1983-12-03,1983-12-31,1983-12-24,246.919730082671,29,NERC,59.3023255813954,-27.0,28465.29624873849,272.950904353479,32,-1.7301968539459835,6.0
1983-12-04,1983-12-31,1983-12-23,253.897418984883,28,NERC,68.8888888888889,-26.0,35574.423980315216,272.950904353479,32,-1.7301968539459835,6.0
1983-12-05,1983-12-31,1983-12-19,234.262428577817,27,NERC,43.4599156118143,-19.0,41899.50955191627,272.950904353479,32,-1.7301968539459835,6.0
1983-12-12,1983-12-31,1983-12-25,240.654516332144,20,NERC,60.4026845637584,-19.0,46712.59987855915,272.950904353479,32,-1.7301968539459835,6.0
1983-12-12,1983-12-31,1983-12-25,257.560494115708,20,NERC,44.1489361702128,-19.0,51863.809760873315,272.950904353479,32,-1.7301968539459835,6.0
1983-12-12,1983-12-31,1983-12-25,256.083978699992,20,NERC,61.7283950617284,-18.0,56985.48933487316,272.950904353479,32,-1.7301968539459835,6.0
1983-12-13,1983-12-31,1983-12-25,247.314874116676,19,NERC,55.7851239669422,-17.0,61684.47194309,272.950904353479,32,-1.7301968539459835,6.0
1983-12-14,1983-12-31,1983-12-25,253.907107747046,18,NERC,38.4297520661157,-15.0,66254.79988253683,272.950904353479,32,-1.7301968539459835,6.0
1983-12-16,1983-12-31,1983-12-25,248.254688914069,16,NERC,52.9761904761905,-13.0,70226.87490516192,272.950904353479,32,-1.7301968539459835,6.0
1983-12-18,1983-12-31,1983-12-25,254.494720191781,14,NERC,53.2188841201717,-7.0,73789.80098784686,272.950904353479,32,-1.7301968539459835,6.0
1983-12-24,1983-12-27,1983-12-26,268.78887932966,4,NERC,87.719298245614,-3.0,74864.95650516551,272.950904353479,32,-1.7301968539459835,6.0
1983-12-24,1983-12-27,1983-12-25,252.587664535818,4,NERC,96.7213114754098,-3.0,75875.30716330878,272.950904353479,32,-1.7301968539459835,6.0
1983-12-24,1983-12-28,1983-12-25,250.37947838416,5,NERC,67.1641791044776,12.0,77127.20455522957,272.950904353479,32,-1.7301968539459835,6.0
1984-01-09,1984-01-23,1984-01-20,234.668695335068,15,NERC,50.42194092827,-12.0,3520.03043002602,273.221769510219,22,0.2708651567400011,-10.0
1984-01-11,1984-01-25,1984-01-20,246.780277999803,15,NERC,51.006711409396,-14.0,7221.734600023065,273.221769510219,22,0.2708651567400011,-10.0
1984-01-11,1984-01-23,1984-01-18,259.142569967673,13,NERC,74.6666666666667,-12.0,10590.588009602814,273.221769510219,22,0.2708651567400011,-10.0
1984-01-11,1984-01-23,1984-01-22,248.312270031677,13,NERC,86.8852459016394,-12.0,13818.647520014616,273.221769510219,22,0.2708651567400011,-10.0
1984-01-11,1984-01-27,1984-01-21,263.693136911508,17,NERC,50.6172839506173,-16.0,18301.43084751025,273.221769510219,22,0.2708651567400011,-10.0
1984-01-11,1984-01-27,1984-01-18,247.449339646492,17,NERC,70.9302325581395,-15.0,22508.069621500617,273.221769510219,22,0.2708651567400011,-10.0
1984-01-12,1984-01-27,1984-01-19,254.847225782166,16,NERC,55.9375,-14.0,26585.62523401527,273.221769510219,22,0.2708651567400011,-10.0
1984-01-13,1984-01-27,1984-01-21,266.600744755468,15,NERC,37.7659574468085,-13.0,30584.63640534729,273.221769510219,22,0.2708651567400011,-10.0
1984-01-13,1984-01-26,1984-01-21,250.25458347121,14,NERC,60.3305785123967,-13.0,34088.20057394423,273.221769510219,22,0.2708651567400011,-10.0
1984-01-14,1984-01-26,1984-01-21,243.272306418503,13,NERC,52.9761904761905,-8.0,37250.74055738477,273.221769510219,22,0.2708651567400011,-10.0
1984-01-18,1984-01-24,1984-01-22,260.5489063598,7,NERC,45.0643776824034,-5.0,39074.58290190337,273.221769510219,22,0.2708651567400011,-10.0
1984-01-19,1984-01-23,1984-01-22,249.280905790026,5,NERC,80.5970149253731,-4.0,40320.9874308535,273.221769510219,22,0.2708651567400011,-10.0
1984-01-19,1984-01-24,1984-01-22,265.125323777185,6,NERC,39.2561983471074,321.0,41911.73937351661,273.221769510219,22,0.2708651567400011,-10.0
1984-12-10,1984-12-31,1984-12-17,273.221769510219,22,NERC,74.0740740740741,-19.0,47922.61830274143,273.221769510219,22,0.2708651567400011,-10.0
1984-12-12,1984-12-24,1984-12-14,272.368754162606,13,NERC,81.8181818181818,-8.0,51463.41210685531,273.221769510219,22,0.2708651567400011,-10.0
1984-12-16,1984-12-31,1984-12-18,260.219452865288,16,NERC,73.7777777777778,3.0,55626.923352699916,273.221769510219,22,0.2708651567400011,-10.0
1985-01-03,1985-02-20,1985-01-21,243.265183667527,49,NERC,54.9586776859504,-42.0,11919.993999708822,273.483377010047,49,0.26160749982796005,27.0
1985-01-09,1985-01-13,1985-01-09,257.156787962936,5,NERC,80.327868852459,-2.0,13205.777939523503,273.483377010047,49,0.26160749982796005,27.0
1985-01-11,1985-01-17,1985-01-15,268.639742161241,7,NERC,58.0246913580247,-6.0,15086.256134652189,273.483377010047,49,0.26160749982796005,27.0
1985-01-11,1985-01-17,1985-01-12,269.297035381068,7,NERC,86.7021276595745,0.0,16971.335382319667,273.483377010047,49,0.26160749982796005,27.0
1985-01-17,1985-01-31,1985-01-21,250.301972049037,15,NERC,28.9256198347107,-13.0,20725.86496305522,273.483377010047,49,0.26160749982796005,27.0
1985-01-18,1985-02-17,1985-01-20,238.533513488332,31,NERC,52.3489932885906,-29.0,28120.403881193513,273.483377010047,49,0.26160749982796005,27.0
1985-01-18,1985-01-31,1985-01-21,249.691125297013,14,NERC,60.9442060085837,-13.0,31616.079635351693,273.483377010047,49,0.26160749982796005,27.0
1985-01-19,1985-02-15,1985-01-21,245.267682558748,28,NERC,60.1190476190476,-26.0,38483.57474699664,273.483377010047,49,0.26160749982796005,27.0
1985-01-20,1985-01-23,1985-01-20,257.991255175861,4,NERC,61.6279069767442,-3.0,39515.53976770008,273.483377010047,49,0.26160749982796005,27.0
1985-01-20,1985-01-28,1985-01-20,246.985613791976,9,NERC,48.125,-8.0,41738.410291827866,273.483377010047,49,0.26160749982796005,27.0
1985-01-20,1985-02-11,1985-02-01,267.132813909224,23,NERC,81.8181818181818,-21.0,47882.465011740016,273.483377010047,49,0.26160749982796005,27.0
1985-01-21,1985-01-29,1985-01-22,268.074676962727,9,NERC,68.421052631579,-8.0,50295.13710440456,273.483377010047,49,0.26160749982796005,27.0
1985-01-21,1985-02-10,1985-02-01,272.204099838842,21,NERC,55.5555555555556,-19.0,56011.42320102024,273.483377010047,49,0.26160749982796005,27.0
1985-01-21,1985-01-24,1985-01-21,263.716815174258,4,NERC,76.5957446808511,-3.0,57066.290461717275,273.483377010047,49,0.26160749982796005,27.0
1985-01-21,1985-01-28,1985-01-21,257.686622002472,8,NERC,55.5555555555556,-7.0,59127.78343773705,273.483377010047,49,0.26160749982796005,27.0
1985-01-22,1985-02-13,1985-02-04,256.421860039657,23,NERC,75.5555555555556,-15.0,65025.48621864917,273.483377010047,49,0.26160749982796005,27.0
1985-01-29,1985-02-14,1985-02-01,248.01398878951,17,NERC,73.2558139534884,-15.0,69241.72402807084,273.483377010047,49,0.26160749982796005,27.0
1985-01-30,1985-02-15,1985-02-01,253.634083245364,17,NERC,52.8125,-15.0,73553.50344324202,273.483377010047,49,0.26160749982796005,27.0
1985-01-31,1985-02-08,1985-02-02,263.13556330764,9,NERC,69.1489361702128,-8.0,75921.72351301079,273.483377010047,49,0.26160749982796005,27.0
1985-01-31,1985-02-12,1985-02-01,238.775417387428,13,NERC,48.3122362869198,-11.0,79025.80393904734,273.483377010047,49,0.26160749982796005,27.0
1985-02-01,1985-02-15,1985-02-03,262.159181740936,15,NERC,52.4691358024691,-12.0,82958.19166516139,273.483377010047,49,0.26160749982796005,27.0
1985-02-03,1985-02-11,1985-02-08,253.549896510684,9,NERC,90.1639344262295,-7.0,85240.14073375754,273.483377010047,49,0.26160749982796005,27.0
1985-02-04,1985-02-11,1985-02-08,251.767065205449,8,NERC,71.6417910447761,272.0,87254.27725540113,273.483377010047,49,0.26160749982796005,27.0
1985-11-10,1985-11-14,1985-11-13,273.137485274701,5,NERC,64.8148148148148,3.0,88619.96468177464,273.483377010047,49,0.26160749982796005,27.0
1985-11-17,1985-12-21,1985-11-23,256.759039612829,35,NERC,72.0,-32.0,97606.53106822364,273.483377010047,49,0.26160749982796005,27.0
1985-11-19,1985-11-23,1985-11-20,257.36978153987,5,NERC,58.1395348837209,6.0,98893.379975923,273.483377010047,49,0.26160749982796005,27.0
1985-11-29,1985-12-02,1985-12-01,256.809889710786,4,NERC,46.5116279069768,6.0,99920.61953476614,273.483377010047,49,0.26160749982796005,27.0
1985-12-08,1985-12-14,1985-12-12,273.483377010047,7,NERC,75.9259259259259,-5.0,101835.00317383648,273.483377010047,49,0.26160749982796005,27.0
1985-12-09,1985-12-21,1985-12-13,239.794951963353,13,NERC,34.8101265822785,-11.0,104952.33754936006,273.483377010047,49,0.26160749982796005,27.0
1985-12-09,1985-12-17,1985-12-11,252.371446949914,9,NERC,73.2558139534884,-8.0,107223.6805719093,273.483377010047,49,0.26160749982796005,27.0
1985-12-10,1985-12-18,1985-12-13,270.771338962011,9,NERC,86.3636363636364,-7.0,109660.62262256739,273.483377010047,49,0.26160749982796005,27.0
1985-12-11,1985-12-20,1985-12-14,255.148542479754,10,NERC,43.4375,-8.0,112212.10804736493,273.483377010047,49,0.26160749982796005,27.0
1985-12-12,1985-12-17,1985-12-14,267.77772112007,6,NERC,60.1063829787234,1.0,113818.77437408535,273.483377010047,49,0.26160749982796005,27.0
1985-12-18,1985-12-22,1985-12-18,250.921424852272,5,NERC,42.9530201342282,44.0,115073.38149834672,273.483377010047,49,0.26160749982796005,27.0
1985-12-18,1985-12-21,1985-12-19,260.154284496726,4,NERC,66.1157024793389,-3.0,116113.9986363336,273.483377010047,49,0.26160749982796005,27.0
1986-02-04,1986-02-13,1986-02-11,253.460524090721,10,NERC,59.3023255813954,-7.0,2534.60524090721,270.860951759396,10,-2.622425250650963,-39.0
1986-02-06,1986-02-12,1986-02-10,270.860951759396,7,NERC,81.8181818181818,-4.0,4430.631903222982,270.860951759396,10,-2.622425250650963,-39.0
1986-02-08,1986-02-15,1986-02-11,258.808729215033,8,NERC,65.3125,-6.0,6501.101736943247,270.860951759396,10,-2.622425250650963,-39.0
1986-02-09,1986-02-13,1986-02-12,243.739963786718,5,NERC,59.2827004219409,-4.0,7719.801555876837,270.860951759396,10,-2.622425250650963,-39.0
1986-02-09,1986-02-14,1986-02-11,269.772830188574,6,NERC,49.468085106383,-5.0,9338.43853700828,270.860951759396,10,-2.622425250650963,-39.0
1986-02-09,1986-02-13,1986-02-12,268.651848426179,5,NERC,59.2592592592593,-4.0,10681.697779139175,270.860951759396,10,-2.622425250650963,-39.0
1986-02-09,1986-02-15,1986-02-11,252.181726064628,7,NERC,48.3221476510067,-5.0,12446.969861591571,270.860951759396,10,-2.622425250650963,-39.0
1986-02-10,1986-02-15,1986-02-13,259.573850976929,6,NERC,70.6611570247934,-5.0,14004.412967453145,270.860951759396,10,-2.622425250650963,-39.0
1986-02-10,1986-02-15,1986-02-13,252.539710418342,6,NERC,51.984126984127,324.0,15519.651229963198,270.860951759396,10,-2.622425250650963,-39.0
1987-01-05,1987-01-09,1987-01-08,274.695031612846,5,NERC,68.5185185185185,5.0,1373.4751580642298,274.695031612846,20,3.834079853449964,10.0
1987-01-14,1987-01-25,1987-01-17,268.265913845457,12,NERC,84.0909090909091,-10.0,4592.666124209714,274.695031612846,20,3.834079853449964,10.0
1987-01-14,1987-01-21,1987-01-16,260.980786720779,8,NERC,76.8888888888889,-7.0,6680.512417975946,274.695031612846,20,3.834079853449964,10.0
1987-01-15,1987-01-23,1987-01-17,254.278024892488,9,NERC,66.2790697674419,-3.0,8969.014642008338,274.695031612846,20,3.834079853449964,10.0
1987-01-20,1987-01-22,1987-01-22,271.696913625759,3,NERC,57.9787234042553,-2.0,9784.105382885615,274.695031612846,20,3.834079853449964,10.0
1987-01-20,1987-01-23,1987-01-23,270.004178691599,4,NERC,58.641975308642,-2.0,10864.12209765201,274.695031612846,20,3.834079853449964,10.0
1987-01-21,1987-01-31,1987-01-27,259.879928021523,11,NERC,60.0858369098713,-9.0,13722.801305888765,274.695031612846,20,3.834079853449964,10.0
1987-01-22,1987-01-26,1987-01-23,262.160330581946,5,NERC,51.875,-4.0,15033.602958798494,274.695031612846,20,3.834079853449964,10.0
1987-01-22,1987-01-28,1987-01-24,251.94245228425,7,NERC,52.3489932885906,-5.0,16797.200124788244,274.695031612846,20,3.834079853449964,10.0
1987-01-23,1987-01-30,1987-01-24,250.199385002715,8,NERC,49.0079365079365,-7.0,18798.795204809965,274.695031612846,20,3.834079853449964,10.0
1987-01-23,1987-01-30,1987-01-25,248.337045835213,8,NERC,90.1639344262295,-6.0,20785.491571491668,274.695031612846,20,3.834079853449964,10.0
1987-01-24,1987-01-29,1987-01-25,250.752314573539,6,NERC,76.1194029850746,15.0,22290.0054589329,274.695031612846,20,3.834079853449964,10.0
1987-02-13,1987-02-21,1987-02-14,248.339017295514,9,NERC,70.1492537313433,-7.0,24525.05661459253,274.695031612846,20,3.834079853449964,10.0
1987-02-14,1987-02-21,1987-02-16,249.305292802214,8,NERC,90.1639344262295,3.0,26519.49895701024,274.695031612846,20,3.834079853449964,10.0
1987-02-24,1987-02-28,1987-02-27,272.179861906634,5,NERC,72.7272727272727,287.0,27880.398266543412,274.695031612846,20,3.834079853449964,10.0
1987-12-12,1987-12-31,1987-12-27,268.01832351059,20,NERC,70.4545454545455,-19.0,33240.76473675521,274.695031612846,20,3.834079853449964,10.0
1987-12-12,1987-12-31,1987-12-25,271.451932017159,20,NERC,87.037037037037,-18.0,38669.80337709839,274.695031612846,20,3.834079853449964,10.0
1987-12-12,1987-12-17,1987-12-15,256.171153226947,6,NERC,54.6511627906977,-5.0,40206.83029646007,274.695031612846,20,3.834079853449964,10.0
1987-12-13,1987-12-16,1987-12-13,264.560188643673,4,NERC,70.6666666666667,6.0,41265.07105103476,274.695031612846,20,3.834079853449964,10.0
1987-12-22,1987-12-31,1987-12-24,261.821923262065,10,NERC,77.7777777777778,-9.0,43883.29028365541,274.695031612846,20,3.834079853449964,10.0
1987-12-22,1987-12-31,1987-12-31,256.34447739433,10,NERC,66.2790697674419,1.0,46446.735057598715,274.695031612846,20,3.834079853449964,10.0
1988-01-01,1988-01-09,1988-01-02,262.388903894061,9,NERC,75.1111111111111,-8.0,2361.500135046549,274.394817811686,18,-0.3002138011599982,-2.0
1988-01-01,1988-01-17,1988-01-14,267.241213697408,17,NERC,33.4710743801653,-16.0,6904.600767902485,274.394817811686,18,-0.3002138011599982,-2.0
1988-01-01,1988-01-11,1988-01-08,267.330324828268,11,NERC,65.4255319148936,-10.0,9845.234341013433,274.394817811686,18,-0.3002138011599982,-2.0
1988-01-01,1988-01-16,1988-01-10,265.81208066427,16,NERC,59.8765432098766,-15.0,14098.227631641752,274.394817811686,18,-0.3002138011599982,-2.0
1988-01-01,1988-01-13,1988-01-07,255.944491876574,13,NERC,79.0697674418605,-12.0,17425.506026037216,274.394817811686,18,-0.3002138011599982,-2.0
1988-01-01,1988-01-15,1988-01-06,237.378655782265,15,NERC,32.7004219409283,-14.0,20986.18586277119,274.394817811686,18,-0.3002138011599982,-2.0
1988-01-01,1988-01-18,1988-01-08,254.725011320029,18,NERC,63.125,-16.0,25571.23606653171,274.394817811686,18,-0.3002138011599982,-2.0
1988-01-02,1988-01-17,1988-01-10,258.162239405276,16,NERC,61.9834710743802,-15.0,29701.831897016127,274.394817811686,18,-0.3002138011599982,-2.0
1988-01-02,1988-01-17,1988-01-15,262.670203416086,16,NERC,60.9442060085837,-13.0,33904.55515167351,274.394817811686,18,-0.3002138011599982,-2.0
1988-01-04,1988-01-16,1988-01-06,250.306762991856,13,NERC,40.8730158730159,1.0,37158.54307056763,274.394817811686,18,-0.3002138011599982,-2.0
1988-01-04,1988-01-15,1988-01-05,251.378773669626,12,NERC,48.993288590604,-11.0,40175.08835460315,274.394817811686,18,-0.3002138011599982,-2.0
1988-01-17,1988-01-21,1988-01-19,274.394817811686,5,NERC,59.2592592592593,-4.0,41547.062443661576,274.394817811686,18,-0.3002138011599982,-2.0
1988-01-17,1988-01-26,1988-01-20,270.181783315061,10,NERC,84.0909090909091,-8.0,44248.88027681218,274.394817811686,18,-0.3002138011599982,-2.0
1988-01-18,1988-01-25,1988-01-20,254.493237261109,8,NERC,59.3023255813954,7.0,46284.826174901056,274.394817811686,18,-0.3002138011599982,-2.0
1988-02-01,1988-02-13,1988-02-06,241.146876433791,13,NERC,47.8902953586498,-9.0,49419.73556854034,274.394817811686,18,-0.3002138011599982,-2.0
1988-02-04,1988-02-09,1988-02-06,269.122149237136,6,NERC,54.7872340425532,-4.0,51034.46846396315,274.394817811686,18,-0.3002138011599982,-2.0
1988-02-05,1988-02-09,1988-02-07,252.824951025951,5,NERC,44.8412698412698,-4.0,52298.59321909291,274.394817811686,18,-0.3002138011599982,-2.0
1988-02-05,1988-02-10,1988-02-07,266.603210699145,6,NERC,69.1358024691358,309.0,53898.21248328778,274.394817811686,18,-0.3002138011599982,-2.0
1988-12-15,1988-12-31,1988-12-29,271.324255023131,17,NERC,75.9259259259259,-13.0,58510.724818681,274.394817811686,18,-0.3002138011599982,-2.0
1988-12-18,1988-12-31,1988-12-27,267.735811169262,14,NERC,68.1818181818182,-10.0,62259.026175050676,274.394817811686,18,-0.3002138011599982,-2.0
1988-12-21,1988-12-31,1988-12-27,260.63207829653,11,NERC,78.2222222222222,4.0,65125.97903631251,274.394817811686,18,-0.3002138011599982,-2.0
1989-01-04,1989-01-16,1989-01-08,272.183664606361,13,NERC,83.3333333333333,-11.0,3538.387639882693,272.183664606361,24,-2.2111532053249903,6.0
1989-01-04,1989-01-07,1989-01-05,252.205144643711,4,NERC,62.6865671641791,-3.0,4547.2082184575365,272.183664606361,24,-2.2111532053249903,6.0
1989-01-05,1989-01-16,1989-01-09,270.008282561627,12,NERC,77.2727272727273,16.0,7787.3076091970615,272.183664606361,24,-2.2111532053249903,6.0
1989-02-01,1989-02-16,1989-02-06,268.491299069298,16,NERC,72.2222222222222,-15.0,12083.168394305829,272.183664606361,24,-2.2111532053249903,6.0
1989-02-01,1989-02-09,1989-02-05,247.584256902362,9,NERC,54.6511627906977,-8.0,14311.426706427086,272.183664606361,24,-2.2111532053249903,6.0
1989-02-01,1989-02-21,1989-02-04,253.965960517413,21,NERC,72.8888888888889,-19.0,19644.71187729276,272.183664606361,24,-2.2111532053249903,6.0
1989-02-02,1989-02-11,1989-02-04,241.477725542265,10,NERC,50.8438818565401,-8.0,22059.48913271541,272.183664606361,24,-2.2111532053249903,6.0
1989-02-03,1989-02-14,1989-02-04,255.314934475563,12,NERC,55.0,-10.0,25123.268346422166,272.183664606361,24,-2.2111532053249903,6.0
1989-02-03,1989-02-11,1989-02-07,265.935080686229,9,NERC,31.3829787234043,-8.0,27516.68407259823,272.183664606361,24,-2.2111532053249903,6.0
1989-02-04,1989-02-11,1989-02-09,249.700847173943,8,NERC,58.3892617449665,-7.0,29514.29084998977,272.183664606361,24,-2.2111532053249903,6.0
1989-02-04,1989-02-10,1989-02-09,259.765276439011,7,NERC,73.1404958677686,-6.0,31332.64778506285,272.183664606361,24,-2.2111532053249903,6.0
1989-02-04,1989-02-12,1989-02-09,269.583958804281,9,NERC,43.8271604938272,298.0,33758.90341430138,272.183664606361,24,-2.2111532053249903,6.0
1989-12-07,1989-12-26,1989-12-23,246.41884427667,20,NERC,50.0,-19.0,38687.280299834776,272.183664606361,24,-2.2111532053249903,6.0
1989-12-07,1989-12-29,1989-12-22,247.606836748382,23,NERC,58.2644628099174,-22.0,44382.23754504757,272.183664606361,24,-2.2111532053249903,6.0
1989-12-07,1989-12-30,1989-12-23,258.254180276695,24,NERC,50.6437768240343,-22.0,50580.33787168824,272.183664606361,24,-2.2111532053249903,6.0
1989-12-08,1989-12-30,1989-12-23,249.283150199013,23,NERC,41.8650793650794,-20.0,56313.85032626554,272.183664606361,24,-2.2111532053249903,6.0
1989-12-08,1989-12-29,1989-12-24,257.783956541006,22,NERC,35.5371900826446,-21.0,61985.09737016768,272.183664606361,24,-2.2111532053249903,6.0
1989-12-08,1989-12-26,1989-12-23,255.247793842483,19,NERC,45.679012345679,-18.0,66834.80545317485,272.183664606361,24,-2.2111532053249903,6.0
1989-12-10,1989-12-27,1989-12-22,238.241679565156,18,NERC,20.6751054852321,-16.0,71123.15568534766,272.183664606361,24,-2.2111532053249903,6.0
1989-12-11,1989-12-27,1989-12-22,240.537175512097,17,NERC,77.8523489932886,-15.0,75212.28766905332,272.183664606361,24,-2.2111532053249903,6.0
1989-12-11,1989-12-25,1989-12-23,255.078185017221,15,NERC,53.1914893617021,-14.0,79038.46044431163,272.183664606361,24,-2.2111532053249903,6.0
1989-12-12,1989-12-30,1989-12-23,251.206847964202,19,NERC,70.1492537313433,-18.0,83811.39055563146,272.183664606361,24,-2.2111532053249903,6.0
1989-12-12,1989-12-30,1989-12-23,251.758186032473,19,NERC,86.8852459016394,-17.0,88594.79609024845,272.183664606361,24,-2.2111532053249903,6.0
1989-12-13,1989-12-22,1989-12-22,248.829816367706,10,NERC,62.7906976744186,-2.0,91083.0942539255,272.183664606361,24,-2.2111532053249903,6.0
1989-12-20,1989-12-29,1989-12-24,267.576262873262,10,NERC,80.7017543859649,4.0,93758.85688265813,272.183664606361,24,-2.2111532053249903,6.0
1990-01-02,1990-01-07,1990-01-04,270.131818450056,6,NERC,86.3636363636364,9.0,1620.790910700336,274.559137651304,20,2.3754730449430213,-4.0
1990-01-16,1990-01-20,1990-01-18,274.559137651304,5,NERC,46.2962962962963,-3.0,2993.586598956856,274.559137651304,20,2.3754730449430213,-4.0
1990-01-17,1990-01-22,1990-01-20,272.0707694908,6,NERC,79.5454545454546,22.0,4626.011215901656,274.559137651304,20,2.3754730449430213,-4.0
1990-02-13,1990-02-20,1990-02-15,270.030296345686,8,NERC,87.037037037037,-7.0,6786.253586667144,274.559137651304,20,2.3754730449430213,-4.0
1990-02-13,1990-02-20,1990-02-14,258.237536426737,8,NERC,69.3333333333333,295.0,8852.15387808104,274.559137651304,20,2.3754730449430213,-4.0
1990-12-12,1990-12-31,1990-12-22,264.787754048222,20,NERC,85.1851851851852,-19.0,14147.90895904548,274.559137651304,20,2.3754730449430213,-4.0
1990-12-12,1990-12-31,1990-12-21,250.544977824235,20,NERC,72.8888888888889,-17.0,19158.80851553018,274.559137651304,20,2.3754730449430213,-4.0
1990-12-14,1990-12-31,1990-12-23,263.092326928019,18,NERC,79.5454545454546,-14.0,23894.470400234524,274.559137651304,20,2.3754730449430213,-4.0
1990-12-17,1990-12-31,1990-12-22,244.923594781204,15,NERC,66.2790697674419,-10.0,27568.324321952583,274.559137651304,20,2.3754730449430213,-4.0
1990-12-21,1990-12-28,1990-12-24,256.533114792862,8,NERC,44.375,-6.0,29620.589240295478,274.559137651304,20,2.3754730449430213,-4.0
1990-12-22,1990-12-28,1990-12-23,239.333036278339,7,NERC,34.3881856540084,-5.0,31295.920494243852,274.559137651304,20,2.3754730449430213,-4.0
1990-12-23,1990-12-28,1990-12-24,264.976220298146,6,NERC,51.0638297872341,5.0,32885.77781603273,274.559137651304,20,2.3754730449430213,-4.0
1990-12-23,1990-12-27,1990-12-24,266.610901416955,5,NERC,66.0493827160494,-4.0,34218.8323231175,274.559137651304,20,2.3754730449430213,-4.0
1991-01-02,1991-01-07,1991-01-05,263.325726389422,6,NERC,69.7777777777778,-5.0,1579.954358336532,270.499672341423,6,-4.059465309881034,-14.0
1991-01-02,1991-01-07,1991-01-03,242.703670397503,6,NERC,42.6160337552743,327.0,3036.1763807215502,270.499672341423,6,-4.059465309881034,-14.0
1991-11-30,1991-12-04,1991-12-02,270.499672341423,5,NERC,79.5454545454546,39.0,4388.674742428665,270.499672341423,6,-4.059465309881034,-14.0
1992-01-12,1992-01-17,1992-01-16,271.85407533562,6,NERC,86.3636363636364,-2.0,1631.12445201372,274.738452384069,16,4.238780042645999,10.0
1992-01-15,1992-01-18,1992-01-17,274.738452384069,4,NERC,73.6842105263158,-3.0,2730.0782615499957,274.738452384069,16,4.238780042645999,10.0
1992-01-15,1992-01-21,1992-01-16,269.519404458794,7,NERC,65.9574468085106,327.0,4616.714092761554,274.738452384069,16,4.238780042645999,10.0
1992-12-13,1992-12-28,1992-12-17,270.7452261433,16,NERC,79.5454545454546,-13.0,8948.637711054354,274.738452384069,16,4.238780042645999,10.0
1992-12-15,1992-12-22,1992-12-19,273.514820506407,8,NERC,72.2222222222222,-6.0,11136.75627510561,274.738452384069,16,4.238780042645999,10.0
1992-12-16,1992-12-22,1992-12-19,261.338021109988,7,NERC,72.4444444444444,10.0,12966.122422875525,274.738452384069,16,4.238780042645999,10.0
1993-01-01,1993-01-25,1993-01-12,260.116309511831,25,NERC,72.8888888888889,-23.0,6502.907737795775,273.062987657887,25,-1.6754647261819855,9.0
1993-01-02,1993-01-18,1993-01-03,273.062987657887,17,NERC,77.7777777777778,-13.0,11144.978527979853,273.062987657887,25,-1.6754647261819855,9.0
1993-01-05,1993-01-14,1993-01-10,255.797501197247,10,NERC,58.1395348837209,313.0,13702.953539952323,273.062987657887,25,-1.6754647261819855,9.0
1993-11-23,1993-11-27,1993-11-24,260.512242145423,5,NERC,69.7777777777778,-3.0,15005.514750679438,273.062987657887,25,-1.6754647261819855,9.0
1993-11-24,1993-11-27,1993-11-25,254.083312434283,4,NERC,54.6511627906977,24.0,16021.84800041657,273.062987657887,25,-1.6754647261819855,9.0
1993-12-21,1993-12-24,1993-12-24,271.276761873352,4,NERC,86.3636363636364,-2.0,17106.955047909978,273.062987657887,25,-1.6754647261819855,9.0
1993-12-22,1993-12-26,1993-12-26,267.092017016276,5,NERC,31.8181818181818,-1.0,18442.41513299136,273.062987657887,25,-1.6754647261819855,9.0
1993-12-22,1993-12-25,1993-12-23,270.460087731332,4,NERC,50.6172839506173,-3.0,19524.255483916684,273.062987657887,25,-1.6754647261819855,9.0
1993-12-25,1993-12-31,1993-12-27,257.056497691543,7,NERC,48.6111111111111,-5.0,21323.650967757487,273.062987657887,25,-1.6754647261819855,9.0
1993-12-25,1993-12-29,1993-12-28,247.179797209236,5,NERC,38.3966244725738,-4.0,22559.549953803667,273.062987657887,25,-1.6754647261819855,9.0
1993-12-26,1993-12-31,1993-12-27,254.118423589026,6,NERC,88.5245901639344,-5.0,24084.26049533782,273.062987657887,25,-1.6754647261819855,9.0
1993-12-26,1993-12-31,1993-12-27,252.957457921869,6,NERC,65.6716417910448,2.0,25602.005242869036,273.062987657887,25,-1.6754647261819855,9.0
1994-01-02,1994-01-22,1994-01-18,234.752678772441,21,NERC,44.7257383966245,-15.0,4929.806254221261,264.417303382068,21,-8.645684275819008,-4.0
1994-01-07,1994-01-27,1994-01-19,240.372605337747,21,NERC,47.4206349206349,-15.0,9977.630966313947,264.417303382068,21,-8.645684275819008,-4.0
1994-01-12,1994-01-24,1994-01-18,242.646006506254,13,NERC,51.006711409396,-11.0,13132.02905089525,264.417303382068,21,-8.645684275819008,-4.0
1994-01-12,1994-01-23,1994-01-19,259.407651333246,12,NERC,37.603305785124,-11.0,16244.920866894203,264.417303382068,21,-8.645684275819008,-4.0
1994-01-12,1994-01-23,1994-01-19,254.960767488708,12,NERC,52.3605150214592,-11.0,19304.450076758698,264.417303382068,21,-8.645684275819008,-4.0
1994-01-13,1994-01-26,1994-01-19,247.321887260488,14,NERC,54.9586776859504,-8.0,22766.956498405532,264.417303382068,21,-8.645684275819008,-4.0
1994-01-18,1994-01-23,1994-01-19,264.417303382068,6,NERC,62.3456790123457,-5.0,24353.460318697937,264.417303382068,21,-8.645684275819008,-4.0
1994-01-18,1994-01-27,1994-01-19,247.017349229489,10,NERC,90.1639344262295,-8.0,26823.63381099283,264.417303382068,21,-8.645684275819008,-4.0
1994-01-19,1994-01-27,1994-01-27,246.461286369751,9,NERC,82.089552238806,2.0,29041.785388320586,264.417303382068,21,-8.645684275819008,-4.0
1994-01-29,1994-02-12,1994-01-31,238.859994002085,15,NERC,52.5316455696203,-13.0,32624.685298351862,264.417303382068,21,-8.645684275819008,-4.0
1994-01-30,1994-02-03,1994-01-31,252.907091296099,5,NERC,75.5813953488372,4.0,33889.22075483236,264.417303382068,21,-8.645684275819008,-4.0
1994-02-07,1994-02-12,1994-02-10,250.702867453683,6,NERC,43.8492063492064,-4.0,35393.43795955445,264.417303382068,21,-8.645684275819008,-4.0
1994-02-08,1994-02-14,1994-02-10,251.668024106735,7,NERC,73.134328358209,-6.0,37155.114128301604,264.417303382068,21,-8.645684275819008,-4.0
1994-02-08,1994-02-15,1994-02-10,250.714810745066,8,NERC,90.1639344262295,10.0,39160.83261426213,264.417303382068,21,-8.645684275819008,-4.0
1994-02-25,1994-03-01,1994-02-27,251.504952627685,5,NERC,65.6716417910448,-3.0,40418.357377400556,264.417303382068,21,-8.645684275819008,-4.0
1994-02-26,1994-03-02,1994-02-27,251.429368762916,5,NERC,88.5245901639344,305.0,41675.50422121513,264.417303382068,21,-8.645684275819008,-4.0
1995-01-01,1995-01-05,1995-01-05,270.390471973525,5,NERC,46.2765957446809,-3.0,1351.952359867625,274.039096506796,12,9.621793124728015,-9.0
1995-01-02,1995-01-05,1995-01-05,269.562436288261,4,NERC,58.641975308642,30.0,2430.202105020669,274.039096506796,12,9.621793124728015,-9.0
1995-02-04,1995-02-14,1995-02-12,252.18503480314,11,NERC,54.3650793650794,-9.0,5204.237487855209,274.039096506796,12,9.621793124728015,-9.0
1995-02-05,1995-02-10,1995-02-06,250.577528530488,6,NERC,88.5245901639344,-5.0,6707.702659038137,274.039096506796,12,9.621793124728015,-9.0
1995-02-05,1995-02-09,1995-02-08,252.49122663802,5,NERC,42.9530201342282,-4.0,7970.158792228237,274.039096506796,12,9.621793124728015,-9.0
1995-02-05,1995-02-13,1995-02-06,260.847520647426,9,NERC,59.2274678111588,-2.0,10317.78647805507,274.039096506796,12,9.621793124728015,-9.0
1995-02-11,1995-02-14,1995-02-12,246.326498430444,4,NERC,45.7805907172996,298.0,11303.092471776847,274.039096506796,12,9.621793124728015,-9.0
1995-12-09,1995-12-13,1995-12-09,247.142496048743,5,NERC,41.1392405063291,7.0,12538.804952020562,274.039096506796,12,9.621793124728015,-9.0
1995-12-20,1995-12-25,1995-12-24,271.003233559584,6,NERC,59.2592592592593,-5.0,14164.824353378066,274.039096506796,12,9.621793124728015,-9.0
1995-12-20,1995-12-31,1995-12-25,274.039096506796,12,NERC,75.4385964912281,-10.0,17453.29351145962,274.039096506796,12,9.621793124728015,-9.0
1995-12-20,1995-12-30,1995-12-26,268.249078397332,11,NERC,32.6446280991736,-10.0,20404.03337383027,274.039096506796,12,9.621793124728015,-9.0
1995-12-21,1995-12-28,1995-12-28,263.955833450151,8,NERC,61.1570247933884,6.0,22515.68004143148,274.039096506796,12,9.621793124728015,-9.0
1996-01-03,1996-01-14,1996-01-06,247.198211278726,12,NERC,73.134328358209,-11.0,2966.378535344712,274.398692982557,19,0.35959647576100906,7.0
1996-01-03,1996-01-13,1996-01-11,254.892755971983,11,NERC,56.7460317460318,-10.0,5770.1988510365245,274.398692982557,19,0.35959647576100906,7.0
1996-01-03,1996-01-15,1996-01-06,246.458862494887,13,NERC,90.1639344262295,-11.0,8974.164063470056,274.398692982557,19,0.35959647576100906,7.0
1996-01-04,1996-01-14,1996-01-09,260.093814319722,11,NERC,59.2274678111588,-9.0,11835.196020986998,274.398692982557,19,0.35959647576100906,7.0
1996-01-05,1996-01-08,1996-01-07,244.541067682437,4,NERC,30.8016877637131,-2.0,12813.360291716746,274.398692982557,19,0.35959647576100906,7.0
1996-01-06,1996-01-09,1996-01-08,249.124080725773,4,NERC,58.3892617449665,-3.0,13809.85661461984,274.398692982557,19,0.35959647576100906,7.0
1996-01-06,1996-01-09,1996-01-07,266.326595962897,4,NERC,27.1276595744681,8.0,14875.162998471427,274.398692982557,19,0.35959647576100906,7.0
1996-01-17,1996-02-04,1996-02-02,258.488354662351,19,NERC,73.3333333333333,-16.0,19786.441737056095,274.398692982557,19,0.35959647576100906,7.0
1996-01-19,1996-02-06,1996-02-02,229.537781221949,19,NERC,34.3881856540084,-13.0,24147.659580273128,274.398692982557,19,0.35959647576100906,7.0
1996-01-24,1996-02-06,1996-02-03,246.149164435996,14,NERC,46.3087248322148,-12.0,27593.747882377073,274.398692982557,19,0.35959647576100906,7.0
1996-01-25,1996-02-03,1996-02-02,250.17981855005,10,NERC,50.0,-9.0,30095.54606787757,274.398692982557,19,0.35959647576100906,7.0
1996-01-25,1996-02-06,1996-02-03,250.721526243747,13,NERC,38.75,-11.0,33354.92590904628,274.398692982557,19,0.35959647576100906,7.0
1996-01-26,1996-02-07,1996-02-04,250.781381083298,13,NERC,67.7685950413223,-10.0,36615.083863129155,274.398692982557,19,0.35959647576100906,7.0
1996-01-28,1996-02-07,1996-02-04,249.464786338645,11,NERC,60.3174603174603,-8.0,39359.19651285425,274.398692982557,19,0.35959647576100906,7.0
1996-01-30,1996-02-07,1996-02-05,258.482563228021,9,NERC,33.4710743801653,-7.0,41685.53958190644,274.398692982557,19,0.35959647576100906,7.0
1996-01-30,1996-02-06,1996-02-04,262.152827695167,8,NERC,44.6808510638298,-7.0,43782.76220346778,274.398692982557,19,0.35959647576100906,7.0
1996-01-31,1996-02-06,1996-02-04,260.306128511899,7,NERC,67.283950617284,-6.0,45604.90510305107,274.398692982557,19,0.35959647576100906,7.0
1996-01-31,1996-02-08,1996-02-05,250.631014130057,9,NERC,68.8524590163934,-8.0,47860.58423022158,274.398692982557,19,0.35959647576100906,7.0
1996-01-31,1996-02-09,1996-02-05,253.118012707818,10,NERC,62.6609442060086,-5.0,50391.76435729976,274.398692982557,19,0.35959647576100906,7.0
1996-01-31,1996-02-07,1996-02-05,251.088443608491,8,NERC,73.134328358209,-7.0,52400.47190616769,274.398692982557,19,0.35959647576100906,7.0
1996-02-04,1996-02-08,1996-02-05,270.501056077888,5,NERC,77.1929824561403,16.0,53752.97718655713,274.398692982557,19,0.35959647576100906,7.0
1996-02-24,1996-02-29,1996-02-27,273.590509597304,6,NERC,74.0740740740741,-3.0,55394.52024414096,274.398692982557,19,0.35959647576100906,7.0
1996-02-26,1996-02-28,1996-02-27,261.981384494337,3,NERC,65.7777777777778,10.0,56180.46439762397,274.398692982557,19,0.35959647576100906,7.0
1996-03-09,1996-03-13,1996-03-09,274.398692982557,5,NERC,75.4385964912281,278.0,57552.45786253675,274.398692982557,19,0.35959647576100906,7.0
1996-12-16,1996-12-21,1996-12-19,266.134109893117,6,NERC,59.5744680851064,-5.0,59149.26252189545,274.398692982557,19,0.35959647576100906,7.0
1996-12-16,1996-12-21,1996-12-19,265.476852206544,6,NERC,61.1111111111111,-4.0,60742.12363513472,274.398692982557,19,0.35959647576100906,7.0
1996-12-17,1996-12-21,1996-12-18,252.067997959837,5,NERC,58.1395348837209,-3.0,62002.4636249339,274.398692982557,19,0.35959647576100906,7.0
1996-12-18,1996-12-22,1996-12-20,266.273764166534,5,NERC,34.297520661157,13.0,63333.83244576657,274.398692982557,19,0.35959647576100906,7.0
1996-12-18,1996-12-21,1996-12-19,254.474202456531,4,NERC,47.6510067114094,-3.0,64351.72925559269,274.398692982557,19,0.35959647576100906,7.0
1997-01-04,1997-01-17,1997-01-12,250.226806172814,14,NERC,61.6279069767442,-11.0,3503.175286419396,274.014624276856,16,-0.38406870570099727,-3.0
1997-01-06,1997-01-21,1997-01-17,263.747241021265,16,NERC,43.8271604938272,-15.0,7723.131142759636,274.014624276856,16,-0.38406870570099727,-3.0
1997-01-06,1997-01-19,1997-01-17,244.766753449434,14,NERC,67.1140939597316,-13.0,11149.865691051711,274.014624276856,16,-0.38406870570099727,-3.0
1997-01-06,1997-01-18,1997-01-12,253.85430094019,13,NERC,70.9375,-12.0,14449.971603274182,274.014624276856,16,-0.38406870570099727,-3.0
1997-01-06,1997-01-17,1997-01-11,270.252985859637,12,NERC,86.3636363636364,-11.0,17693.007433589824,274.014624276856,16,-0.38406870570099727,-3.0
1997-01-06,1997-01-21,1997-01-12,265.918425484504,16,NERC,29.7872340425532,-13.0,21947.70224134189,274.014624276856,16,-0.38406870570099727,-3.0
1997-01-06,1997-01-20,1997-01-17,254.040452286113,15,NERC,66.1157024793389,-14.0,25758.309025633585,274.014624276856,16,-0.38406870570099727,-3.0
1997-01-08,1997-01-14,1997-01-11,264.718972414888,7,NERC,40.495867768595,-4.0,27611.3418325378,274.014624276856,16,-0.38406870570099727,-3.0
1997-01-10,1997-01-19,1997-01-17,238.290559467708,10,NERC,37.3417721518987,-8.0,29994.247427214883,274.014624276856,16,-0.38406870570099727,-3.0
1997-01-10,1997-01-15,1997-01-12,255.028684227532,6,NERC,56.5476190476191,-5.0,31524.419532580072,274.014624276856,16,-0.38406870570099727,-3.0
1997-01-11,1997-01-15,1997-01-12,264.613765626625,5,NERC,62.6609442060086,-3.0,32847.4883607132,274.014624276856,16,-0.38406870570099727,-3.0
1997-01-12,1997-01-17,1997-01-14,274.014624276856,6,NERC,75.9259259259259,0.0,34491.576106374334,274.014624276856,16,-0.38406870570099727,-3.0
1997-01-17,1997-01-22,1997-01-19,272.361997419047,6,NERC,57.8947368421053,3.0,36125.748090888614,274.014624276856,16,-0.38406870570099727,-3.0
1997-01-17,1997-01-21,1997-01-18,251.482793807066,5,NERC,50.9920634920635,-4.0,37383.16205992395,274.014624276856,16,-0.38406870570099727,-3.0
1997-01-17,1997-01-21,1997-01-18,260.626657695046,5,NERC,64.3776824034335,-4.0,38686.29534839917,274.014624276856,16,-0.38406870570099727,-3.0
1997-01-25,1997-01-30,1997-01-28,241.005404974938,6,NERC,34.5991561181435,313.0,40132.32777824881,274.014624276856,16,-0.38406870570099727,-3.0
1997-12-09,1997-12-14,1997-12-12,270.936667409622,6,NERC,86.3636363636364,6.0,41757.947782706535,274.014624276856,16,-0.38406870570099727,-3.0
1997-12-20,1997-12-31,1997-12-26,270.351614242681,12,NERC,86.3636363636364,-4.0,45002.167153618706,274.014624276856,16,-0.38406870570099727,-3.0
1997-12-27,1997-12-31,1997-12-30,270.307065745014,5,NERC,33.4710743801653,9.0,46353.702482343775,274.014624276856,16,-0.38406870570099727,-3.0
1998-01-09,1998-01-13,1998-01-12,264.121717833483,5,NERC,51.5555555555556,55.0,1320.608589167415,274.451778331946,10,0.43715405508999083,-6.0
1998-03-09,1998-03-12,1998-03-12,257.465691571347,4,NERC,50.3125,-2.0,2350.471355452803,274.451778331946,10,0.43715405508999083,-6.0
1998-03-10,1998-03-12,1998-03-12,268.187209417181,3,NERC,29.3388429752066,267.0,3155.032983704346,274.451778331946,10,0.43715405508999083,-6.0
1998-12-04,1998-12-08,1998-12-07,274.451778331946,5,NERC,75.9259259259259,-2.0,4527.291875364076,274.451778331946,10,0.43715405508999083,-6.0
1998-12-06,1998-12-11,1998-12-08,271.188581089198,6,NERC,79.5454545454546,7.0,6154.423361899264,274.451778331946,10,0.43715405508999083,-6.0
1998-12-18,1998-12-27,1998-12-21,255.436933134182,10,NERC,70.2222222222222,-8.0,8708.792693241085,274.451778331946,10,0.43715405508999083,-6.0
1998-12-19,1998-12-25,1998-12-22,250.436828796818,7,NERC,67.4418604651163,-5.0,10461.85049481881,274.451778331946,10,0.43715405508999083,-6.0
1998-12-20,1998-12-26,1998-12-21,270.936645205287,7,NERC,87.037037037037,-5.0,12358.407011255818,274.451778331946,10,0.43715405508999083,-6.0
1998-12-21,1998-12-26,1998-12-22,259.383284751428,6,NERC,62.1875,-4.0,13914.706719764386,274.451778331946,10,0.43715405508999083,-6.0
1998-12-22,1998-12-28,1998-12-25,269.174285780892,7,NERC,46.8085106382979,-5.0,15798.926720230631,274.451778331946,10,0.43715405508999083,-6.0
1998-12-23,1998-12-26,1998-12-25,273.431556065771,4,NERC,43.801652892562,-3.0,16892.652944493715,274.451778331946,10,0.43715405508999083,-6.0
1998-12-23,1998-12-28,1998-12-25,269.127553076852,6,NERC,72.8395061728395,6.0,18507.418262954827,274.451778331946,10,0.43715405508999083,-6.0
1998-12-23,1998-12-26,1998-12-25,260.311514489043,4,NERC,54.9586776859504,-3.0,19548.664320910997,274.451778331946,10,0.43715405508999083,-6.0
1999-01-03,1999-01-07,1999-01-04,265.817816635233,5,NERC,52.4691358024691,-4.0,1329.0890831761649,273.340639680264,12,-1.1111386516819834,2.0
1999-01-03,1999-01-14,1999-01-05,243.012927072883,12,NERC,48.993288590604,-10.0,4245.244208050761,273.340639680264,12,-1.1111386516819834,2.0
1999-01-04,1999-01-07,1999-01-06,273.340639680264,4,NERC,75.4385964912281,375.0,5338.606766771817,273.340639680264,12,-1.1111386516819834,2.0
2000-01-17,2000-02-09,2000-01-28,258.119440434414,24,NERC,67.381974248927,-17.0,6194.8665704259365,273.219449132702,24,-0.12119054756203695,12.0
2000-01-23,2000-02-07,2000-01-27,265.346001876222,16,NERC,38.8429752066116,-14.0,10440.402600445488,273.219449132702,24,-0.12119054756203695,12.0
2000-01-24,2000-01-29,2000-01-27,273.219449132702,6,NERC,71.9298245614035,-5.0,12079.719295241699,273.219449132702,24,-0.12119054756203695,12.0
2000-01-24,2000-01-29,2000-01-28,255.064201546047,6,NERC,49.0079365079365,-5.0,13610.104504517982,273.219449132702,24,-0.12119054756203695,12.0
2000-01-24,2000-02-03,2000-01-27,258.906642570446,11,NERC,61.1570247933884,-8.0,16458.07757279289,273.219449132702,24,-0.12119054756203695,12.0
2000-01-26,2000-01-30,2000-01-30,263.086529397412,5,NERC,59.375,-4.0,17773.51021977995,273.219449132702,24,-0.12119054756203695,12.0
2000-01-26,2000-02-02,2000-01-30,269.058930461128,8,NERC,66.6666666666667,-5.0,19925.98166346897,273.219449132702,24,-0.12119054756203695,12.0
2000-01-28,2000-02-01,2000-01-30,268.62042950432,5,NERC,38.8297872340426,311.0,21269.08381099057,273.219449132702,24,-0.12119054756203695,12.0
2000-12-08,2000-12-31,2000-12-31,255.83880643423,24,NERC,41.5625,-20.0,27409.21516541209,273.219449132702,24,-0.12119054756203695,12.0
2000-12-11,2000-12-31,2000-12-22,246.025151305704,21,NERC,55.0335570469799,-19.0,32575.743342831876,273.219449132702,24,-0.12119054756203695,12.0
2000-12-11,2000-12-14,2000-12-12,264.685946648763,4,NERC,64.4444444444445,-3.0,33634.487129426925,273.219449132702,24,-0.12119054756203695,12.0
2000-12-12,2000-12-31,2000-12-30,265.365280692429,20,NERC,41.9753086419753,-14.0,38941.79274327551,273.219449132702,24,-0.12119054756203695,12.0
2000-12-17,2000-12-31,2000-12-25,241.841170911312,15,NERC,48.3122362869198,-14.0,42569.41030694519,273.219449132702,24,-0.12119054756203695,12.0
2000-12-17,2000-12-31,2000-12-22,254.187892518394,15,NERC,38.4297520661157,-13.0,46382.228694721096,273.219449132702,24,-0.12119054756203695,12.0
2000-12-18,2000-12-31,2000-12-20,263.17800247692,14,NERC,61.9834710743802,-13.0,50066.72072939798,273.219449132702,24,-0.12119054756203695,12.0
2000-12-18,2000-12-31,2000-12-23,263.013370254881,14,NERC,62.6609442060086,-13.0,53748.907912966315,273.219449132702,24,-0.12119054756203695,12.0
2000-12-18,2000-12-31,2000-12-23,253.165480608316,14,NERC,61.1111111111111,-12.0,57293.22464148274,273.219449132702,24,-0.12119054756203695,12.0
2000-12-19,2000-12-31,2000-12-30,267.782139105306,13,NERC,55.3191489361702,1.0,60774.392449851715,273.219449132702,24,-0.12119054756203695,12.0
2001-01-01,2001-01-05,2001-01-03,267.447357928329,5,NERC,39.3617021276596,-4.0,1337.236789641645,274.847657956971,10,1.6282088242689952,-14.0
2001-01-01,2001-01-06,2001-01-03,265.539389110898,6,NERC,38.0165289256198,-5.0,2930.473124307033,274.847657956971,10,1.6282088242689952,-14.0
2001-01-01,2001-01-05,2001-01-02,254.351166884465,5,NERC,42.8125,-4.0,4202.228958729358,274.847657956971,10,1.6282088242689952,-14.0
2001-01-01,2001-01-05,2001-01-03,258.130221002286,5,NERC,70.6611570247934,-4.0,5492.880063740788,274.847657956971,10,1.6282088242689952,-14.0
2001-01-01,2001-01-06,2001-01-02,264.269145853973,6,NERC,62.3456790123457,-5.0,7078.4949388646255,274.847657956971,10,1.6282088242689952,-14.0
2001-01-01,2001-01-10,2001-01-01,271.867926203056,10,NERC,59.6491228070175,-1.0,9797.174200895186,274.847657956971,10,1.6282088242689952,-14.0
2001-01-01,2001-01-04,2001-01-03,263.791801449713,4,NERC,66.0944206008584,-3.0,10852.341406694039,274.847657956971,10,1.6282088242689952,-14.0
2001-01-09,2001-01-18,2001-01-16,273.572184319174,10,NERC,61.1111111111111,-5.0,13588.063249885778,274.847657956971,10,1.6282088242689952,-14.0
2001-01-13,2001-01-21,2001-01-18,271.256210817798,9,NERC,86.3636363636364,-4.0,16029.369147245961,274.847657956971,10,1.6282088242689952,-14.0
2001-01-17,2001-01-22,2001-01-20,269.054591638628,6,NERC,65.4255319148936,-1.0,17643.69669707773,274.847657956971,10,1.6282088242689952,-14.0
2001-01-21,2001-01-27,2001-01-21,274.092801014456,7,NERC,73.6842105263158,-2.0,19562.346304178922,274.847657956971,10,1.6282088242689952,-14.0
2001-01-25,2001-01-31,2001-01-28,274.847657956971,7,NERC,55.5555555555556,-3.0,21486.279909877718,274.847657956971,10,1.6282088242689952,-14.0
2001-01-28,2001-02-02,2001-01-31,271.518446963423,6,NERC,86.3636363636364,6.0,23115.390591658255,274.847657956971,10,1.6282088242689952,-14.0
2001-02-08,2001-02-17,2001-02-08,273.640886837869,10,NERC,62.962962962963,296.0,25851.799460036946,274.847657956971,10,1.6282088242689952,-14.0
2001-12-10,2001-12-18,2001-12-13,270.935971437913,9,NERC,79.5454545454546,14.0,28290.223202978163,274.847657956971,10,1.6282088242689952,-14.0
2002-01-01,2002-01-08,2002-01-03,268.348006462383,8,NERC,71.6049382716049,-7.0,2146.784051699064,274.846292356317,10,-0.001365600653969068,0.0
2002-01-01,2002-01-06,2002-01-03,267.427702726564,6,NERC,62.7659574468085,-5.0,3751.350268058448,274.846292356317,10,-0.001365600653969068,0.0
2002-01-01,2002-01-09,2002-01-04,266.248395163869,9,NERC,54.1322314049587,-7.0,6147.585824533269,274.846292356317,10,-0.001365600653969068,0.0
2002-01-01,2002-01-03,2002-01-03,260.253193317847,3,NERC,36.875,-2.0,6928.34540448681,274.846292356317,10,-0.001365600653969068,0.0
2002-01-02,2002-01-06,2002-01-05,264.227732813418,5,NERC,50.2145922746781,1.0,8249.4840685539,274.846292356317,10,-0.001365600653969068,0.0
2002-01-07,2002-01-10,2002-01-09,274.724564621036,4,NERC,73.6842105263158,6.0,9348.382327038044,274.846292356317,10,-0.001365600653969068,0.0
2002-01-16,2002-01-19,2002-01-18,264.426819355904,4,NERC,68.8888888888889,9.0,10406.08960446166,274.846292356317,10,-0.001365600653969068,0.0
2002-01-28,2002-02-03,2002-01-30,272.109123654143,7,NERC,85.1851851851852,317.0,12310.853470040662,274.846292356317,10,-0.001365600653969068,0.0
2002-12-17,2002-12-26,2002-12-24,274.846292356317,10,NERC,64.8148148148148,-5.0,15059.31639360383,274.846292356317,10,-0.001365600653969068,0.0
2002-12-21,2002-12-29,2002-12-26,271.530596853705,9,NERC,84.0909090909091,13.0,17503.091765287176,274.846292356317,10,-0.001365600653969068,0.0
2003-01-11,2003-02-02,2003-01-18,250.565715436631,23,NERC,90.1639344262295,-19.0,5763.011455042513,273.988848780112,23,-0.8574435762050143,13.0
2003-01-11,2003-02-01,2003-01-27,251.918115435062,22,NERC,59.5238095238095,-21.0,11305.209994613877,273.988848780112,23,-0.8574435762050143,13.0
2003-01-14,2003-01-19,2003-01-18,262.959828891468,6,NERC,63.519313304721,-5.0,12882.968967962684,273.988848780112,23,-0.8574435762050143,13.0
2003-01-14,2003-02-02,2003-01-28,247.02093658747,20,NERC,71.6417910447761,-17.0,17823.387699712082,273.988848780112,23,-0.8574435762050143,13.0
2003-01-16,2003-01-19,2003-01-18,265.892930832238,4,NERC,33.0578512396694,2.0,18886.959423041037,273.988848780112,23,-0.8574435762050143,13.0
2003-01-21,2003-01-27,2003-01-24,251.324205796678,7,NERC,55.7046979865772,-5.0,20646.228863617784,273.988848780112,23,-0.8574435762050143,13.0
2003-01-22,2003-01-27,2003-01-24,268.588119776603,6,NERC,43.6170212765958,-5.0,22257.7575822774,273.988848780112,23,-0.8574435762050143,13.0
2003-01-22,2003-01-29,2003-01-24,254.104645162049,8,NERC,59.0909090909091,-6.0,24290.59474357379,273.988848780112,23,-0.8574435762050143,13.0
2003-01-22,2003-01-26,2003-01-23,258.067511051677,5,NERC,38.4375,-4.0,25580.932298832176,273.988848780112,23,-0.8574435762050143,13.0
2003-01-22,2003-01-28,2003-01-24,264.854138292114,7,NERC,54.9382716049383,-6.0,27434.911266876974,273.988848780112,23,-0.8574435762050143,13.0
2003-01-23,2003-01-28,2003-01-24,259.950025461283,6,NERC,23.9669421487603,14.0,28994.611419644672,273.988848780112,23,-0.8574435762050143,13.0
2003-02-11,2003-02-20,2003-02-14,247.163554054301,10,NERC,70.1492537313433,-9.0,31466.246960187684,273.988848780112,23,-0.8574435762050143,13.0
2003-02-11,2003-02-20,2003-02-16,252.889955008105,10,NERC,88.5245901639344,309.0,33995.146510268736,273.988848780112,23,-0.8574435762050143,13.0
2003-12-26,2003-12-31,2003-12-27,273.988848780112,6,NERC,79.6296296296296,-4.0,35639.07960294941,273.988848780112,23,-0.8574435762050143,13.0
2003-12-27,2003-12-31,2003-12-30,264.083834703638,5,NERC,68.8888888888889,-4.0,36959.4987764676,273.988848780112,23,-0.8574435762050143,13.0
2003-12-27,2003-12-31,2003-12-28,268.884699853994,5,NERC,70.4545454545455,1.0,38303.92227573757,273.988848780112,23,-0.8574435762050143,13.0
2004-01-01,2004-01-12,2004-01-05,256.751756642384,12,NERC,72.0,-10.0,3081.0210797086083,274.056980704809,32,0.06813192469701335,9.0
2004-01-02,2004-01-06,2004-01-04,274.056980704809,5,NERC,79.6296296296296,-3.0,4451.3059832326535,274.056980704809,32,0.06813192469701335,9.0
2004-01-03,2004-01-06,2004-01-06,253.362322745417,4,NERC,58.1395348837209,0.0,5464.755274214322,274.056980704809,32,0.06813192469701335,9.0
2004-01-06,2004-01-10,2004-01-07,269.04990068728,5,NERC,64.8148148148148,-4.0,6810.004777650722,274.056980704809,32,0.06813192469701335,9.0
2004-01-06,2004-02-06,2004-01-25,249.861514152241,32,NERC,90.1639344262295,-30.0,14805.573230522434,274.056980704809,32,0.06813192469701335,9.0
2004-01-07,2004-01-11,2004-01-11,262.85072977721,5,NERC,63.9484978540773,-3.0,16119.826879408483,274.056980704809,32,0.06813192469701335,9.0
2004-01-08,2004-02-07,2004-01-14,245.874560833457,31,NERC,53.7313432835821,-15.0,23741.93826524565,274.056980704809,32,0.06813192469701335,9.0
2004-01-23,2004-02-05,2004-01-31,252.738676887682,14,NERC,52.1825396825397,-11.0,27280.2797416732,274.056980704809,32,0.06813192469701335,9.0
2004-01-25,2004-02-03,2004-01-31,262.746617329279,10,NERC,57.0815450643777,-8.0,29907.745914965988,274.056980704809,32,0.06813192469701335,9.0
2004-01-26,2004-02-02,2004-01-31,249.68376997056,8,NERC,53.0201342281879,-5.0,31905.21607473047,274.056980704809,32,0.06813192469701335,9.0
2004-01-28,2004-02-03,2004-01-30,241.702410662042,7,NERC,47.6793248945148,300.0,33597.132949364764,274.056980704809,32,0.06813192469701335,9.0
2004-11-29,2004-12-02,2004-11-30,270.844831525816,4,NERC,72.7272727272727,21.0,34680.51227546803,274.056980704809,32,0.06813192469701335,9.0
2004-12-23,2004-12-27,2004-12-23,266.998684984883,5,NERC,66.4893617021277,-4.0,36015.505700392445,274.056980704809,32,0.06813192469701335,9.0
2004-12-23,2004-12-28,2004-12-24,265.336889704477,6,NERC,63.5802469135803,-3.0,37607.52703861931,274.056980704809,32,0.06813192469701335,9.0
2004-12-25,2004-12-28,2004-12-28,264.527918414222,4,NERC,65.6652360515021,7.0,38665.638712276195,274.056980704809,32,0.06813192469701335,9.0
2005-01-04,2005-01-08,2005-01-07,272.87574888991,5,NERC,68.1818181818182,5.0,1364.3787444495501,272.87574888991,18,-1.1812318148989789,-14.0
2005-01-04,2005-01-07,2005-01-05,264.683319291203,4,NERC,74.6666666666667,-3.0,2423.112021614362,272.87574888991,18,-1.1812318148989789,-14.0
2005-01-13,2005-01-18,2005-01-14,240.857354345828,6,NERC,26.7932489451477,-4.0,3868.25614768933,272.87574888991,18,-1.1812318148989789,-14.0
2005-01-14,2005-01-19,2005-01-14,255.447508565718,6,NERC,57.0469798657718,-5.0,5400.941199083638,272.87574888991,18,-1.1812318148989789,-14.0
2005-01-14,2005-01-18,2005-01-17,268.89536282372,5,NERC,60.4938271604938,-4.0,6745.418013202238,272.87574888991,18,-1.1812318148989789,-14.0
2005-01-14,2005-01-19,2005-01-16,260.834625545678,6,NERC,43.75,-4.0,8310.425766476306,272.87574888991,18,-1.1812318148989789,-14.0
2005-01-15,2005-01-25,2005-01-24,252.552678264758,11,NERC,45.0396825396825,-10.0,11088.505227388643,272.87574888991,18,-1.1812318148989789,-14.0
2005-01-15,2005-02-01,2005-01-28,249.518647982565,18,NERC,90.1639344262295,-16.0,15579.840891074815,272.87574888991,18,-1.1812318148989789,-14.0
2005-01-16,2005-02-01,2005-01-22,248.777466957196,17,NERC,71.6417910447761,-15.0,19809.057829347148,272.87574888991,18,-1.1812318148989789,-14.0
2005-01-17,2005-01-25,2005-01-24,260.324492364792,9,NERC,61.3733905579399,322.0,22151.978260630276,272.87574888991,18,-1.1812318148989789,-14.0
2005-12-13,2005-12-19,2005-12-18,264.321483498051,7,NERC,72.8888888888889,-4.0,24002.228645116633,272.87574888991,18,-1.1812318148989789,-14.0
2005-12-15,2005-12-19,2005-12-17,258.368200027572,5,NERC,54.6511627906977,59.0,25294.06964525449,272.87574888991,18,-1.1812318148989789,-14.0
2006-02-16,2006-02-21,2006-02-20,273.449428953783,6,NERC,79.6296296296296,-3.0,1640.696573722698,273.637508058176,6,0.7617591682659963,-12.0
2006-02-18,2006-02-21,2006-02-19,270.583085474032,4,NERC,39.3617021276596,299.0,2723.028915618826,273.637508058176,6,0.7617591682659963,-12.0
2006-12-17,2006-12-21,2006-12-18,273.637508058176,5,NERC,66.6666666666667,-3.0,4091.2164559097064,273.637508058176,6,0.7617591682659963,-12.0
2006-12-18,2006-12-23,2006-12-20,270.853044496797,6,NERC,72.7272727272727,18.0,5716.334722890488,273.637508058176,6,0.7617591682659963,-12.0
2007-01-10,2007-01-23,2007-01-14,259.205312556653,14,NERC,63.5555555555556,-12.0,3628.8743757931416,274.328599094171,19,0.6910910359949867,13.0
2007-01-11,2007-01-24,2007-01-15,252.732614824022,14,NERC,69.7674418604651,-12.0,7167.130983329449,274.328599094171,19,0.6910910359949867,13.0
2007-01-12,2007-01-20,2007-01-13,269.998453221966,9,NERC,62.962962962963,-7.0,9597.117062327143,274.328599094171,19,0.6910910359949867,13.0
2007-01-13,2007-01-25,2007-01-16,254.28580425225,13,NERC,68.125,-12.0,12902.832517606394,274.328599094171,19,0.6910910359949867,13.0
2007-01-13,2007-01-26,2007-01-15,267.612029280413,14,NERC,81.8181818181818,-12.0,16649.400927532177,274.328599094171,19,0.6910910359949867,13.0
2007-01-14,2007-01-29,2007-01-16,267.195142253486,16,NERC,65.4255319148936,-13.0,20924.523203587953,274.328599094171,19,0.6910910359949867,13.0
2007-01-16,2007-01-20,2007-01-16,270.246324189534,5,NERC,66.6666666666667,9.0,22275.75482453562,274.328599094171,19,0.6910910359949867,13.0
2007-01-29,2007-02-04,2007-02-02,251.956920368792,7,NERC,75.5813953488372,-5.0,24039.453267117166,274.328599094171,19,0.6910910359949867,13.0
2007-01-30,2007-02-11,2007-02-05,252.564099593205,13,NERC,48.3221476510067,-9.0,27322.78656182883,274.328599094171,19,0.6910910359949867,13.0
2007-01-30,2007-02-05,2007-02-02,260.587811462012,7,NERC,53.125,-6.0,29146.90124206291,274.328599094171,19,0.6910910359949867,13.0
2007-02-02,2007-02-12,2007-02-05,242.916991024148,11,NERC,46.6244725738397,-10.0,31818.98814332854,274.328599094171,19,0.6910910359949867,13.0
2007-02-02,2007-02-20,2007-02-06,251.865111554404,19,NERC,51.984126984127,-16.0,36604.42526286222,274.328599094171,19,0.6910910359949867,13.0
2007-02-04,2007-02-11,2007-02-05,254.881894523452,8,NERC,68.6567164179105,-7.0,38643.48041904983,274.328599094171,19,0.6910910359949867,13.0
2007-02-04,2007-02-17,2007-02-05,256.044399476789,14,NERC,86.8852459016394,-9.0,42228.10201172488,274.328599094171,19,0.6910910359949867,13.0
2007-02-08,2007-02-10,2007-02-10,263.610488968441,3,NERC,56.6115702479339,4.0,43018.9334786302,274.328599094171,19,0.6910910359949867,13.0
2007-02-14,2007-02-18,2007-02-16,250.371772822283,5,NERC,43.6241610738255,-3.0,44270.79234274162,274.328599094171,19,0.6910910359949867,13.0
2007-02-15,2007-02-20,2007-02-19,274.328599094171,6,NERC,70.1754385964912,13.0,45916.76393730664,274.328599094171,19,0.6910910359949867,13.0
2007-03-05,2007-03-09,2007-03-06,249.309977215321,5,NERC,68.6567164179105,286.0,47163.31382338325,274.328599094171,19,0.6910910359949867,13.0
2007-12-20,2007-12-31,2007-12-28,269.756095367836,12,NERC,79.5454545454546,-6.0,50400.38696779728,274.328599094171,19,0.6910910359949867,13.0
2007-12-25,2007-12-31,2007-12-28,255.2583349358,7,NERC,66.2790697674419,-5.0,52187.19531234788,274.328599094171,19,0.6910910359949867,13.0
2007-12-26,2007-12-30,2007-12-27,273.089751680322,5,NERC,83.3333333333333,19.0,53552.64407074949,274.328599094171,19,0.6910910359949867,13.0
2008-01-18,2008-01-26,2008-01-19,240.459401075545,9,NERC,45.5696202531646,-6.0,2164.134609679905,274.519219202984,20,0.1906201088129933,1.0
2008-01-20,2008-02-06,2008-01-29,274.519219202984,18,NERC,70.3703703703704,-16.0,7105.480555333617,274.519219202984,20,0.1906201088129933,1.0
2008-01-21,2008-01-31,2008-01-22,261.662991385451,11,NERC,76.0,316.0,9983.773460573579,274.519219202984,20,0.1906201088129933,1.0
2008-12-12,2008-12-31,2008-12-20,259.385609315187,20,NERC,67.1111111111111,-18.0,15171.48564687732,274.519219202984,20,0.1906201088129933,1.0
2008-12-13,2008-12-29,2008-12-18,273.479045466469,17,NERC,62.962962962963,15.0,19820.629419807294,274.519219202984,20,0.1906201088129933,1.0
2009-01-13,2009-01-18,2009-01-15,235.485582852776,6,NERC,51.6877637130802,-4.0,1412.913497116656,273.650407276628,15,-0.8688119263559884,-5.0
2009-01-14,2009-01-18,2009-01-16,263.567078695919,5,NERC,38.8429752066116,-4.0,2730.748890596251,273.650407276628,15,-0.8688119263559884,-5.0
2009-01-14,2009-01-22,2009-01-17,259.498660225647,9,NERC,58.7982832618026,-8.0,5066.236832627073,273.650407276628,15,-0.8688119263559884,-5.0
2009-01-14,2009-01-28,2009-01-16,247.96821882271,15,NERC,48.2142857142857,-13.0,8785.760114967725,273.650407276628,15,-0.8688119263559884,-5.0
2009-01-14,2009-01-22,2009-01-17,250.318784607052,9,NERC,90.1639344262295,-8.0,11038.629176431192,273.650407276628,15,-0.8688119263559884,-5.0
2009-01-15,2009-01-22,2009-01-16,248.277888766791,8,NERC,70.1492537313433,2.0,13024.85228656552,273.650407276628,15,-0.8688119263559884,-5.0
2009-01-24,2009-01-28,2009-01-24,255.817918789906,5,NERC,44.9664429530201,-4.0,14303.941880515049,273.650407276628,15,-0.8688119263559884,-5.0
2009-01-24,2009-01-28,2009-01-28,260.130631457039,5,NERC,53.4375,-4.0,15604.595037800245,273.650407276628,15,-0.8688119263559884,-5.0
2009-01-24,2009-01-30,2009-01-24,240.405791884714,7,NERC,44.3037974683544,4.0,17287.435580993242,273.650407276628,15,-0.8688119263559884,-5.0
2009-02-03,2009-02-08,2009-02-05,271.906198355823,6,NERC,73.6842105263158,1.0,18918.87277112818,273.650407276628,15,-0.8688119263559884,-5.0
2009-02-03,2009-02-06,2009-02-05,250.648317960693,4,NERC,44.6428571428571,-3.0,19921.46604297095,273.650407276628,15,-0.8688119263559884,-5.0
2009-02-09,2009-02-18,2009-02-10,273.650407276628,10,NERC,64.8148148148148,287.0,22657.970115737233,273.650407276628,15,-0.8688119263559884,-5.0
2009-12-02,2009-12-06,2009-12-05,269.704376591579,5,NERC,68.0851063829787,-4.0,24006.491998695128,273.650407276628,15,-0.8688119263559884,-5.0
2009-12-02,2009-12-15,2009-12-09,257.905302143087,14,NERC,78.6666666666667,-11.0,27617.166228698345,273.650407276628,15,-0.8688119263559884,-5.0
2009-12-04,2009-12-12,2009-12-04,271.00700649062,9,NERC,72.7272727272727,-7.0,30056.229287113925,273.650407276628,15,-0.8688119263559884,-5.0
2009-12-05,2009-12-13,2009-12-09,250.673073594938,9,NERC,65.1162790697675,-7.0,32312.286949468365,273.650407276628,15,-0.8688119263559884,-5.0
2009-12-06,2009-12-15,2009-12-08,271.969388967862,10,NERC,83.3333333333333,9.0,35031.980839146985,273.650407276628,15,-0.8688119263559884,-5.0
2009-12-24,2009-12-30,2009-12-24,257.811618890739,7,NERC,72.093023255814,-6.0,36836.66217138216,273.650407276628,15,-0.8688119263559884,-5.0
2009-12-24,2009-12-30,2009-12-26,271.357090395584,7,NERC,84.0909090909091,-5.0,38736.16180415125,273.650407276628,15,-0.8688119263559884,-5.0
2009-12-25,2009-12-31,2009-12-29,260.275843965266,7,NERC,57.1875,1.0,40558.09271190811,273.650407276628,15,-0.8688119263559884,-5.0
2010-01-01,2010-01-14,2010-01-03,263.076327503198,14,NERC,70.3862660944206,-13.0,3683.068585044772,272.184032607605,18,-1.4663746690230255,3.0
2010-01-01,2010-01-12,2010-01-02,238.850472510421,12,NERC,51.8987341772152,-11.0,6549.274255169825,272.184032607605,18,-1.4663746690230255,3.0
2010-01-01,2010-01-15,2010-01-10,257.841288526378,15,NERC,51.6528925619835,-14.0,10416.893583065494,272.184032607605,18,-1.4663746690230255,3.0
2010-01-01,2010-01-15,2010-01-11,272.184032607605,15,NERC,87.719298245614,-14.0,14499.654072179568,272.184032607605,18,-1.4663746690230255,3.0
2010-01-01,2010-01-16,2010-01-09,249.482589741531,16,NERC,51.006711409396,-15.0,18491.375508044064,272.184032607605,18,-1.4663746690230255,3.0
2010-01-01,2010-01-14,2010-01-09,263.608520959728,14,NERC,67.3553719008265,-13.0,22181.89480148026,272.184032607605,18,-1.4663746690230255,3.0
2010-01-01,2010-01-18,2010-01-09,252.041971675727,18,NERC,34.0625,-16.0,26718.650291643346,272.184032607605,18,-1.4663746690230255,3.0
2010-01-01,2010-01-13,2010-01-09,263.549933357065,13,NERC,53.1914893617021,-12.0,30144.79942528519,272.184032607605,18,-1.4663746690230255,3.0
2010-01-02,2010-01-18,2010-01-08,262.037219891379,17,NERC,58.641975308642,11.0,34599.43216343863,272.184032607605,18,-1.4663746690230255,3.0
2010-01-02,2010-01-13,2010-01-10,254.383487411455,12,NERC,68.2539682539683,-11.0,37652.03401237609,272.184032607605,18,-1.4663746690230255,3.0
2010-01-29,2010-02-02,2010-01-30,260.856571397287,5,NERC,45.9375,-3.0,38956.31686936253,272.184032607605,18,-1.4663746690230255,3.0
2010-01-29,2010-02-01,2010-01-31,258.525425526927,4,NERC,57.0247933884298,-3.0,39990.41857147023,272.184032607605,18,-1.4663746690230255,3.0
2010-01-30,2010-02-03,2010-01-31,269.33681466936,5,NERC,47.3404255319149,6.0,41337.10264481704,272.184032607605,18,-1.4663746690230255,3.0
2010-02-09,2010-02-13,2010-02-13,269.81281918443,5,NERC,61.7021276595745,-4.0,42686.16674073919,272.184032607605,18,-1.4663746690230255,3.0
2010-02-09,2010-02-17,2010-02-16,268.663119996318,9,NERC,57.4074074074074,-7.0,45104.13482070605,272.184032607605,18,-1.4663746690230255,3.0
2010-02-10,2010-02-14,2010-02-14,264.814593030344,5,NERC,56.2231759656653,1.0,46428.20778585777,272.184032607605,18,-1.4663746690230255,3.0
2010-02-10,2010-02-13,2010-02-10,267.548338907578,4,NERC,30.9917355371901,-3.0,47498.40114148808,272.184032607605,18,-1.4663746690230255,3.0
2010-02-15,2010-02-18,2010-02-16,267.339748621559,4,NERC,31.8181818181818,276.0,48567.76013597431,272.184032607605,18,-1.4663746690230255,3.0
2010-11-21,2010-11-30,2010-11-24,256.649858926089,10,NERC,70.2222222222222,6.0,51134.25872523521,272.184032607605,18,-1.4663746690230255,3.0
2010-12-06,2010-12-20,2010-12-14,269.957062744474,15,NERC,56.140350877193,-7.0,55183.61466640232,272.184032607605,18,-1.4663746690230255,3.0
2010-12-06,2010-12-09,2010-12-08,262.867167822287,4,NERC,67.3553719008265,-3.0,56235.08333769147,272.184032607605,18,-1.4663746690230255,3.0
2010-12-06,2010-12-10,2010-12-07,267.854484606658,5,NERC,43.801652892562,-4.0,57574.35576072476,272.184032607605,18,-1.4663746690230255,3.0
2010-12-06,2010-12-10,2010-12-08,264.648124725792,5,NERC,67.381974248927,-4.0,58897.59638435372,272.184032607605,18,-1.4663746690230255,3.0
2010-12-13,2010-12-20,2010-12-15,262.841301866192,8,NERC,63.9484978540773,12.0,61000.32679928325,272.184032607605,18,-1.4663746690230255,3.0
2010-12-13,2010-12-19,2010-12-14,258.721019161589,7,NERC,60.7438016528926,-6.0,62811.373933414376,272.184032607605,18,-1.4663746690230255,3.0
2010-12-13,2010-12-18,2010-12-14,263.491944095888,6,NERC,36.3636363636364,-5.0,64392.3255979897,272.184032607605,18,-1.4663746690230255,3.0
2011-01-01,2011-01-08,2011-01-01,267.167154997586,8,NERC,75.0,-7.0,2137.337239980688,274.238844852296,15,2.054812244690993,-3.0
2011-01-01,2011-01-11,2011-01-01,274.238844852296,11,NERC,77.7777777777778,-3.0,5153.964533355944,274.238844852296,15,2.054812244690993,-3.0
2011-01-01,2011-01-07,2011-01-01,260.009716428447,7,NERC,76.4444444444445,-6.0,6974.032548355073,274.238844852296,15,2.054812244690993,-3.0
2011-01-08,2011-01-18,2011-01-14,263.817869604567,11,NERC,59.656652360515,-9.0,9876.02911400531,274.238844852296,15,2.054812244690993,-3.0
2011-01-08,2011-01-12,2011-01-11,260.996656566276,5,NERC,74.2222222222222,-4.0,11181.01239683669,274.238844852296,15,2.054812244690993,-3.0
2011-01-09,2011-01-14,2011-01-12,258.260698293035,6,NERC,53.125,-5.0,12730.5765865949,274.238844852296,15,2.054812244690993,-3.0
2011-01-09,2011-01-17,2011-01-12,267.42487296797,9,NERC,41.4893617021277,-8.0,15137.40044330663,274.238844852296,15,2.054812244690993,-3.0
2011-01-09,2011-01-17,2011-01-13,266.875487374978,9,NERC,66.6666666666667,-8.0,17539.279829681433,274.238844852296,15,2.054812244690993,-3.0
2011-01-09,2011-01-23,2011-01-13,263.071005654734,15,NERC,36.7768595041322,-5.0,21485.344914502442,274.238844852296,15,2.054812244690993,-3.0
2011-01-18,2011-01-23,2011-01-21,239.68952087104,6,NERC,45.3586497890295,-2.0,22923.482039728682,274.238844852296,15,2.054812244690993,-3.0
2011-01-21,2011-01-25,2011-01-22,252.307071361526,5,NERC,45.8333333333333,-4.0,24185.01739653631,274.238844852296,15,2.054812244690993,-3.0
2011-01-21,2011-01-26,2011-01-24,248.633071580128,6,NERC,90.1639344262295,-5.0,25676.81582601708,274.238844852296,15,2.054812244690993,-3.0
2011-01-21,2011-01-26,2011-01-24,245.557277705053,6,NERC,71.6417910447761,6.0,27150.159492247396,274.238844852296,15,2.054812244690993,-3.0
2011-02-01,2011-02-12,2011-02-03,260.579529121151,12,NERC,48.4042553191489,-11.0,30277.113841701208,274.238844852296,15,2.054812244690993,-3.0
2011-02-01,2011-02-14,2011-02-03,249.691609467874,14,NERC,39.375,-12.0,33772.79637425145,274.238844852296,15,2.054812244690993,-3.0
2011-02-02,2011-02-06,2011-02-03,264.064809711814,5,NERC,81.8181818181818,-4.0,35093.12042281051,274.238844852296,15,2.054812244690993,-3.0
2011-02-02,2011-02-13,2011-02-02,265.786106813435,12,NERC,62.3456790123457,-5.0,38282.553704571736,274.238844852296,15,2.054812244690993,-3.0
2011-02-08,2011-02-12,2011-02-10,247.079547401366,5,NERC,55.0335570469799,5.0,39517.95144157857,274.238844852296,15,2.054812244690993,-3.0
2011-02-17,2011-03-01,2011-02-27,272.631014632919,13,NERC,77.7777777777778,276.0,43062.15463180651,274.238844852296,15,2.054812244690993,-3.0
2011-12-02,2011-12-09,2011-12-06,269.141181750811,8,NERC,86.3636363636364,-5.0,45215.284085813,274.238844852296,15,2.054812244690993,-3.0
2011-12-04,2011-12-07,2011-12-06,254.104800714233,4,NERC,48.8372093023256,15.0,46231.70328866993,274.238844852296,15,2.054812244690993,-3.0
2011-12-22,2011-12-25,2011-12-23,271.818893054384,4,NERC,84.0909090909091,364.0,47318.978860887466,274.238844852296,15,2.054812244690993,-3.0
2012-12-23,2012-12-31,2012-12-31,273.881404919072,9,NERC,70.3703703703704,-4.0,2464.932644271648,273.881404919072,9,-0.3574399332239864,-6.0
2012-12-27,2012-12-31,2012-12-31,264.171604659673,5,NERC,77.7777777777778,1.0,3785.790667570013,273.881404919072,9,-0.3574399332239864,-6.0
2013-01-01,2013-01-07,2013-01-01,270.663219324427,7,NERC,86.3636363636364,1.0,1894.6425352709891,271.778356962566,13,-2.103047956505975,4.0
2013-01-01,2013-01-06,2013-01-03,263.436481699349,6,NERC,70.6666666666667,-5.0,3475.261425467083,271.778356962566,13,-2.103047956505975,4.0
2013-01-08,2013-01-18,2013-01-15,266.597999054629,11,NERC,84.0909090909091,-9.0,6407.8394150680015,271.778356962566,13,-2.103047956505975,4.0
2013-01-09,2013-01-16,2013-01-14,271.184774106862,8,NERC,79.6296296296296,-5.0,8577.317607922898,271.778356962566,13,-2.103047956505975,4.0
2013-01-11,2013-01-15,2013-01-15,252.937278937629,5,NERC,81.3953488372093,-4.0,9842.004002611044,271.778356962566,13,-2.103047956505975,4.0
2013-01-11,2013-01-20,2013-01-13,259.617864017388,10,NERC,73.7777777777778,-6.0,12438.182642784923,271.778356962566,13,-2.103047956505975,4.0
2013-01-14,2013-01-18,2013-01-18,271.473580993346,5,NERC,69.7530864197531,3.0,13795.550547751653,271.778356962566,13,-2.103047956505975,4.0
2013-01-21,2013-01-28,2013-01-23,254.927279681567,8,NERC,85.2459016393443,-7.0,15834.968785204188,271.778356962566,13,-2.103047956505975,4.0
2013-01-21,2013-01-27,2013-01-23,255.304595802266,7,NERC,58.7301587301587,-6.0,17622.10095582005,271.778356962566,13,-2.103047956505975,4.0
2013-01-21,2013-01-29,2013-01-24,251.782882691707,9,NERC,68.6567164179105,-6.0,19888.146900045413,271.778356962566,13,-2.103047956505975,4.0
2013-01-23,2013-01-27,2013-01-25,264.142285860969,5,NERC,63.0901287553648,300.0,21208.85832935026,271.778356962566,13,-2.103047956505975,4.0
2013-11-23,2013-11-29,2013-11-27,270.432763232419,7,NERC,72.3404255319149,-5.0,23101.88767197719,271.778356962566,13,-2.103047956505975,4.0
2013-11-24,2013-11-28,2013-11-27,269.968209367951,5,NERC,79.6296296296296,5.0,24451.728718816947,271.778356962566,13,-2.103047956505975,4.0
2013-12-03,2013-12-15,2013-12-08,256.874958260659,13,NERC,57.3333333333333,-11.0,27791.103176205514,271.778356962566,13,-2.103047956505975,4.0
2013-12-04,2013-12-11,2013-12-06,250.973601847002,8,NERC,86.046511627907,-6.0,29798.89199098153,271.778356962566,13,-2.103047956505975,4.0
2013-12-05,2013-12-15,2013-12-07,257.12943165627,11,NERC,46.5625,-9.0,32627.3157392005,271.778356962566,13,-2.103047956505975,4.0
2013-12-05,2013-12-13,2013-12-09,271.778356962566,9,NERC,81.4814814814815,-8.0,35073.32095186359,271.778356962566,13,-2.103047956505975,4.0
2013-12-05,2013-12-13,2013-12-10,270.021431774278,9,NERC,77.2727272727273,-8.0,37503.5138378321,271.778356962566,13,-2.103047956505975,4.0
2013-12-06,2013-12-13,2013-12-07,268.872457629107,8,NERC,62.962962962963,-7.0,39654.493498864955,271.778356962566,13,-2.103047956505975,4.0
2013-12-06,2013-12-15,2013-12-07,265.941739312254,10,NERC,59.5744680851064,17.0,42313.91089198749,271.778356962566,13,-2.103047956505975,4.0
2014-01-01,2014-01-05,2014-01-04,246.578848805829,5,NERC,70.1492537313433,-1.0,1232.894244029145,267.201322649864,15,-4.57703431270204,2.0
2014-01-04,2014-01-10,2014-01-06,237.07010023366,7,NERC,37.3417721518987,-5.0,2892.384945664765,267.201322649864,15,-4.57703431270204,2.0
2014-01-05,2014-01-09,2014-01-06,262.624921080496,5,NERC,53.0864197530864,8.0,4205.509551067245,267.201322649864,15,-4.57703431270204,2.0
2014-01-17,2014-01-31,2014-01-28,248.345482529699,15,NERC,54.9603174603175,-10.0,7930.691789012731,267.201322649864,15,-4.57703431270204,2.0
2014-01-21,2014-01-26,2014-01-24,261.92967421249,6,NERC,34.7107438016529,-5.0,9502.26983428767,267.201322649864,15,-4.57703431270204,2.0
2014-01-21,2014-01-31,2014-01-22,254.560830638288,11,NERC,86.8852459016394,-10.0,12302.438971308839,267.201322649864,15,-4.57703431270204,2.0
2014-01-21,2014-01-26,2014-01-24,259.420279844447,6,NERC,61.8025751072961,-5.0,13858.96065037552,267.201322649864,15,-4.57703431270204,2.0
2014-01-21,2014-01-26,2014-01-23,253.767379064003,6,NERC,73.134328358209,-5.0,15381.56492475954,267.201322649864,15,-4.57703431270204,2.0
2014-01-21,2014-01-23,2014-01-23,241.239747573,3,NERC,34.3881856540084,-2.0,16105.284167478538,267.201322649864,15,-4.57703431270204,2.0
2014-01-21,2014-01-31,2014-01-24,253.685051709686,11,NERC,55.7851239669422,-4.0,18895.819736285084,267.201322649864,15,-4.57703431270204,2.0
2014-01-27,2014-02-01,2014-01-30,262.755600963862,6,NERC,33.0578512396694,-4.0,20472.353342068258,267.201322649864,15,-4.57703431270204,2.0
2014-01-28,2014-02-01,2014-01-30,258.719325650115,5,NERC,48.068669527897,0.0,21765.94997031883,267.201322649864,15,-4.57703431270204,2.0
2014-01-28,2014-01-31,2014-01-29,264.065539525071,4,NERC,66.6666666666667,-3.0,22822.212128419116,267.201322649864,15,-4.57703431270204,2.0
2014-02-01,2014-02-10,2014-02-06,248.45017463553,10,NERC,62.7906976744186,-7.0,25306.713874774417,267.201322649864,15,-4.57703431270204,2.0
2014-02-03,2014-02-12,2014-02-06,266.544317917822,10,NERC,40.9574468085106,-9.0,27972.157053952636,267.201322649864,15,-4.57703431270204,2.0
2014-02-03,2014-02-15,2014-02-11,247.9624522696,13,NERC,47.6510067114094,-11.0,31195.668933457437,267.201322649864,15,-4.57703431270204,2.0
2014-02-03,2014-02-11,2014-02-10,240.417588756006,9,NERC,44.9367088607595,-8.0,33359.42723226149,267.201322649864,15,-4.57703431270204,2.0
2014-02-04,2014-02-11,2014-02-05,258.886938578604,8,NERC,64.0,-7.0,35430.52274089032,267.201322649864,15,-4.57703431270204,2.0
2014-02-04,2014-02-14,2014-02-06,254.879698203084,11,NERC,41.5625,-8.0,38234.19942112424,267.201322649864,15,-4.57703431270204,2.0
2014-02-06,2014-02-12,2014-02-12,252.135180559863,7,NERC,88.5245901639344,-6.0,39999.14568504329,267.201322649864,15,-4.57703431270204,2.0
2014-02-06,2014-02-17,2014-02-11,249.37936708242,12,NERC,50.3968253968254,-6.0,42991.698090032325,267.201322649864,15,-4.57703431270204,2.0
2014-02-11,2014-02-14,2014-02-12,267.201322649864,4,NERC,54.0772532188841,10.0,44060.50338063178,267.201322649864,15,-4.57703431270204,2.0
2014-02-24,2014-03-01,2014-02-28,251.123487751596,6,NERC,48.8095238095238,255.0,45567.24430714136,267.201322649864,15,-4.57703431270204,2.0
2014-11-11,2014-11-16,2014-11-13,252.912248790705,6,NERC,44.1860465116279,39.0,47084.71779988559,267.201322649864,15,-4.57703431270204,2.0
2014-12-25,2014-12-31,2014-12-31,248.587349840583,7,NERC,79.0697674418605,1.0,48824.82924876967,267.201322649864,15,-4.57703431270204,2.0
2015-01-01,2015-01-16,2015-01-08,266.371856823552,16,NERC,67.0212765957447,-12.0,4261.949709176832,273.719121808576,23,6.517799158712023,8.0
2015-01-01,2015-01-05,2015-01-01,270.260015597158,5,NERC,86.3636363636364,-4.0,5613.249787162622,273.719121808576,23,6.517799158712023,8.0
2015-01-04,2015-01-14,2015-01-08,256.189338078181,11,NERC,48.4375,-9.0,8431.332506022613,273.719121808576,23,6.517799158712023,8.0
2015-01-05,2015-01-10,2015-01-08,245.171811444428,6,NERC,50.42194092827,-5.0,9902.36337468918,273.719121808576,23,6.517799158712023,8.0
2015-01-05,2015-01-11,2015-01-08,250.609166519192,7,NERC,61.744966442953,-5.0,11656.627540323523,273.719121808576,23,6.517799158712023,8.0
2015-01-06,2015-01-11,2015-01-08,248.551574084933,6,NERC,71.6417910447761,-5.0,13147.936984833123,273.719121808576,23,6.517799158712023,8.0
2015-01-06,2015-01-12,2015-01-08,252.230754108383,7,NERC,88.5245901639344,-6.0,14913.552263591802,273.719121808576,23,6.517799158712023,8.0
2015-01-06,2015-01-16,2015-01-08,252.005120086571,11,NERC,53.5714285714286,-9.0,17685.608584544083,273.719121808576,23,6.517799158712023,8.0
2015-01-07,2015-01-15,2015-01-08,253.967400194029,9,NERC,55.3719008264463,-8.0,19971.315186290347,273.719121808576,23,6.517799158712023,8.0
2015-01-07,2015-01-16,2015-01-08,262.925279558657,10,NERC,70.9876543209877,24.0,22600.567981876913,273.719121808576,23,6.517799158712023,8.0
2015-01-07,2015-01-12,2015-01-08,261.031402881853,6,NERC,40.9090909090909,-5.0,24166.756399168033,273.719121808576,23,6.517799158712023,8.0
2015-02-09,2015-03-03,2015-02-16,247.30558628629,23,NERC,90.1639344262295,-20.0,29854.784883752705,273.719121808576,23,6.517799158712023,8.0
2015-02-11,2015-02-28,2015-02-24,245.318105859167,18,NERC,70.1492537313433,-16.0,34270.51078921771,273.719121808576,23,6.517799158712023,8.0
2015-02-11,2015-02-21,2015-02-20,255.408539471718,11,NERC,57.5107296137339,-10.0,37080.00472340661,273.719121808576,23,6.517799158712023,8.0
2015-02-12,2015-02-21,2015-02-19,249.175893506755,10,NERC,44.2953020134228,-8.0,39571.763658474156,273.719121808576,23,6.517799158712023,8.0
2015-02-13,2015-03-03,2015-02-19,249.225638078609,19,NERC,48.7603305785124,-16.0,44307.05078196773,273.719121808576,23,6.517799158712023,8.0
2015-02-15,2015-03-08,2015-02-20,246.880708129628,22,NERC,45.0396825396825,-13.0,49738.42636081955,273.719121808576,23,6.517799158712023,8.0
2015-02-15,2015-02-21,2015-02-19,263.344189636031,7,NERC,30.9917355371901,-6.0,51581.83568827176,273.719121808576,23,6.517799158712023,8.0
2015-02-23,2015-03-01,2015-02-24,263.840789634167,7,NERC,63.0901287553648,-3.0,53428.72121571093,273.719121808576,23,6.517799158712023,8.0
2015-02-26,2015-03-03,2015-02-27,268.595738604441,6,NERC,53.7234042553192,269.0,55040.295647337574,273.719121808576,23,6.517799158712023,8.0
2015-11-27,2015-12-01,2015-11-27,260.516976687029,5,NERC,44.1860465116279,12.0,56342.88053077272,273.719121808576,23,6.517799158712023,8.0
2015-12-13,2015-12-18,2015-12-16,270.498491234071,6,NERC,79.5454545454546,2.0,57965.87147817715,273.719121808576,23,6.517799158712023,8.0
2015-12-20,2015-12-31,2015-12-31,261.926479343443,12,NERC,74.6666666666667,-9.0,61108.989230298466,273.719121808576,23,6.517799158712023,8.0
2015-12-22,2015-12-31,2015-12-27,270.187621286154,10,NERC,79.5454545454546,-8.0,63810.86544316,273.719121808576,23,6.517799158712023,8.0
2015-12-23,2015-12-31,2015-12-26,273.719121808576,9,NERC,75.9259259259259,-8.0,66274.33753943718,273.719121808576,23,6.517799158712023,8.0
2015-12-23,2015-12-31,2015-12-27,258.616873530861,9,NERC,73.2558139534884,1.0,68601.88940121494,273.719121808576,23,6.517799158712023,8.0
2016-01-01,2016-01-05,2016-01-01,261.92700042192,5,NERC,57.3333333333333,2.0,1309.6350021096,273.761088424251,9,0.041966615674994046,-14.0
2016-01-07,2016-01-15,2016-01-12,272.668615362985,9,NERC,86.3636363636364,1.0,3763.652540376465,273.761088424251,9,0.041966615674994046,-14.0
2016-01-16,2016-01-20,2016-01-17,241.787838382399,5,NERC,53.1645569620253,-3.0,4972.59173228846,273.761088424251,9,0.041966615674994046,-14.0
2016-01-17,2016-01-23,2016-01-18,252.305343520878,7,NERC,46.9798657718121,-6.0,6738.729136934606,273.761088424251,9,0.041966615674994046,-14.0
2016-01-17,2016-01-24,2016-01-19,259.654015595234,8,NERC,62.8099173553719,-7.0,8815.961261696477,273.761088424251,9,0.041966615674994046,-14.0
2016-01-17,2016-01-25,2016-01-19,262.864319118624,9,NERC,63.9484978540773,17.0,11181.740133764093,273.761088424251,9,0.041966615674994046,-14.0
2016-02-11,2016-02-15,2016-02-14,246.315898549572,5,NERC,64.1791044776119,-4.0,12413.319626511953,273.761088424251,9,0.041966615674994046,-14.0
2016-02-11,2016-02-15,2016-02-14,249.040251201191,5,NERC,83.6065573770492,295.0,13658.520882517909,273.761088424251,9,0.041966615674994046,-14.0
2016-12-06,2016-12-11,2016-12-07,262.159698523352,6,NERC,68.0,2.0,15231.47907365802,273.761088424251,9,0.041966615674994046,-14.0
2016-12-13,2016-12-20,2016-12-17,259.058004340307,8,NERC,67.5555555555556,4.0,17303.943108380477,273.761088424251,9,0.041966615674994046,-14.0
2016-12-24,2016-12-27,2016-12-25,273.761088424251,4,NERC,77.7777777777778,5.0,18398.98746207748,273.761088424251,9,0.041966615674994046,-14.0
2017-01-01,2017-01-22,2017-01-06,258.084609892242,22,NERC,73.3333333333333,-20.0,5677.861417629324,274.506944604413,22,0.7458561801619794,13.0
2017-01-02,2017-01-07,2017-01-06,251.732832409934,6,NERC,54.6511627906977,-3.0,7188.258412088928,274.506944604413,22,0.7458561801619794,13.0
2017-01-04,2017-01-08,2017-01-07,264.931336140332,5,NERC,57.4468085106383,-4.0,8512.915092790588,274.506944604413,22,0.7458561801619794,13.0
2017-01-04,2017-01-09,2017-01-06,242.979196208964,6,NERC,61.1814345991561,-4.0,9970.790270044372,274.506944604413,22,0.7458561801619794,13.0
2017-01-04,2017-01-08,2017-01-07,258.305510069221,5,NERC,68.4375,-4.0,11262.317820390477,274.506944604413,22,0.7458561801619794,13.0
2017-01-05,2017-01-09,2017-01-07,264.483563842377,5,NERC,56.7901234567901,-4.0,12584.735639602362,274.506944604413,22,0.7458561801619794,13.0
2017-01-05,2017-01-11,2017-01-09,257.446521145112,7,NERC,65.2360515021459,-5.0,14386.861287618145,274.506944604413,22,0.7458561801619794,13.0
2017-01-05,2017-01-10,2017-01-08,258.261219655625,6,NERC,49.1735537190083,-5.0,15936.428605551895,274.506944604413,22,0.7458561801619794,13.0
2017-01-05,2017-01-10,2017-01-08,257.587954847419,6,NERC,30.1587301587302,-5.0,17481.95633463641,274.506944604413,22,0.7458561801619794,13.0
2017-01-06,2017-01-10,2017-01-08,264.859002368337,5,NERC,35.9504132231405,9.0,18806.251346478093,274.506944604413,22,0.7458561801619794,13.0
2017-01-06,2017-01-09,2017-01-09,255.674732452539,4,NERC,90.1639344262295,-3.0,19828.95027628825,274.506944604413,22,0.7458561801619794,13.0
2017-01-19,2017-01-27,2017-01-25,274.506944604413,9,NERC,55.5555555555556,-3.0,22299.512777727967,274.506944604413,22,0.7458561801619794,13.0
2017-01-24,2017-01-29,2017-01-27,271.303527419886,6,NERC,84.0909090909091,328.0,23927.33394224728,274.506944604413,22,0.7458561801619794,13.0
2017-12-23,2017-12-31,2017-12-31,245.023812665842,9,NERC,47.6793248945148,-7.0,26132.54825623986,274.506944604413,22,0.7458561801619794,13.0
2017-12-24,2017-12-31,2017-12-31,254.194060154573,8,NERC,46.9798657718121,-7.0,28166.100737476445,274.506944604413,22,0.7458561801619794,13.0
2017-12-24,2017-12-31,2017-12-28,255.312366185973,8,NERC,57.1428571428571,-6.0,30208.59966696423,274.506944604413,22,0.7458561801619794,13.0
2017-12-25,2017-12-31,2017-12-29,255.118780118033,7,NERC,93.4426229508197,-6.0,31994.43112779046,274.506944604413,22,0.7458561801619794,13.0
2017-12-25,2017-12-31,2017-12-28,270.405537470745,7,NERC,67.9012345679012,-6.0,33887.26989008568,274.506944604413,22,0.7458561801619794,13.0
2017-12-25,2017-12-31,2017-12-29,250.689038420383,7,NERC,80.5970149253731,1.0,35642.09315902836,274.506944604413,22,0.7458561801619794,13.0
2018-01-01,2018-01-06,2018-01-01,265.569204714096,6,NERC,32.9787234042553,-5.0,1593.4152282845757,273.028348980254,10,-1.4785956241589702,-12.0
2018-01-01,2018-01-10,2018-01-07,248.160228390922,10,NERC,90.1639344262295,-9.0,4075.0175121937955,273.028348980254,10,-1.4785956241589702,-12.0
2018-01-01,2018-01-08,2018-01-02,263.069867085215,8,NERC,77.6859504132231,-7.0,6179.576448875516,273.028348980254,10,-1.4785956241589702,-12.0
2018-01-01,2018-01-06,2018-01-01,254.51058230265,6,NERC,38.75,-5.0,7706.639942691416,273.028348980254,10,-1.4785956241589702,-12.0
2018-01-01,2018-01-10,2018-01-05,273.028348980254,10,NERC,50.8771929824562,-5.0,10436.923432493955,273.028348980254,10,-1.4785956241589702,-12.0
2018-01-01,2018-01-09,2018-01-07,252.103956102277,9,NERC,66.0714285714286,-8.0,12705.859037414448,273.028348980254,10,-1.4785956241589702,-12.0
2018-01-01,2018-01-08,2018-01-07,257.568805231169,8,NERC,93.9914163090129,-7.0,14766.4094792638,273.028348980254,10,-1.4785956241589702,-12.0
2018-01-01,2018-01-09,2018-01-02,263.318975787159,9,NERC,62.3456790123457,-8.0,17136.28026134823,273.028348980254,10,-1.4785956241589702,-12.0
2018-01-01,2018-01-09,2018-01-02,255.910257249925,9,NERC,58.6776859504132,-8.0,19439.472576597556,273.028348980254,10,-1.4785956241589702,-12.0
2018-01-01,2018-01-09,2018-01-01,249.614859828117,9,NERC,42.9530201342282,-8.0,21686.00631505061,273.028348980254,10,-1.4785956241589702,-12.0
2018-01-05,2018-01-10,2018-01-07,245.442046710748,6,NERC,59.7014925373134,2.0,23158.658595315097,273.028348980254,10,-1.4785956241589702,-12.0
2018-01-12,2018-01-18,2018-01-16,251.847629175769,7,NERC,34.2281879194631,-6.0,24921.591999545482,273.028348980254,10,-1.4785956241589702,-12.0
2018-01-12,2018-01-20,2018-01-17,260.727198964557,9,NERC,28.3950617283951,-7.0,27268.136790226494,273.028348980254,10,-1.4785956241589702,-12.0
2018-01-13,2018-01-19,2018-01-17,254.129187417294,7,NERC,69.8347107438017,31.0,29047.041102147552,273.028348980254,10,-1.4785956241589702,-12.0
2018-02-19,2018-02-25,2018-02-20,260.515560766511,7,NERC,68.4444444444445,303.0,30870.65002751313,273.028348980254,10,-1.4785956241589702,-12.0
2018-12-25,2018-12-31,2018-12-29,270.219607242758,7,NERC,77.2727272727273,1.0,32762.187278212434,273.028348980254,10,-1.4785956241589702,-12.0
2019-01-01,2019-01-07,2019-01-02,268.812780494198,7,NERC,81.8181818181818,15.0,1881.6894634593862,274.86798612034,11,1.8396371400859834,1.0
2019-01-22,2019-02-01,2019-01-31,235.336982955406,11,NERC,44.9367088607595,-5.0,4470.396275968852,274.86798612034,11,1.8396371400859834,1.0
2019-01-27,2019-02-01,2019-01-30,242.349031763328,6,NERC,50.3355704697987,-3.0,5924.49046654882,274.86798612034,11,1.8396371400859834,1.0
2019-01-29,2019-02-02,2019-01-31,247.078399539063,5,NERC,49.2063492063492,2.0,7159.882464244136,274.86798612034,11,1.8396371400859834,1.0
2019-02-04,2019-02-13,2019-02-06,273.522300499944,10,NERC,70.3703703703704,-8.0,9895.105469243575,274.86798612034,11,1.8396371400859834,1.0
2019-02-05,2019-02-13,2019-02-07,261.019333275495,9,NERC,73.7777777777778,2.0,12244.27946872303,274.86798612034,11,1.8396371400859834,1.0
2019-02-15,2019-02-24,2019-02-22,273.594524399951,10,NERC,61.1111111111111,-7.0,14980.22471272254,274.86798612034,11,1.8396371400859834,1.0
2019-02-17,2019-02-25,2019-02-20,270.927876798189,9,NERC,72.7272727272727,276.0,17418.57560390624,274.86798612034,11,1.8396371400859834,1.0
2019-11-28,2019-12-02,2019-11-29,274.86798612034,5,NERC,75.9259259259259,22.0,18792.91553450794,274.86798612034,11,1.8396371400859834,1.0
2019-12-24,2019-12-31,2019-12-29,271.273130178817,8,NERC,81.8181818181818,391.0,20963.10057593848,274.86798612034,11,1.8396371400859834,1.0
2021-01-25,2021-01-28,2021-01-27,271.071257297329,4,NERC,77.2727272727273,-3.0,1084.285029189316,272.812818575797,19,-2.0551675445429964,8.0
2021-01-25,2021-01-30,2021-01-26,272.812818575797,6,NERC,62.962962962963,4.0,2721.1619406440977,272.812818575797,19,-2.0551675445429964,8.0
2021-02-03,2021-02-21,2021-02-07,237.489600149424,19,NERC,22.9957805907173,-17.0,7233.464343483154,272.812818575797,19,-2.0551675445429964,8.0
2021-02-04,2021-02-22,2021-02-14,250.448937206419,19,NERC,44.9664429530201,-17.0,11991.994150405115,272.812818575797,19,-2.0551675445429964,8.0
2021-02-05,2021-02-21,2021-02-16,247.869512161866,17,NERC,45.625,-11.0,16205.775857156837,272.812818575797,19,-2.0551675445429964,8.0
2021-02-10,2021-02-20,2021-02-16,254.709663387726,11,NERC,71.2765957446809,-10.0,19007.582154421823,272.812818575797,19,-2.0551675445429964,8.0
2021-02-10,2021-02-22,2021-02-16,255.525445392726,13,NERC,46.2962962962963,-11.0,22329.41294452726,272.812818575797,19,-2.0551675445429964,8.0
2021-02-11,2021-02-18,2021-02-15,249.538396526567,8,NERC,63.953488372093,-6.0,24325.720116739798,272.812818575797,19,-2.0551675445429964,8.0
2021-02-12,2021-02-21,2021-02-17,257.843764782994,10,NERC,67.3553719008265,305.0,26904.157764569736,272.812818575797,19,-2.0551675445429964,8.0
2021-02-12,2021-02-15,2021-02-14,264.943468765709,4,NERC,54.2222222222222,-3.0,27963.931639632574,272.812818575797,19,-2.0551675445429964,8.0
2021-12-23,2021-12-31,2021-12-28,260.663894441554,9,NERC,69.3333333333333,34.0,30309.90668960656,272.812818575797,19,-2.0551675445429964,8.0
2022-02-03,2022-02-08,2022-02-04,263.027812183007,6,NERC,56.9148936170213,14.0,1578.1668730980418,272.96815441207,13,0.15533583627302505,-6.0
2022-02-03,2022-02-05,2022-02-05,249.195204714353,3,NERC,46.3087248322148,-2.0,2325.752487241101,272.96815441207,13,0.15533583627302505,-6.0
2022-02-22,2022-02-25,2022-02-23,259.907123495156,4,NERC,70.6666666666667,-2.0,3365.380981221725,272.96815441207,13,0.15533583627302505,-6.0
2022-02-23,2022-02-26,2022-02-23,260.553245054571,4,NERC,58.4375,-2.0,4407.593961440009,272.96815441207,13,0.15533583627302505,-6.0
2022-02-24,2022-02-28,2022-02-25,269.528935182708,5,NERC,41.4893617021277,287.0,5755.238637353548,272.96815441207,13,0.15533583627302505,-6.0
2022-12-12,2022-12-24,2022-12-22,257.978665831509,13,NERC,73.3333333333333,-11.0,9108.961293163165,272.96815441207,13,0.15533583627302505,-6.0
2022-12-13,2022-12-19,2022-12-17,271.572815675678,7,NERC,81.8181818181818,-1.0,11009.971002892911,272.96815441207,13,0.15533583627302505,-6.0
2022-12-18,2022-12-27,2022-12-23,243.700911266355,10,NERC,37.9746835443038,-8.0,13446.980115556462,272.96815441207,13,0.15533583627302505,-6.0
2022-12-19,2022-12-27,2022-12-23,260.217545797025,9,NERC,53.7037037037037,-6.0,15788.938027729688,272.96815441207,13,0.15533583627302505,-6.0
2022-12-21,2022-12-27,2022-12-23,246.768306916389,7,NERC,55.7046979865772,-5.0,17516.31617614441,272.96815441207,13,0.15533583627302505,-6.0
2022-12-22,2022-12-28,2022-12-24,258.413261070596,7,NERC,37.1900826446281,-6.0,19325.20900363858,272.96815441207,13,0.15533583627302505,-6.0
2022-12-22,2022-12-28,2022-12-25,272.96815441207,7,NERC,63.1578947368421,-5.0,21235.986084523072,272.96815441207,13,0.15533583627302505,-6.0
2022-12-22,2022-12-27,2022-12-23,251.334825963173,6,NERC,53.305785123967,-5.0,22743.99504030211,272.96815441207,13,0.15533583627302505,-6.0
2022-12-23,2022-12-27,2022-12-24,252.691620226668,5,NERC,49.6031746031746,-3.0,24007.45314143545,272.96815441207,13,0.15533583627302505,-6.0
2022-12-24,2022-12-27,2022-12-24,255.648925786954,4,NERC,83.6065573770492,-3.0,25030.048844583267,272.96815441207,13,0.15533583627302505,-6.0
2022-12-24,2022-12-28,2022-12-24,257.724055761426,5,NERC,63.519313304721,20.0,26318.669123390395,272.96815441207,13,0.15533583627302505,-6.0
2023-01-17,2023-01-27,2023-01-23,272.098045727851,11,NERC,79.5454545454546,1.0,2993.078503006361,273.91871418826,16,0.9505597761900049,3.0
2023-01-28,2023-02-03,2023-02-03,240.706048105321,7,NERC,50.210970464135,-5.0,4678.020839743608,273.91871418826,16,0.9505597761900049,3.0
2023-01-28,2023-02-01,2023-01-30,253.356086199534,5,NERC,67.4418604651163,-4.0,5944.801270741278,273.91871418826,16,0.9505597761900049,3.0
2023-01-29,2023-02-01,2023-01-30,259.91838063771,4,NERC,74.2222222222222,-2.0,6984.474793292118,273.91871418826,16,0.9505597761900049,3.0
2023-01-30,2023-02-04,2023-01-31,271.093418083785,6,NERC,68.0851063829787,19.0,8611.03530179483,273.91871418826,16,0.9505597761900049,3.0
2023-02-23,2023-03-10,2023-02-23,273.91871418826,16,NERC,75.9259259259259,301.0,12993.734728806989,273.91871418826,16,0.9505597761900049,3.0
2024-01-05,2024-01-17,2024-01-16,249.656449847164,13,NERC,69.7674418604651,-6.0,3245.533848013132,270.251732881395,16,-3.6669813068650114,0.0
2024-01-05,2024-01-14,2024-01-09,270.251732881395,10,NERC,70.4545454545455,-9.0,5948.051176827083,270.251732881395,16,-3.6669813068650114,0.0
2024-01-11,2024-01-21,2024-01-13,257.960844226203,11,NERC,61.3333333333333,-10.0,8785.620463315316,270.251732881395,16,-3.6669813068650114,0.0
2024-01-11,2024-01-22,2024-01-15,241.164717392249,12,NERC,50.210970464135,-10.0,11679.597072022303,270.251732881395,16,-3.6669813068650114,0.0
2024-01-12,2024-01-27,2024-01-14,251.047469862052,16,NERC,55.3125,-14.0,15696.356589815136,270.251732881395,16,-3.6669813068650114,0.0
2024-01-13,2024-01-23,2024-01-17,253.29476920331,11,NERC,60.3305785123967,-10.0,18482.599051051544,270.251732881395,16,-3.6669813068650114,0.0
2024-01-13,2024-01-23,2024-01-16,262.081031622403,11,NERC,43.8271604938272,-10.0,21365.49039889798,270.251732881395,16,-3.6669813068650114,0.0
2024-01-13,2024-01-25,2024-01-14,244.576925620798,13,NERC,44.2953020134228,-11.0,24544.990431968352,270.251732881395,16,-3.6669813068650114,0.0
2024-01-14,2024-01-22,2024-01-17,253.989590229742,9,NERC,58.9285714285714,-8.0,26830.89674403603,270.251732881395,16,-3.6669813068650114,0.0
2024-01-14,2024-01-24,2024-01-16,262.177650795405,11,NERC,39.8936170212766,,29714.850902785485,270.251732881395,16,-3.6669813068650114,0.0
