start_date,end_date,centroid_date,lowest_temperature_k,duration_days,nerc_id,spatial_coverage
1980-01-06,1980-01-12,1980-01-11,262.381392415454,7,NERC,62.2222222222222
1980-01-17,1980-02-01,1980-01-28,256.732658543115,16,NERC,48.8888888888889
1980-01-26,1980-02-01,1980-01-27,256.815153403712,7,NERC,44.1860465116279
1980-01-30,1980-02-15,1980-02-02,260.959951326255,17,NERC,56.2231759656653
1980-01-31,1980-02-04,1980-02-01,254.540225873747,5,NERC,70.1492537313433
1980-01-31,1980-02-06,1980-02-01,255.586731485284,7,NERC,81.9672131147541
1980-01-31,1980-02-05,1980-02-01,256.141392806438,6,NERC,61.1111111111111
1980-01-31,1980-02-14,1980-02-01,256.530138643466,15,NERC,59.504132231405
1980-02-01,1980-02-09,1980-02-02,265.683429473681,9,NERC,35.9504132231405
1980-02-26,1980-03-04,1980-03-01,251.526892023983,8,NERC,86.8852459016394
1980-02-28,1980-03-04,1980-03-01,253.720975229971,6,NERC,39.2857142857143
1980-02-29,1980-03-03,1980-03-02,250.425888666473,4,NERC,41.6107382550336
1980-02-29,1980-03-06,1980-03-03,256.970960267018,7,NERC,47.6394849785408
1980-03-01,1980-03-04,1980-03-03,261.346733237179,4,NERC,44.2148760330579
1980-03-01,1980-03-04,1980-03-02,264.707198163584,4,NERC,71.6049382716049
1980-12-20,1980-12-23,1980-12-20,250.921285808622,4,NERC,67.1641791044776
1980-12-20,1980-12-22,1980-12-20,255.918295524186,3,NERC,72.1311475409836
1980-12-20,1980-12-22,1980-12-21,267.976180781573,3,NERC,72.2222222222222
1980-12-25,1980-12-28,1980-12-25,266.910670825167,4,NERC,42.9752066115703
1980-12-25,1980-12-28,1980-12-26,261.796533792717,4,NERC,48.9270386266094
1981-01-01,1981-01-20,1981-01-12,259.938641335246,20,NERC,44.206008583691
1981-01-02,1981-01-25,1981-01-12,247.863416568049,24,NERC,88.5245901639344
1981-01-03,1981-01-25,1981-01-05,245.507405071976,23,NERC,68.6567164179105
1981-01-03,1981-01-22,1981-01-12,248.576790728664,20,NERC,25.3968253968254
1981-01-08,1981-01-20,1981-01-12,262.646408324648,13,NERC,34.297520661157
1981-01-08,1981-01-26,1981-01-13,269.385064752285,19,NERC,61.4035087719298
1981-01-10,1981-01-20,1981-01-12,254.448553077644,11,NERC,39.2561983471074
1981-01-10,1981-01-14,1981-01-10,251.670672586832,5,NERC,48.993288590604
1981-01-11,1981-01-14,1981-01-12,267.549722519359,4,NERC,76.5432098765432
1981-02-02,1981-02-06,1981-02-03,259.937478205166,5,NERC,57.0247933884298
1981-02-02,1981-02-06,1981-02-03,266.592972030383,5,NERC,36.3636363636364
1981-02-03,1981-02-07,1981-02-05,263.427440137305,5,NERC,63.519313304721
1981-02-03,1981-02-07,1981-02-05,252.732745175589,5,NERC,45.8333333333333
1981-02-03,1981-02-06,1981-02-04,274.111953103757,4,NERC,82.4561403508772
1981-02-11,1981-02-15,1981-02-12,266.072914693472,5,NERC,60.4938271604938
1981-02-11,1981-02-14,1981-02-12,256.431153713259,4,NERC,51.6528925619835
1981-12-10,1981-12-14,1981-12-11,271.63262352188,5,NERC,70.1754385964912
1981-12-16,1981-12-21,1981-12-20,264.10370245256,6,NERC,42.9752066115703
1981-12-17,1981-12-21,1981-12-19,258.397708718951,5,NERC,54.9586776859504
1981-12-17,1981-12-22,1981-12-20,271.314479748971,6,NERC,73.6842105263158
1981-12-18,1981-12-21,1981-12-19,266.969181304349,4,NERC,72.2222222222222
1981-12-18,1981-12-21,1981-12-19,251.750934760494,4,NERC,42.2818791946309
1981-12-19,1981-12-22,1981-12-21,263.456028960962,4,NERC,61.8025751072961
1982-01-01,1982-02-14,1982-01-17,231.428978638604,45,NERC,30.168776371308
1982-01-01,1982-01-14,1982-01-06,255.189070455449,14,NERC,67.1111111111111
1982-01-04,1982-01-19,1982-01-10,241.158890409209,16,NERC,46.3087248322148
1982-01-04,1982-01-18,1982-01-10,248.943155494644,15,NERC,47.1875
1982-01-05,1982-02-02,1982-01-17,242.067358401115,29,NERC,19.6428571428571
1982-01-06,1982-01-09,1982-01-07,273.195679708926,4,NERC,77.7777777777778
1982-01-07,1982-01-18,1982-01-11,259.91032951541,12,NERC,71.2765957446809
1982-01-07,1982-01-19,1982-01-17,248.319777080951,13,NERC,35.5371900826446
1982-01-08,1982-01-19,1982-01-11,254.752695595826,12,NERC,70.8154506437768
1982-01-08,1982-01-30,1982-01-18,245.958992925796,23,NERC,80.5970149253731
1982-01-08,1982-01-30,1982-01-18,248.753807291382,23,NERC,90.1639344262295
1982-01-08,1982-01-18,1982-01-11,257.276987297926,11,NERC,88.8888888888889
1982-01-08,1982-01-18,1982-01-11,253.882399481162,11,NERC,65.2892561983471
1982-01-24,1982-01-29,1982-01-27,261.532426705976,6,NERC,50.6437768240343
1982-01-30,1982-02-13,1982-02-05,246.680678327822,15,NERC,51.1627906976744
1982-01-31,1982-02-12,1982-02-05,259.075252805608,13,NERC,69.7777777777778
1982-01-31,1982-02-14,1982-02-10,243.863410569337,15,NERC,55.0335570469799
1982-02-03,1982-02-13,1982-02-06,254.608790767861,11,NERC,54.0625
1982-12-24,1982-12-31,1982-12-29,270.702531737261,8,NERC,86.3636363636364
1982-12-25,1982-12-31,1982-12-29,254.751555405832,7,NERC,67.4418604651163
1982-12-26,1982-12-31,1982-12-29,263.475071112015,6,NERC,77.3333333333333
1983-01-12,1983-01-19,1983-01-13,274.506886278552,8,NERC,68.421052631579
1983-01-17,1983-01-22,1983-01-20,252.374092399187,6,NERC,85.2459016393443
1983-01-17,1983-01-22,1983-01-19,249.711304111003,6,NERC,76.1194029850746
1983-11-26,1983-11-29,1983-11-27,271.76233015347,4,NERC,79.5454545454546
1983-12-13,1983-12-30,1983-12-24,246.919730082671,18,NERC,46.5116279069768
1983-12-13,1983-12-31,1983-12-25,256.083978699992,19,NERC,58.641975308642
1983-12-14,1983-12-31,1983-12-25,247.040812882219,18,NERC,75.625
1983-12-14,1983-12-31,1983-12-25,240.654516332144,18,NERC,70.4697986577181
1983-12-14,1983-12-31,1983-12-25,257.560494115708,18,NERC,72.8723404255319
1983-12-15,1983-12-31,1983-12-19,234.262428577817,17,NERC,70.4641350210971
1983-12-15,1983-12-31,1983-12-25,247.314874116676,17,NERC,59.504132231405
1983-12-15,1983-12-30,1983-12-23,253.897418984883,16,NERC,64.8888888888889
1983-12-16,1983-12-31,1983-12-25,253.907107747046,16,NERC,25.2066115702479
1983-12-16,1983-12-31,1983-12-25,248.254688914069,16,NERC,47.2222222222222
1983-12-23,1983-12-31,1983-12-25,254.494720191781,9,NERC,71.6738197424893
1983-12-24,1983-12-28,1983-12-25,252.587664535818,5,NERC,88.5245901639344
1983-12-24,1983-12-28,1983-12-26,268.78887932966,5,NERC,78.9473684210526
1984-01-07,1984-01-24,1984-01-21,243.272306418503,18,NERC,23.015873015873
1984-01-09,1984-01-22,1984-01-20,234.668695335068,14,NERC,40.9282700421941
1984-01-10,1984-01-23,1984-01-21,250.25458347121,14,NERC,58.6776859504132
1984-01-12,1984-01-25,1984-01-18,247.449339646492,14,NERC,56.9767441860465
1984-01-12,1984-01-23,1984-01-18,259.142569967673,12,NERC,68.8888888888889
1984-01-14,1984-01-24,1984-01-20,246.780277999803,11,NERC,40.9395973154362
1984-01-14,1984-01-23,1984-01-21,263.693136911508,10,NERC,69.7530864197531
1984-01-15,1984-01-24,1984-01-22,248.312270031677,10,NERC,93.4426229508197
1984-01-16,1984-01-24,1984-01-19,254.847225782166,9,NERC,52.5
1984-01-17,1984-01-23,1984-01-21,266.600744755468,7,NERC,60.6382978723404
1984-01-19,1984-01-23,1984-01-22,265.125323777185,5,NERC,57.4380165289256
1984-01-19,1984-01-24,1984-01-22,260.5489063598,6,NERC,48.4978540772532
1984-01-20,1984-01-24,1984-01-22,249.280905790026,5,NERC,82.089552238806
1984-02-05,1984-02-09,1984-02-06,264.578555542667,5,NERC,46.6942148760331
1984-02-05,1984-02-08,1984-02-06,251.452797815075,4,NERC,44.9664429530201
1984-12-16,1984-12-24,1984-12-18,260.219452865288,9,NERC,65.3333333333333
1984-12-20,1984-12-23,1984-12-21,273.949343350976,4,NERC,79.6296296296296
1985-01-03,1985-02-18,1985-01-21,243.265183667527,47,NERC,26.4462809917355
1985-01-04,1985-01-30,1985-01-21,250.301972049037,27,NERC,42.1487603305785
1985-01-05,1985-01-30,1985-01-21,249.691125297013,26,NERC,55.3648068669528
1985-01-10,1985-02-19,1985-01-20,238.533513488332,41,NERC,36.241610738255
1985-01-11,1985-02-11,1985-01-21,245.267682558748,32,NERC,28.5714285714286
1985-01-11,1985-01-29,1985-01-21,257.686622002472,19,NERC,67.283950617284
1985-01-19,1985-01-26,1985-01-21,263.716815174258,8,NERC,53.7234042553192
1985-01-19,1985-01-29,1985-01-20,246.985613791976,11,NERC,42.1875
1985-01-20,1985-01-24,1985-01-21,251.399011781792,5,NERC,83.6065573770492
1985-01-20,1985-01-30,1985-01-22,268.074676962727,11,NERC,64.9122807017544
1985-01-20,1985-02-08,1985-02-01,248.01398878951,20,NERC,60.4651162790698
1985-01-22,1985-02-11,1985-02-01,272.204099838842,21,NERC,66.6666666666667
1985-01-22,1985-02-14,1985-02-04,256.421860039657,24,NERC,64.4444444444445
1985-01-27,1985-02-12,1985-02-01,267.132813909224,17,NERC,79.5454545454546
1985-01-30,1985-02-10,1985-02-01,238.775417387428,12,NERC,36.4978902953587
1985-01-31,1985-02-09,1985-02-03,262.159181740936,10,NERC,62.3456790123457
1985-01-31,1985-02-16,1985-02-01,253.634083245364,17,NERC,35.0
1985-01-31,1985-02-09,1985-02-02,263.13556330764,10,NERC,67.0212765957447
1985-02-07,1985-02-11,1985-02-08,253.549896510684,5,NERC,88.5245901639344
1985-02-08,1985-02-11,1985-02-08,263.425654663608,4,NERC,52.3605150214592
1985-11-09,1985-12-04,1985-11-23,256.759039612829,26,NERC,39.1111111111111
1985-11-11,1985-11-15,1985-11-13,273.137485274701,5,NERC,79.6296296296296
1985-12-01,1985-12-04,1985-12-02,257.423926312353,4,NERC,47.8125
1985-12-09,1985-12-15,1985-12-12,273.483377010047,7,NERC,75.9259259259259
1985-12-09,1985-12-15,1985-12-11,262.38726789811,7,NERC,76.8888888888889
1985-12-09,1985-12-16,1985-12-11,252.371446949914,8,NERC,69.7674418604651
1985-12-10,1985-12-16,1985-12-13,270.771338962011,7,NERC,79.5454545454546
1985-12-10,1985-12-21,1985-12-13,239.794951963353,12,NERC,40.9282700421941
1985-12-11,1985-12-21,1985-12-14,255.148542479754,11,NERC,41.25
1985-12-12,1985-12-17,1985-12-14,267.77772112007,6,NERC,52.6595744680851
1985-12-24,1985-12-29,1985-12-25,246.63561938621,6,NERC,46.3087248322148
1985-12-25,1985-12-30,1985-12-26,261.315655594151,6,NERC,28.099173553719
1986-01-04,1986-01-08,1986-01-07,239.707529414949,5,NERC,28.4810126582279
1986-01-14,1986-01-17,1986-01-15,253.104276990157,4,NERC,77.0491803278689
1986-01-27,1986-01-31,1986-01-28,270.379202701307,5,NERC,73.6842105263158
1986-01-27,1986-02-01,1986-01-28,258.153908400905,6,NERC,46.3519313304721
1986-02-06,1986-02-11,1986-02-09,274.408064711572,6,NERC,74.0740740740741
1986-02-06,1986-02-14,1986-02-11,253.460524090721,9,NERC,45.3488372093023
1986-02-09,1986-02-15,1986-02-11,252.181726064628,7,NERC,42.9530201342282
1986-02-09,1986-02-15,1986-02-12,243.739963786718,7,NERC,49.789029535865
1986-02-10,1986-02-16,1986-02-13,252.539710418342,7,NERC,37.6984126984127
1986-02-10,1986-02-13,1986-02-12,268.651848426179,4,NERC,67.283950617284
1986-02-12,1986-02-16,1986-02-14,254.958725778712,5,NERC,81.9672131147541
1987-01-13,1987-01-25,1987-01-17,268.265913845457,13,NERC,75.0
1987-01-15,1987-01-22,1987-01-17,254.278024892488,8,NERC,55.8139534883721
1987-01-15,1987-01-23,1987-01-16,260.980786720779,9,NERC,77.3333333333333
1987-01-15,1987-01-24,1987-01-16,271.103338618489,10,NERC,72.2222222222222
1987-01-20,1987-01-30,1987-01-25,248.337045835213,11,NERC,81.9672131147541
1987-01-21,1987-02-01,1987-01-27,259.879928021523,12,NERC,48.068669527897
1987-01-22,1987-01-30,1987-01-24,250.199385002715,9,NERC,19.6428571428571
1987-01-23,1987-01-30,1987-01-25,250.752314573539,8,NERC,71.6417910447761
1987-01-23,1987-01-29,1987-01-24,251.94245228425,7,NERC,41.6107382550336
1987-02-10,1987-02-22,1987-02-16,249.305292802214,13,NERC,83.6065573770492
1987-02-10,1987-02-22,1987-02-14,248.339017295514,13,NERC,76.1194029850746
1987-02-24,1987-03-01,1987-02-26,273.729562410626,6,NERC,74.0740740740741
1987-12-13,1987-12-31,1987-12-22,268.01832351059,19,NERC,75.0
1987-12-13,1987-12-20,1987-12-14,272.874595364845,8,NERC,75.9259259259259
1987-12-14,1987-12-17,1987-12-15,256.171153226947,4,NERC,41.8604651162791
1987-12-23,1987-12-29,1987-12-24,261.821923262065,7,NERC,81.3333333333333
1987-12-23,1987-12-31,1987-12-25,271.451932017159,9,NERC,90.7407407407407
1987-12-24,1987-12-29,1987-12-25,257.155436647267,6,NERC,53.4883720930233
1988-01-01,1988-01-10,1988-01-07,255.944491876574,10,NERC,74.4186046511628
1988-01-01,1988-01-15,1988-01-06,237.378655782265,15,NERC,33.5443037974684
1988-01-01,1988-01-15,1988-01-08,254.725011320029,15,NERC,57.5
1988-01-01,1988-01-07,1988-01-02,262.388903894061,7,NERC,72.8888888888889
1988-01-01,1988-01-16,1988-01-06,250.306762991856,16,NERC,37.3015873015873
1988-01-02,1988-01-17,1988-01-15,262.670203416086,16,NERC,52.3605150214592
1988-01-02,1988-01-16,1988-01-10,265.81208066427,15,NERC,62.962962962963
1988-01-02,1988-01-16,1988-01-10,258.162239405276,15,NERC,59.0909090909091
1988-01-04,1988-01-14,1988-01-05,251.378773669626,11,NERC,42.9530201342282
1988-01-05,1988-01-16,1988-01-14,267.241213697408,12,NERC,40.495867768595
1988-01-05,1988-01-08,1988-01-07,252.445808984441,4,NERC,67.1641791044776
1988-01-07,1988-01-14,1988-01-08,267.330324828268,8,NERC,43.0851063829787
1988-01-18,1988-01-26,1988-01-20,270.181783315061,9,NERC,81.8181818181818
1988-01-18,1988-01-21,1988-01-19,274.394817811686,4,NERC,70.3703703703704
1988-01-20,1988-01-23,1988-01-20,254.493237261109,4,NERC,67.4418604651163
1988-01-26,1988-01-29,1988-01-27,264.343787363907,4,NERC,51.931330472103
1988-01-26,1988-01-29,1988-01-26,266.846023709988,4,NERC,26.4462809917355
1988-02-01,1988-02-13,1988-02-06,241.146876433791,13,NERC,44.0928270042194
1988-02-05,1988-02-07,1988-02-07,253.693582772266,3,NERC,65.6716417910448
1988-12-15,1988-12-31,1988-12-29,271.324255023131,17,NERC,72.2222222222222
1988-12-19,1988-12-31,1988-12-27,267.735811169262,13,NERC,68.1818181818182
1988-12-25,1988-12-31,1988-12-27,260.63207829653,7,NERC,75.1111111111111
1989-01-05,1989-01-17,1989-01-08,272.183664606361,13,NERC,75.9259259259259
1989-01-07,1989-01-18,1989-01-09,270.008282561627,12,NERC,79.5454545454546
1989-01-31,1989-02-18,1989-02-04,253.965960517413,19,NERC,55.1111111111111
1989-02-01,1989-02-17,1989-02-06,268.491299069298,17,NERC,88.8888888888889
1989-02-02,1989-02-18,1989-02-05,247.584256902362,17,NERC,54.6511627906977
1989-02-02,1989-02-12,1989-02-04,255.314934475563,11,NERC,54.0625
1989-02-03,1989-02-12,1989-02-04,241.477725542265,10,NERC,46.6244725738397
1989-02-03,1989-02-11,1989-02-07,265.935080686229,9,NERC,57.4468085106383
1989-02-05,1989-02-10,1989-02-09,269.583958804281,6,NERC,74.6913580246914
1989-02-05,1989-02-09,1989-02-07,267.940420877797,5,NERC,63.6363636363636
1989-02-23,1989-02-26,1989-02-24,264.861237831031,4,NERC,37.603305785124
1989-02-23,1989-02-28,1989-02-25,272.208704276246,6,NERC,52.6315789473684
1989-03-04,1989-03-10,1989-03-06,265.844299555797,7,NERC,30.8510638297872
1989-03-05,1989-03-08,1989-03-06,260.377661614262,4,NERC,44.0625
1989-03-06,1989-03-09,1989-03-06,268.223404386758,4,NERC,82.7160493827161
1989-12-07,1989-12-29,1989-12-22,247.606836748382,23,NERC,47.5206611570248
1989-12-07,1989-12-28,1989-12-22,240.537175512097,22,NERC,55.7046979865772
1989-12-07,1989-12-28,1989-12-23,246.41884427667,22,NERC,45.9375
1989-12-08,1989-12-28,1989-12-23,255.078185017221,21,NERC,47.3404255319149
1989-12-08,1989-12-29,1989-12-23,258.254180276695,22,NERC,51.931330472103
1989-12-09,1989-12-29,1989-12-23,249.283150199013,21,NERC,36.9047619047619
1989-12-11,1989-12-15,1989-12-12,269.822910825276,5,NERC,72.7272727272727
1989-12-12,1989-12-28,1989-12-23,255.247793842483,17,NERC,69.1358024691358
1989-12-13,1989-12-29,1989-12-24,257.783956541006,17,NERC,40.495867768595
1989-12-14,1989-12-27,1989-12-22,238.241679565156,14,NERC,22.9957805907173
1989-12-15,1989-12-25,1989-12-22,248.829816367706,11,NERC,39.5348837209302
1989-12-18,1989-12-29,1989-12-23,251.758186032473,12,NERC,86.8852459016394
1989-12-21,1989-12-30,1989-12-23,251.206847964202,10,NERC,70.1492537313433
1989-12-22,1989-12-30,1989-12-24,267.576262873262,9,NERC,75.4385964912281
1990-01-02,1990-01-08,1990-01-04,270.131818450056,7,NERC,81.8181818181818
1990-01-17,1990-01-21,1990-01-18,274.559137651304,5,NERC,75.9259259259259
1990-02-12,1990-02-20,1990-02-14,258.237536426737,9,NERC,65.7777777777778
1990-02-13,1990-02-21,1990-02-15,270.030296345686,9,NERC,83.3333333333333
1990-02-14,1990-02-22,1990-02-16,268.051134738325,9,NERC,72.7272727272727
1990-12-12,1990-12-31,1990-12-21,250.544977824235,20,NERC,65.3333333333333
1990-12-13,1990-12-31,1990-12-22,264.787754048222,19,NERC,90.7407407407407
1990-12-17,1990-12-31,1990-12-23,263.092326928019,15,NERC,72.7272727272727
1990-12-17,1990-12-31,1990-12-22,244.923594781204,15,NERC,60.4651162790698
1990-12-21,1990-12-27,1990-12-24,256.533114792862,7,NERC,60.0
1990-12-22,1990-12-31,1990-12-23,239.333036278339,10,NERC,39.662447257384
1990-12-23,1990-12-26,1990-12-24,264.976220298146,4,NERC,53.7234042553192
1991-01-03,1991-01-07,1991-01-05,263.325726389422,5,NERC,68.0
1991-11-29,1991-12-04,1991-12-02,270.499672341423,6,NERC,81.8181818181818
1992-11-24,1992-11-27,1992-11-25,271.914548093032,4,NERC,81.8181818181818
1992-12-13,1992-12-24,1992-12-17,270.7452261433,12,NERC,65.9090909090909
1992-12-18,1992-12-22,1992-12-19,273.514820506407,5,NERC,74.0740740740741
1993-01-01,1993-01-19,1993-01-12,260.116309511831,19,NERC,75.1111111111111
1993-01-02,1993-01-06,1993-01-03,273.062987657887,5,NERC,83.3333333333333
1993-02-15,1993-02-20,1993-02-16,261.106443379379,6,NERC,60.8888888888889
1993-02-17,1993-02-19,1993-02-18,250.010771100643,3,NERC,36.241610738255
1993-02-23,1993-02-28,1993-02-26,262.608278197294,6,NERC,72.8888888888889
1993-03-13,1993-03-16,1993-03-15,259.308251761221,4,NERC,45.9227467811159
1993-11-23,1993-11-28,1993-11-24,260.512242145423,6,NERC,66.6666666666667
1993-11-24,1993-11-27,1993-11-25,254.083312434283,4,NERC,54.6511627906977
1993-11-26,1993-11-29,1993-11-27,268.412187072199,4,NERC,14.8936170212766
1994-01-01,1994-01-23,1994-01-12,240.372605337747,23,NERC,16.2698412698413
1994-01-07,1994-01-09,1994-01-08,244.881604553799,3,NERC,38.8185654008439
1994-01-09,1994-01-12,1994-01-10,253.471063273729,4,NERC,81.9672131147541
1994-01-09,1994-01-12,1994-01-11,251.7430549126,4,NERC,68.6567164179105
1994-01-12,1994-01-22,1994-01-18,242.646006506254,11,NERC,57.0469798657718
1994-01-13,1994-01-25,1994-01-18,234.752678772441,13,NERC,39.873417721519
1994-01-14,1994-01-23,1994-01-19,247.321887260488,10,NERC,82.6446280991736
1994-01-14,1994-01-23,1994-01-19,254.960767488708,10,NERC,56.6523605150215
1994-01-14,1994-01-23,1994-01-19,247.017349229489,10,NERC,96.7213114754098
1994-01-14,1994-01-24,1994-01-19,259.407651333246,11,NERC,42.1487603305785
1994-01-15,1994-01-22,1994-01-18,256.320646257758,8,NERC,43.125
1994-01-15,1994-02-18,1994-01-16,242.979676579345,35,NERC,59.7014925373134
1994-01-16,1994-01-23,1994-01-19,264.417303382068,8,NERC,66.6666666666667
1994-01-28,1994-02-03,1994-02-01,269.889895868886,7,NERC,81.8181818181818
1994-01-29,1994-02-14,1994-01-31,238.859994002085,17,NERC,39.662447257384
1994-01-30,1994-02-04,1994-01-31,252.907091296099,6,NERC,56.9767441860465
1994-01-31,1994-02-05,1994-02-01,255.019085966712,6,NERC,36.1111111111111
1994-01-31,1994-02-04,1994-02-02,255.559710415822,5,NERC,90.1639344262295
1994-02-25,1994-03-02,1994-02-27,251.429368762916,6,NERC,93.4426229508197
1995-02-04,1995-02-15,1995-02-12,252.18503480314,12,NERC,50.7936507936508
1995-02-04,1995-02-15,1995-02-06,250.577528530488,12,NERC,85.2459016393443
1995-02-05,1995-02-14,1995-02-06,260.847520647426,10,NERC,52.3605150214592
1995-02-05,1995-02-14,1995-02-06,246.397460710675,10,NERC,68.6567164179105
1995-02-13,1995-02-16,1995-02-14,262.542386505838,4,NERC,50.6666666666667
1995-12-08,1995-12-12,1995-12-10,257.228741079344,5,NERC,53.305785123967
1995-12-09,1995-12-11,1995-12-10,267.434922648408,3,NERC,31.9148936170213
1995-12-21,1995-12-30,1995-12-26,268.249078397332,10,NERC,34.297520661157
1995-12-21,1995-12-29,1995-12-25,274.039096506796,9,NERC,73.6842105263158
1996-01-03,1996-01-12,1996-01-06,247.198211278726,10,NERC,80.5970149253731
1996-01-04,1996-01-09,1996-01-06,255.421045763159,6,NERC,52.1825396825397
1996-01-04,1996-01-16,1996-01-06,246.458862494887,13,NERC,21.3114754098361
1996-01-05,1996-01-09,1996-01-07,255.434732706417,5,NERC,45.9375
1996-01-05,1996-01-08,1996-01-07,244.541067682437,4,NERC,28.0590717299578
1996-01-07,1996-01-11,1996-01-08,256.124616939066,5,NERC,61.5702479338843
1996-01-07,1996-01-13,1996-01-08,263.947194125707,7,NERC,42.1487603305785
1996-01-07,1996-01-11,1996-01-08,264.396873571082,5,NERC,68.5185185185185
1996-01-08,1996-01-15,1996-01-09,271.929400232277,8,NERC,59.6491228070175
1996-01-17,1996-02-05,1996-02-02,258.488354662351,20,NERC,65.7777777777778
1996-01-18,1996-02-06,1996-02-02,229.537781221949,20,NERC,58.8607594936709
1996-01-18,1996-02-06,1996-01-27,250.721526243747,20,NERC,44.0625
1996-01-21,1996-02-04,1996-02-02,250.17981855005,15,NERC,56.9767441860465
1996-01-25,1996-02-06,1996-02-03,246.149164435996,13,NERC,35.5704697986577
1996-01-26,1996-02-07,1996-02-04,250.781381083298,13,NERC,48.7603305785124
1996-01-28,1996-02-08,1996-02-05,253.118012707818,12,NERC,49.7854077253219
1996-01-28,1996-02-07,1996-02-04,249.464786338645,11,NERC,38.6904761904762
1996-01-31,1996-02-07,1996-02-04,260.306128511899,8,NERC,76.5432098765432
1996-01-31,1996-02-06,1996-02-04,262.152827695167,7,NERC,78.1914893617021
1996-02-01,1996-02-08,1996-02-05,258.482563228021,8,NERC,37.1900826446281
1996-02-01,1996-02-08,1996-02-05,250.631014130057,8,NERC,52.4590163934426
1996-02-03,1996-02-07,1996-02-05,251.088443608491,5,NERC,71.6417910447761
1996-02-25,1996-03-01,1996-02-27,261.981384494337,6,NERC,74.2222222222222
1996-02-26,1996-03-01,1996-02-27,273.590509597304,5,NERC,72.2222222222222
1996-03-07,1996-03-12,1996-03-09,267.948169993819,6,NERC,52.6595744680851
1996-03-07,1996-03-10,1996-03-08,259.186526726588,4,NERC,38.125
1996-03-08,1996-03-12,1996-03-09,267.485357232705,5,NERC,77.1604938271605
1996-03-08,1996-03-11,1996-03-09,254.787925474368,4,NERC,28.3730158730159
1996-03-08,1996-03-13,1996-03-09,264.751427883771,6,NERC,20.6611570247934
1996-11-25,1996-11-27,1996-11-26,269.238919954876,3,NERC,47.8723404255319
1996-12-15,1996-12-20,1996-12-18,252.067997959837,6,NERC,70.9302325581395
1996-12-16,1996-12-21,1996-12-19,266.134109893117,6,NERC,70.2127659574468
1996-12-16,1996-12-21,1996-12-19,265.476852206544,6,NERC,66.6666666666667
1996-12-18,1996-12-21,1996-12-19,257.557974306076,4,NERC,50.3125
1996-12-19,1996-12-23,1996-12-20,266.273764166534,5,NERC,40.9090909090909
1996-12-24,1996-12-27,1996-12-25,241.4256373461,4,NERC,52.5316455696203
1997-01-05,1997-01-19,1997-01-12,253.85430094019,15,NERC,46.875
1997-01-05,1997-01-20,1997-01-17,244.766753449434,16,NERC,43.6241610738255
1997-01-05,1997-01-18,1997-01-12,250.226806172814,14,NERC,65.1162790697675
1997-01-06,1997-01-20,1997-01-17,254.040452286113,15,NERC,71.0743801652893
1997-01-06,1997-01-19,1997-01-12,265.918425484504,14,NERC,72.8723404255319
1997-01-06,1997-01-12,1997-01-08,270.252985859637,7,NERC,81.8181818181818
1997-01-06,1997-01-20,1997-01-17,263.747241021265,15,NERC,65.4320987654321
1997-01-08,1997-01-21,1997-01-17,261.596461804704,14,NERC,33.4710743801653
1997-01-10,1997-01-22,1997-01-18,260.626657695046,13,NERC,49.7854077253219
1997-01-10,1997-01-21,1997-01-15,251.482793807066,12,NERC,50.5952380952381
1997-01-10,1997-01-14,1997-01-12,242.770468299531,5,NERC,61.8143459915612
1997-01-12,1997-01-17,1997-01-13,261.536211253857,6,NERC,79.1111111111111
1997-01-16,1997-01-19,1997-01-17,238.290559467708,4,NERC,44.3037974683544
1997-01-17,1997-01-21,1997-01-19,252.776613030814,5,NERC,86.8852459016394
1997-01-17,1997-01-22,1997-01-19,272.361997419047,6,NERC,75.4385964912281
1997-01-17,1997-01-20,1997-01-19,251.487497066196,4,NERC,70.1492537313433
1997-01-28,1997-01-31,1997-01-28,268.684247027688,4,NERC,26.5957446808511
1997-12-09,1997-12-14,1997-12-12,270.936667409622,6,NERC,84.0909090909091
1997-12-23,1997-12-30,1997-12-26,270.351614242681,8,NERC,77.2727272727273
1998-03-10,1998-03-12,1998-03-12,270.004624095606,3,NERC,65.4320987654321
1998-12-05,1998-12-08,1998-12-07,274.451778331946,4,NERC,77.7777777777778
1998-12-07,1998-12-12,1998-12-08,271.188581089198,6,NERC,79.5454545454546
1998-12-18,1998-12-25,1998-12-21,255.436933134182,8,NERC,69.3333333333333
1998-12-19,1998-12-27,1998-12-21,270.936645205287,9,NERC,83.3333333333333
1998-12-19,1998-12-28,1998-12-22,250.436828796818,10,NERC,47.6744186046512
1998-12-21,1998-12-25,1998-12-22,259.383284751428,5,NERC,59.0625
1998-12-22,1998-12-26,1998-12-23,270.937511132293,5,NERC,72.7272727272727
1998-12-22,1998-12-27,1998-12-25,269.174285780892,6,NERC,65.9574468085106
1999-01-01,1999-01-11,1999-01-05,243.012927072883,11,NERC,72.4832214765101
1999-01-02,1999-01-07,1999-01-04,256.69429976906,6,NERC,38.4375
1999-01-02,1999-01-06,1999-01-04,265.817816635233,5,NERC,68.5185185185185
1999-01-02,1999-01-07,1999-01-05,256.229864855501,6,NERC,53.7190082644628
1999-01-03,1999-01-06,1999-01-04,268.318077887612,4,NERC,56.3829787234043
1999-01-03,1999-01-07,1999-01-05,263.54319540828,5,NERC,58.6776859504132
1999-01-04,1999-01-07,1999-01-05,263.697207077384,4,NERC,49.7854077253219
1999-01-04,1999-01-15,1999-01-05,250.200758582216,12,NERC,40.6746031746032
2000-01-13,2000-01-30,2000-01-17,251.523194792358,18,NERC,86.8852459016394
2000-01-13,2000-01-25,2000-01-17,249.579704846655,13,NERC,73.134328358209
2000-01-24,2000-02-10,2000-01-28,258.119440434414,18,NERC,51.5021459227468
2000-01-24,2000-01-29,2000-01-27,258.906642570446,6,NERC,55.7851239669422
2000-01-25,2000-01-28,2000-01-27,273.219449132702,4,NERC,78.9473684210526
2000-01-25,2000-02-06,2000-01-27,265.346001876222,13,NERC,39.2561983471074
2000-01-28,2000-01-31,2000-01-30,268.62042950432,4,NERC,67.0212765957447
2000-12-07,2000-12-31,2000-12-22,246.025151305704,25,NERC,30.8724832214765
2000-12-09,2000-12-31,2000-12-31,255.83880643423,23,NERC,40.3125
2000-12-17,2000-12-31,2000-12-20,263.17800247692,15,NERC,46.2809917355372
2000-12-17,2000-12-31,2000-12-22,254.187892518394,15,NERC,76.4462809917355
2000-12-17,2000-12-31,2000-12-30,265.365280692429,15,NERC,64.1975308641975
2000-12-18,2000-12-31,2000-12-23,263.013370254881,14,NERC,51.0729613733906
2000-12-26,2000-12-31,2000-12-30,267.782139105306,6,NERC,57.9787234042553
2001-01-01,2001-01-10,2001-01-02,264.269145853973,10,NERC,68.5185185185185
2001-01-01,2001-01-07,2001-01-03,265.539389110898,7,NERC,50.4132231404959
2001-01-01,2001-01-06,2001-01-03,263.791801449713,6,NERC,45.9227467811159
2001-01-01,2001-01-06,2001-01-03,258.130221002286,6,NERC,49.1735537190083
2001-01-01,2001-01-14,2001-01-01,271.867926203056,14,NERC,70.1754385964912
2001-01-01,2001-01-04,2001-01-02,250.12147582027,4,NERC,73.1543624161074
2001-01-01,2001-01-03,2001-01-02,256.059430503599,3,NERC,38.0952380952381
2001-01-01,2001-01-06,2001-01-03,267.447357928329,6,NERC,38.8297872340426
2001-01-01,2001-01-06,2001-01-02,254.351166884465,6,NERC,34.375
2001-01-15,2001-01-19,2001-01-16,273.572184319174,5,NERC,77.7777777777778
2001-01-17,2001-01-21,2001-01-18,271.256210817798,5,NERC,81.8181818181818
2001-12-12,2001-12-19,2001-12-13,270.935971437913,8,NERC,79.5454545454546
2002-01-01,2002-01-05,2002-01-03,268.348006462383,5,NERC,72.2222222222222
2002-01-01,2002-01-05,2002-01-03,267.427702726564,5,NERC,56.9148936170213
2002-01-03,2002-01-06,2002-01-04,266.248395163869,4,NERC,18.5950413223141
2002-01-08,2002-01-11,2002-01-09,274.724564621036,4,NERC,42.1052631578947
2002-01-27,2002-02-05,2002-01-30,272.109123654143,10,NERC,77.7777777777778
2002-03-02,2002-03-05,2002-03-04,267.421429214492,4,NERC,61.1702127659575
2002-03-02,2002-03-05,2002-03-03,269.715620348938,4,NERC,75.0
2002-03-14,2002-03-19,2002-03-18,274.31136226722,6,NERC,79.6296296296296
2002-12-22,2002-12-25,2002-12-24,274.846292356317,4,NERC,74.0740740740741
2002-12-24,2002-12-28,2002-12-26,271.530596853705,5,NERC,84.0909090909091
2003-01-07,2003-01-31,2003-01-28,247.02093658747,25,NERC,71.6417910447761
2003-01-10,2003-01-31,2003-01-18,250.565715436631,22,NERC,83.6065573770492
2003-01-13,2003-01-30,2003-01-27,251.918115435062,18,NERC,47.2222222222222
2003-01-14,2003-01-20,2003-01-18,265.892930832238,7,NERC,28.9256198347107
2003-01-15,2003-01-28,2003-01-21,254.104645162049,14,NERC,56.198347107438
2003-01-17,2003-01-19,2003-01-18,268.77174700047,3,NERC,70.9876543209877
2003-01-18,2003-01-22,2003-01-18,273.9126434176,5,NERC,71.9298245614035
2003-01-22,2003-01-31,2003-01-24,259.323550200175,10,NERC,52.7896995708155
2003-01-23,2003-01-28,2003-01-24,259.950025461283,6,NERC,61.1570247933884
2003-01-23,2003-01-28,2003-01-24,264.854138292114,6,NERC,74.6913580246914
2003-02-10,2003-02-20,2003-02-14,247.163554054301,11,NERC,59.7014925373134
2003-02-13,2003-02-19,2003-02-16,252.889955008105,7,NERC,86.8852459016394
2003-12-27,2003-12-31,2003-12-28,268.884699853994,5,NERC,86.3636363636364
2004-01-01,2004-01-08,2004-01-05,256.751756642384,8,NERC,74.6666666666667
2004-01-07,2004-02-03,2004-01-25,249.861514152241,28,NERC,83.6065573770492
2004-01-07,2004-02-03,2004-01-14,245.874560833457,28,NERC,70.1492537313433
2004-01-23,2004-02-02,2004-01-31,262.746617329279,11,NERC,47.6394849785408
2004-01-25,2004-02-01,2004-01-31,249.68376997056,8,NERC,54.3624161073826
2004-01-28,2004-02-01,2004-01-30,241.702410662042,5,NERC,42.8270042194093
2004-01-29,2004-02-03,2004-01-31,252.738676887682,6,NERC,34.1269841269841
2004-02-12,2004-02-15,2004-02-13,270.106430691652,4,NERC,70.4545454545455
2004-11-29,2004-12-03,2004-11-30,270.844831525816,5,NERC,79.5454545454546
2004-11-29,2004-12-03,2004-11-29,274.677261710941,5,NERC,72.2222222222222
2004-12-22,2004-12-26,2004-12-24,270.063209645625,5,NERC,81.8181818181818
2004-12-22,2004-12-28,2004-12-23,266.998684984883,7,NERC,56.3829787234043
2004-12-23,2004-12-28,2004-12-24,265.336889704477,6,NERC,80.8641975308642
2004-12-23,2004-12-29,2004-12-25,255.975457174971,7,NERC,29.3388429752066
2005-01-13,2005-01-19,2005-01-14,240.857354345828,7,NERC,41.9831223628692
2005-01-14,2005-01-18,2005-01-16,260.834625545678,5,NERC,48.125
2005-01-15,2005-02-02,2005-01-28,249.518647982565,19,NERC,86.8852459016394
2005-01-16,2005-02-02,2005-01-22,248.777466957196,18,NERC,74.6268656716418
2005-01-17,2005-01-20,2005-01-18,267.987751483712,4,NERC,32.2314049586777
2005-01-17,2005-01-21,2005-01-19,263.002181517334,5,NERC,41.2017167381974
2005-12-06,2005-12-12,2005-12-09,266.547333052046,7,NERC,60.1063829787234
2005-12-07,2005-12-11,2005-12-09,258.042518525905,5,NERC,56.25
2005-12-14,2005-12-18,2005-12-18,264.321483498051,5,NERC,76.4444444444445
2006-02-14,2006-02-22,2006-02-17,259.299361675556,9,NERC,62.2222222222222
2006-02-15,2006-02-23,2006-02-20,273.449428953783,9,NERC,75.9259259259259
2006-02-17,2006-02-22,2006-02-18,252.458592625279,6,NERC,54.6511627906977
2006-03-10,2006-03-14,2006-03-12,273.751830349973,5,NERC,72.2222222222222
2006-11-28,2006-12-03,2006-11-29,260.359650247764,6,NERC,65.7777777777778
2006-12-17,2006-12-22,2006-12-18,273.637508058176,6,NERC,68.5185185185185
2007-01-11,2007-01-24,2007-01-14,259.205312556653,14,NERC,61.7777777777778
2007-01-12,2007-01-23,2007-01-15,252.732614824022,12,NERC,68.6046511627907
2007-01-12,2007-01-27,2007-01-13,269.998453221966,16,NERC,51.8518518518519
2007-01-13,2007-01-28,2007-01-15,267.612029280413,16,NERC,79.5454545454546
2007-01-14,2007-01-20,2007-01-16,254.28580425225,7,NERC,55.3125
2007-01-15,2007-01-20,2007-01-16,267.195142253486,6,NERC,64.8936170212766
2007-02-02,2007-02-20,2007-02-06,251.865111554404,19,NERC,12.5
2007-02-02,2007-02-11,2007-02-05,252.564099593205,10,NERC,42.2818791946309
2007-02-03,2007-02-10,2007-02-05,258.314424681072,8,NERC,50.4132231404959
2007-02-03,2007-02-11,2007-02-05,242.916991024148,9,NERC,40.7172995780591
2007-02-14,2007-02-17,2007-02-16,259.188160751266,4,NERC,46.5625
2007-02-14,2007-02-18,2007-02-16,267.903691687034,5,NERC,60.6382978723404
2007-02-15,2007-02-19,2007-02-16,265.457030760221,5,NERC,47.2103004291846
2007-02-15,2007-02-20,2007-02-19,253.341207691162,6,NERC,62.2950819672131
2007-02-15,2007-02-19,2007-02-16,268.305555750535,5,NERC,28.9256198347107
2007-03-06,2007-03-10,2007-03-06,249.511189741934,5,NERC,62.2950819672131
2007-12-21,2007-12-31,2007-12-28,269.756095367836,11,NERC,79.5454545454546
2008-01-01,2008-01-05,2008-01-03,264.028711134601,5,NERC,39.2561983471074
2008-01-01,2008-01-04,2008-01-03,266.959330801959,4,NERC,76.5432098765432
2008-01-02,2008-01-05,2008-01-03,271.406243657075,4,NERC,80.7017543859649
2008-01-16,2008-01-23,2008-01-17,269.218818491404,8,NERC,77.2727272727273
2008-01-20,2008-01-23,2008-01-21,261.377383070976,4,NERC,51.5021459227468
2008-01-21,2008-01-30,2008-01-22,261.662991385451,10,NERC,64.0
2008-02-19,2008-02-23,2008-02-20,241.755387344213,5,NERC,45.1476793248945
2008-12-13,2008-12-28,2008-12-20,259.385609315187,16,NERC,59.5555555555556
2008-12-14,2008-12-18,2008-12-15,252.448734653745,5,NERC,56.9767441860465
2008-12-16,2008-12-21,2008-12-18,273.479045466469,6,NERC,75.9259259259259
2009-01-11,2009-02-07,2009-01-16,247.96821882271,28,NERC,24.2063492063492
2009-01-13,2009-01-28,2009-01-16,248.277888766791,16,NERC,70.1492537313433
2009-01-13,2009-01-20,2009-01-15,235.485582852776,8,NERC,36.9198312236287
2009-01-13,2009-01-22,2009-01-17,250.318784607052,10,NERC,86.8852459016394
2009-01-14,2009-01-22,2009-01-16,254.330779772843,9,NERC,51.6528925619835
2009-01-20,2009-01-26,2009-01-22,271.16690654983,7,NERC,57.8947368421053
2009-01-24,2009-01-30,2009-01-24,240.405791884714,7,NERC,43.2489451476793
2009-01-28,2009-01-31,2009-01-29,269.458545454937,4,NERC,36.1702127659575
2009-02-02,2009-02-06,2009-02-04,256.200618287952,5,NERC,50.0
2009-02-04,2009-02-09,2009-02-05,271.906198355823,6,NERC,71.9298245614035
2009-02-04,2009-02-07,2009-02-05,263.144346978096,4,NERC,27.8969957081545
2009-02-04,2009-02-07,2009-02-05,252.298757317776,4,NERC,90.1639344262295
2009-03-01,2009-03-05,2009-03-03,258.005849460296,5,NERC,59.2274678111588
2009-12-02,2009-12-15,2009-12-09,257.905302143087,14,NERC,74.6666666666667
2009-12-02,2009-12-12,2009-12-09,250.673073594938,11,NERC,56.9767441860465
2009-12-05,2009-12-11,2009-12-08,271.969388967862,7,NERC,79.6296296296296
2009-12-23,2009-12-28,2009-12-26,271.357090395584,6,NERC,77.2727272727273
2009-12-25,2009-12-29,2009-12-25,269.491700299627,5,NERC,39.8936170212766
2010-01-01,2010-01-15,2010-01-08,262.037219891379,15,NERC,76.5432098765432
2010-01-01,2010-01-15,2010-01-09,263.608520959728,15,NERC,45.8677685950413
2010-01-01,2010-01-15,2010-01-10,257.841288526378,15,NERC,53.7190082644628
2010-01-01,2010-01-14,2010-01-09,249.482589741531,14,NERC,38.9261744966443
2010-01-01,2010-01-15,2010-01-03,263.076327503198,15,NERC,39.0557939914163
2010-01-01,2010-01-13,2010-01-09,252.041971675727,13,NERC,55.0
2010-01-01,2010-01-11,2010-01-02,238.850472510421,11,NERC,44.9367088607595
2010-01-01,2010-01-13,2010-01-09,263.549933357065,13,NERC,67.5531914893617
2010-01-02,2010-01-15,2010-01-11,272.184032607605,14,NERC,91.2280701754386
2010-02-13,2010-02-18,2010-02-16,268.663119996318,6,NERC,74.0740740740741
2010-02-16,2010-02-19,2010-02-16,267.339748621559,4,NERC,38.0165289256198
2010-11-22,2010-11-30,2010-11-24,256.649858926089,9,NERC,71.1111111111111
2010-12-05,2010-12-16,2010-12-10,263.491944095888,12,NERC,39.2561983471074
2010-12-06,2010-12-20,2010-12-14,269.957062744474,15,NERC,40.3508771929825
2010-12-07,2010-12-10,2010-12-08,264.648124725792,4,NERC,47.2103004291846
2010-12-13,2010-12-16,2010-12-14,258.721019161589,4,NERC,48.3471074380165
2010-12-24,2010-12-30,2010-12-28,271.915826606883,7,NERC,75.4385964912281
2010-12-26,2010-12-29,2010-12-27,267.742688977701,4,NERC,29.3388429752066
2011-01-01,2011-01-06,2011-01-01,260.009716428447,6,NERC,71.1111111111111
2011-01-01,2011-01-11,2011-01-01,267.167154997586,11,NERC,81.8181818181818
2011-01-07,2011-01-17,2011-01-13,263.071005654734,11,NERC,40.9090909090909
2011-01-09,2011-01-13,2011-01-11,253.486317526365,5,NERC,58.1395348837209
2011-01-10,2011-01-14,2011-01-12,258.260698293035,5,NERC,51.25
2011-01-10,2011-01-14,2011-01-12,267.42487296797,5,NERC,50.0
2011-01-11,2011-01-15,2011-01-13,266.875487374978,5,NERC,70.9876543209877
2011-01-12,2011-01-16,2011-01-14,263.817869604567,5,NERC,42.9184549356223
2011-01-12,2011-01-15,2011-01-13,260.106079584917,4,NERC,21.4876033057851
2011-01-21,2011-01-26,2011-01-22,252.307071361526,6,NERC,43.8492063492064
2011-01-22,2011-01-27,2011-01-24,245.557277705053,6,NERC,79.1044776119403
2011-01-22,2011-01-27,2011-01-24,248.633071580128,6,NERC,88.5245901639344
2011-01-22,2011-01-24,2011-01-23,265.62799764311,3,NERC,45.0643776824034
2011-01-30,2011-02-14,2011-02-03,249.691609467874,16,NERC,47.8125
2011-01-30,2011-02-12,2011-02-03,264.064809711814,14,NERC,79.5454545454546
2011-01-31,2011-02-04,2011-02-02,247.227554514962,5,NERC,88.3720930232558
2011-02-01,2011-02-13,2011-02-03,260.579529121151,13,NERC,85.6382978723404
2011-02-02,2011-02-14,2011-02-02,265.786106813435,13,NERC,66.6666666666667
2011-02-06,2011-02-12,2011-02-10,247.079547401366,7,NERC,53.6912751677852
2011-02-06,2011-02-12,2011-02-09,249.400764724936,7,NERC,51.1627906976744
2011-02-07,2011-02-11,2011-02-08,240.970932305213,5,NERC,53.7974683544304
2011-02-08,2011-02-13,2011-02-10,251.371102616121,6,NERC,41.0714285714286
2011-02-20,2011-02-24,2011-02-20,274.46761519735,5,NERC,77.7777777777778
2011-12-04,2011-12-10,2011-12-06,269.141181750811,7,NERC,81.8181818181818
2012-01-03,2012-01-07,2012-01-04,271.783621300109,5,NERC,70.1754385964912
2013-01-01,2013-01-21,2013-01-11,266.597999054629,21,NERC,77.2727272727273
2013-01-01,2013-01-05,2013-01-03,263.436481699349,5,NERC,78.2222222222222
2013-01-10,2013-01-18,2013-01-14,271.184774106862,9,NERC,68.5185185185185
2013-01-11,2013-01-22,2013-01-13,259.617864017388,12,NERC,68.0
2013-01-11,2013-01-17,2013-01-15,252.937278937629,7,NERC,63.953488372093
2013-01-22,2013-01-28,2013-01-24,251.782882691707,7,NERC,68.6567164179105
2013-01-23,2013-01-28,2013-01-23,254.927279681567,6,NERC,85.2459016393443
2013-02-08,2013-02-12,2013-02-09,273.873633071221,5,NERC,57.4074074074074
2013-12-03,2013-12-14,2013-12-08,256.874958260659,12,NERC,68.8888888888889
2013-12-04,2013-12-14,2013-12-09,271.778356962566,11,NERC,77.7777777777778
2013-12-04,2013-12-12,2013-12-06,250.973601847002,9,NERC,80.2325581395349
2013-12-05,2013-12-12,2013-12-07,257.12943165627,8,NERC,52.1875
2013-12-06,2013-12-15,2013-12-07,265.941739312254,10,NERC,56.3829787234043
2013-12-10,2013-12-13,2013-12-12,269.059821975352,4,NERC,54.9382716049383
2014-01-01,2014-01-05,2014-01-04,246.578848805829,5,NERC,67.1641791044776
2014-01-01,2014-01-09,2014-01-07,251.332736016929,9,NERC,54.1322314049587
2014-01-01,2014-01-09,2014-01-06,262.624921080496,9,NERC,71.6049382716049
2014-01-01,2014-01-10,2014-01-05,237.07010023366,10,NERC,36.0759493670886
2014-01-02,2014-01-10,2014-01-07,246.379652340764,9,NERC,27.1825396825397
2014-01-03,2014-01-09,2014-01-07,257.455166485119,7,NERC,71.4876033057851
2014-01-05,2014-01-10,2014-01-06,251.759853276291,6,NERC,47.5
2014-01-15,2014-02-01,2014-01-24,253.685051709686,18,NERC,35.9504132231405
2014-01-15,2014-02-01,2014-01-24,261.92967421249,18,NERC,44.2148760330579
2014-01-16,2014-02-01,2014-01-30,258.719325650115,17,NERC,47.2103004291846
2014-01-18,2014-02-20,2014-01-28,248.345482529699,34,NERC,9.32539682539683
2014-01-18,2014-01-31,2014-01-29,264.065539525071,14,NERC,73.4567901234568
2014-01-21,2014-01-31,2014-01-28,249.852285610942,11,NERC,44.9664429530201
2014-01-21,2014-01-30,2014-01-29,265.651339194825,10,NERC,54.7872340425532
2014-01-22,2014-01-30,2014-01-22,254.560830638288,9,NERC,85.2459016393443
2014-01-22,2014-01-26,2014-01-23,253.767379064003,5,NERC,70.1492537313433
2014-01-27,2014-02-03,2014-01-28,238.950289376924,8,NERC,40.7172995780591
2014-01-27,2014-01-29,2014-01-28,258.528507602845,3,NERC,45.625
2014-02-01,2014-02-11,2014-02-06,248.45017463553,11,NERC,58.1395348837209
2014-02-01,2014-02-10,2014-02-05,258.886938578604,10,NERC,52.4444444444445
2014-02-05,2014-02-13,2014-02-10,240.417588756006,9,NERC,41.3502109704641
2014-02-05,2014-02-13,2014-02-06,266.544317917822,9,NERC,60.6382978723404
2014-02-05,2014-02-14,2014-02-06,254.879698203084,10,NERC,35.0
2014-02-06,2014-02-13,2014-02-12,252.135180559863,8,NERC,85.2459016393443
2014-02-10,2014-02-17,2014-02-11,247.9624522696,8,NERC,54.3624161073826
2014-02-24,2014-03-05,2014-03-03,241.849437222711,10,NERC,43.0379746835443
2014-02-25,2014-03-07,2014-02-28,251.123487751596,11,NERC,41.468253968254
2014-03-02,2014-03-05,2014-03-03,254.849972160646,4,NERC,54.6875
2014-03-03,2014-03-06,2014-03-04,267.06411897175,4,NERC,56.7901234567901
2014-12-25,2014-12-31,2014-12-27,271.412740816658,7,NERC,65.9090909090909
2014-12-26,2014-12-31,2014-12-31,248.587349840583,6,NERC,63.953488372093
2015-01-01,2015-01-05,2015-01-01,270.260015597158,5,NERC,86.3636363636364
2015-01-04,2015-01-11,2015-01-08,256.189338078181,8,NERC,46.5625
2015-01-05,2015-01-11,2015-01-08,262.925279558657,7,NERC,72.8395061728395
2015-01-05,2015-01-11,2015-01-08,250.609166519192,7,NERC,48.993288590604
2015-01-05,2015-01-11,2015-01-08,259.460447461206,7,NERC,53.2188841201717
2015-01-05,2015-01-11,2015-01-08,261.031402881853,7,NERC,49.5867768595041
2015-01-05,2015-01-11,2015-01-08,253.967400194029,7,NERC,52.4793388429752
2015-01-07,2015-01-15,2015-01-08,252.005120086571,9,NERC,33.9285714285714
2015-01-08,2015-01-12,2015-01-08,266.371856823552,5,NERC,55.3191489361702
2015-01-25,2015-03-03,2015-02-16,247.30558628629,38,NERC,78.6885245901639
2015-01-25,2015-02-21,2015-02-07,246.119307699132,28,NERC,79.1044776119403
2015-02-09,2015-03-09,2015-02-20,246.880708129628,29,NERC,26.984126984127
2015-02-11,2015-03-03,2015-02-19,249.225638078609,21,NERC,52.4793388429752
2015-02-11,2015-02-21,2015-02-19,263.344189636031,11,NERC,35.9504132231405
2015-02-11,2015-02-21,2015-02-20,255.408539471718,11,NERC,76.3948497854077
2015-02-16,2015-02-20,2015-02-19,267.23185374193,5,NERC,56.1728395061729
2015-02-17,2015-02-25,2015-02-19,249.175893506755,9,NERC,55.7046979865772
2015-02-23,2015-03-01,2015-02-24,245.318105859167,7,NERC,70.1492537313433
2015-03-05,2015-03-08,2015-03-06,264.024110778137,4,NERC,65.4320987654321
2015-12-15,2015-12-19,2015-12-16,270.498491234071,5,NERC,75.0
2015-12-23,2015-12-31,2015-12-26,273.719121808576,9,NERC,79.6296296296296
2015-12-24,2015-12-31,2015-12-31,261.926479343443,8,NERC,72.8888888888889
2015-12-24,2015-12-31,2015-12-27,270.187621286154,8,NERC,65.9090909090909
2016-01-01,2016-01-04,2016-01-01,261.92700042192,4,NERC,71.5555555555556
2016-02-01,2016-02-04,2016-02-03,274.718941788369,4,NERC,68.5185185185185
2016-02-02,2016-02-07,2016-02-03,270.126123033321,6,NERC,81.8181818181818
2016-02-09,2016-02-15,2016-02-14,246.315898549572,7,NERC,74.6268656716418
2016-02-11,2016-02-15,2016-02-14,253.331353580928,5,NERC,34.3253968253968
2016-02-11,2016-02-15,2016-02-14,249.040251201191,5,NERC,88.5245901639344
2016-12-16,2016-12-22,2016-12-17,259.058004340307,7,NERC,59.1111111111111
2016-12-17,2016-12-20,2016-12-18,251.960174502636,4,NERC,60.4651162790698
2016-12-18,2016-12-21,2016-12-19,266.601486606278,4,NERC,55.3191489361702
2017-01-01,2017-01-08,2017-01-06,258.084609892242,8,NERC,75.1111111111111
2017-01-03,2017-01-08,2017-01-06,251.732832409934,6,NERC,55.8139534883721
2017-01-04,2017-01-09,2017-01-07,264.931336140332,6,NERC,64.8936170212766
2017-01-04,2017-01-09,2017-01-07,264.483563842377,6,NERC,68.5185185185185
2017-01-04,2017-01-08,2017-01-06,242.979196208964,5,NERC,50.8438818565401
2017-01-05,2017-01-08,2017-01-07,254.512576719355,4,NERC,51.6778523489933
2017-01-05,2017-01-11,2017-01-09,257.446521145112,7,NERC,56.2231759656653
2017-01-06,2017-01-10,2017-01-08,264.859002368337,5,NERC,41.7355371900826
2017-01-06,2017-01-10,2017-01-08,258.261219655625,5,NERC,36.7768595041322
2017-01-11,2017-01-17,2017-01-12,262.910607382567,7,NERC,63.5555555555556
2017-01-24,2017-01-29,2017-01-27,271.303527419886,6,NERC,77.2727272727273
2017-01-24,2017-01-27,2017-01-25,274.506944604413,4,NERC,75.9259259259259
2017-12-26,2017-12-31,2017-12-29,250.689038420383,6,NERC,74.6268656716418
2017-12-26,2017-12-31,2017-12-28,255.312366185973,6,NERC,38.2936507936508
2018-01-01,2018-01-08,2018-01-02,255.910257249925,8,NERC,61.1570247933884
2018-01-01,2018-01-08,2018-01-07,248.160228390922,8,NERC,88.5245901639344
2018-01-01,2018-01-09,2018-01-07,252.103956102277,9,NERC,25.7936507936508
2018-01-01,2018-01-08,2018-01-02,263.069867085215,8,NERC,72.7272727272727
2018-01-01,2018-01-10,2018-01-07,257.568805231169,10,NERC,48.068669527897
2018-01-01,2018-01-06,2018-01-01,265.569204714096,6,NERC,73.936170212766
2018-01-01,2018-01-07,2018-01-01,254.51058230265,7,NERC,42.8125
2018-01-01,2018-01-07,2018-01-02,263.318975787159,7,NERC,87.6543209876543
2018-01-03,2018-01-08,2018-01-05,273.028348980254,6,NERC,71.9298245614035
2018-01-04,2018-01-10,2018-01-07,245.442046710748,7,NERC,65.6716417910448
2018-01-12,2018-01-20,2018-01-17,254.129187417294,9,NERC,61.9834710743802
2018-01-12,2018-01-19,2018-01-17,262.687326380381,8,NERC,73.936170212766
2018-01-12,2018-01-20,2018-01-17,260.727198964557,9,NERC,83.9506172839506
2018-01-13,2018-01-21,2018-01-18,263.686576141983,9,NERC,24.7933884297521
2018-02-19,2018-03-01,2018-02-20,260.515560766511,11,NERC,64.0
2018-02-19,2018-03-06,2018-02-20,271.882896625894,16,NERC,57.4074074074074
2018-12-26,2018-12-31,2018-12-29,270.219607242758,6,NERC,75.0
2019-01-01,2019-01-05,2019-01-02,268.812780494198,5,NERC,81.8181818181818
2019-01-23,2019-02-02,2019-01-31,235.336982955406,11,NERC,47.6793248945148
2019-01-24,2019-02-02,2019-01-30,242.349031763328,10,NERC,44.2953020134228
2019-01-24,2019-02-02,2019-01-31,247.078399539063,10,NERC,40.0793650793651
2019-01-28,2019-02-01,2019-01-31,256.908122355114,5,NERC,51.6528925619835
2019-01-29,2019-01-31,2019-01-30,268.995957314697,3,NERC,62.962962962963
2019-01-29,2019-02-02,2019-01-31,253.200221927978,5,NERC,81.9672131147541
2019-02-05,2019-02-14,2019-02-07,261.019333275495,10,NERC,53.3333333333333
2019-02-05,2019-02-12,2019-02-06,273.522300499944,8,NERC,77.7777777777778
2019-02-17,2019-02-25,2019-02-22,273.594524399951,9,NERC,77.7777777777778
2019-02-18,2019-02-21,2019-02-18,258.247362479924,4,NERC,55.8139534883721
2019-03-03,2019-03-06,2019-03-04,268.353226246099,4,NERC,47.3404255319149
2020-01-20,2020-01-23,2020-01-20,268.097810338813,4,NERC,33.0578512396694
2020-02-03,2020-02-05,2020-02-04,274.376661970798,3,NERC,57.4074074074074
2021-02-02,2021-02-05,2021-02-03,274.49386330277,4,NERC,73.6842105263158
2021-02-03,2021-02-21,2021-02-07,237.489600149424,19,NERC,13.0801687763713
2021-02-05,2021-02-22,2021-02-16,247.869512161866,18,NERC,43.4375
2021-02-06,2021-02-22,2021-02-14,250.448937206419,17,NERC,42.9530201342282
2021-02-11,2021-02-23,2021-02-16,254.709663387726,13,NERC,62.7659574468085
2021-02-11,2021-02-21,2021-02-16,255.525445392726,11,NERC,72.8395061728395
2021-02-11,2021-02-21,2021-02-15,249.538396526567,11,NERC,50.0
2021-12-25,2021-12-31,2021-12-28,260.663894441554,7,NERC,71.1111111111111
2022-01-02,2022-01-05,2022-01-02,267.704357933869,4,NERC,21.2765957446809
2022-01-20,2022-01-24,2022-01-22,259.510729133588,5,NERC,59.9173553719008
2022-01-20,2022-01-26,2022-01-22,266.86889727491,7,NERC,64.8148148148148
2022-01-20,2022-01-24,2022-01-21,267.498898854368,5,NERC,48.936170212766
2022-01-21,2022-01-24,2022-01-22,263.63268118141,4,NERC,42.4892703862661
2022-02-02,2022-02-07,2022-02-04,256.411515310375,6,NERC,50.3125
2022-02-03,2022-02-14,2022-02-04,263.027812183007,12,NERC,47.8723404255319
2022-02-03,2022-02-07,2022-02-03,269.779386178218,5,NERC,77.2727272727273
2022-02-04,2022-02-09,2022-02-05,266.045737658646,6,NERC,69.1358024691358
2022-02-21,2022-02-27,2022-02-23,259.907123495156,7,NERC,66.6666666666667
2022-02-22,2022-02-27,2022-02-23,254.610641677897,6,NERC,70.9302325581395
2022-02-23,2022-02-27,2022-02-24,273.082478543121,5,NERC,81.4814814814815
2022-12-13,2022-12-18,2022-12-17,271.572815675678,6,NERC,75.0
2022-12-13,2022-12-24,2022-12-22,257.978665831509,12,NERC,72.4444444444444
2022-12-15,2022-12-24,2022-12-22,249.608127475451,10,NERC,61.6279069767442
2022-12-19,2022-12-27,2022-12-23,252.768837633852,9,NERC,43.125
2022-12-19,2022-12-28,2022-12-23,260.217545797025,10,NERC,37.037037037037
2022-12-20,2022-12-28,2022-12-23,261.572088732676,9,NERC,61.1702127659575
2022-12-21,2022-12-26,2022-12-23,243.700911266355,6,NERC,52.5316455696203
2022-12-22,2022-12-28,2022-12-23,246.768306916389,7,NERC,51.6778523489933
2022-12-23,2022-12-29,2022-12-24,258.413261070596,7,NERC,42.1487603305785
2022-12-23,2022-12-27,2022-12-24,252.691620226668,5,NERC,60.1190476190476
2022-12-23,2022-12-29,2022-12-24,257.724055761426,7,NERC,58.3690987124464
2022-12-23,2022-12-28,2022-12-23,251.334825963173,6,NERC,89.6694214876033
2022-12-24,2022-12-28,2022-12-25,272.96815441207,5,NERC,77.1929824561403
2023-01-14,2023-01-17,2023-01-15,273.967296263752,4,NERC,71.9298245614035
2023-01-19,2023-01-28,2023-01-23,272.098045727851,10,NERC,81.8181818181818
2023-01-29,2023-02-03,2023-01-30,259.91838063771,6,NERC,71.1111111111111
2023-01-29,2023-02-02,2023-01-30,253.356086199534,5,NERC,65.1162790697675
2023-02-15,2023-02-18,2023-02-16,270.242591813845,4,NERC,72.7272727272727
2023-02-22,2023-02-27,2023-02-23,260.058081867255,6,NERC,68.8888888888889
2024-01-06,2024-01-14,2024-01-09,270.251732881395,9,NERC,79.5454545454546
2024-01-08,2024-01-20,2024-01-16,249.656449847164,13,NERC,55.8139534883721
2024-01-09,2024-01-22,2024-01-16,262.177650795405,14,NERC,59.5744680851064
2024-01-09,2024-01-22,2024-01-14,251.047469862052,14,NERC,58.75
2024-01-09,2024-01-19,2024-01-13,257.960844226203,11,NERC,57.3333333333333
2024-01-10,2024-01-22,2024-01-14,244.576925620798,13,NERC,43.6241610738255
2024-01-13,2024-01-22,2024-01-16,262.081031622403,10,NERC,87.037037037037
2024-01-13,2024-01-21,2024-01-15,241.164717392249,9,NERC,65.6118143459916
2024-01-13,2024-01-22,2024-01-17,253.29476920331,10,NERC,92.1487603305785
2024-01-13,2024-01-22,2024-01-21,263.633368540505,10,NERC,40.495867768595
2024-01-20,2024-01-22,2024-01-21,263.389371052602,3,NERC,32.1888412017167
